seed,duration,num_tries,num_input_toks,num_output_toks
0,46.07349348068237,50,30438,224
1,47.84891724586487,50,30438,276
