seed,duration,num_tries,num_input_toks,num_output_toks
0,4.248714923858643,1,528,95
1,3.2174835205078125,1,528,63
