seed,duration,num_tries,num_input_toks,num_output_toks
0,4.796095371246338,1,528,105
1,5.4846351146698,1,528,258
