seed,duration,num_tries,num_input_toks,num_output_toks
0,35.29014205932617,50,26750,224
1,37.94760060310364,50,26750,276
