seed,duration,num_tries,num_input_toks,num_output_toks
0,44.60953736305237,50,30438,203
1,43.595741271972656,50,30438,236
