seed,duration,num_tries,num_input_toks,num_output_toks
0,62.17971658706665,69,26750,162
1,42.873093128204346,58,26750,179
