run_id,baseline,metric,attempted_draws,completed_draws,defined_draws,observed,reference_mean,observed_minus_reference_mean,reference_p025,reference_p975,evidence_type
revision896_f2c6b9696988_global_gpt-4.1_us_english_s0,degree_preserving_rewire,density,20,20,20,0.06775510204081632,0.0677551020408163,1.3877787807814457e-17,0.06775510204081632,0.06775510204081632,descriptive_reference_not_treatment_CI
revision896_f2c6b9696988_global_gpt-4.1_us_english_s0,degree_preserving_rewire,avg_clustering_coef,20,20,20,0.5730476190476189,0.05231904761904763,0.5207285714285713,0.012004761904761903,0.10019285714285714,descriptive_reference_not_treatment_CI
revision896_f2c6b9696988_global_gpt-4.1_us_english_s0,degree_preserving_rewire,prop_nodes_lcc,20,20,20,0.24,0.9600000000000002,-0.7200000000000002,0.96,0.96,descriptive_reference_not_treatment_CI
revision896_f2c6b9696988_global_gpt-4.1_us_english_s0,degree_preserving_rewire,global_efficiency,20,20,20,0.11136054421768707,0.3437160349854271,-0.23235549076774,0.3304995626822195,0.3518261904761954,descriptive_reference_not_treatment_CI
revision896_f2c6b9696988_global_gpt-4.1_us_english_s0,degree_preserving_rewire,num_components,20,20,20,7.0,3.0,4.0,3.0,3.0,descriptive_reference_not_treatment_CI
revision896_f2c6b9696988_global_gpt-4.1_us_english_s0,degree_preserving_rewire,modularity,20,20,20,0.7980839018725504,0.4768834373639135,0.32120046450863693,0.45215742488024385,0.515573740746117,descriptive_reference_not_treatment_CI
revision896_f2c6b9696988_global_gpt-4.1_us_english_s0,degree_preserving_rewire,radius_lcc,20,20,20,3.0,4.1,-1.0999999999999996,4.0,5.0,descriptive_reference_not_treatment_CI
revision896_f2c6b9696988_global_gpt-4.1_us_english_s0,degree_preserving_rewire,diameter_lcc,20,20,20,5.0,6.65,-1.6500000000000004,5.475,8.0,descriptive_reference_not_treatment_CI
revision896_f2c6b9696988_global_gpt-4.1_us_english_s0,degree_preserving_rewire,avg_shortest_path_lcc,20,20,20,2.893939393939394,3.2133865248226954,-0.31944713088330134,3.0853945035460995,3.4114140070921986,descriptive_reference_not_treatment_CI
revision896_f2c6b9696988_global_gpt-4.1_us_english_s0,degree_preserving_rewire,degree_one_share,20,20,20,0.04,0.04000000000000001,-6.938893903907228e-18,0.04,0.04,descriptive_reference_not_treatment_CI
revision896_f2c6b9696988_global_gpt-4.1_us_english_s0,degree_preserving_rewire,isolate_share,20,20,20,0.04,0.04000000000000001,-6.938893903907228e-18,0.04,0.04,descriptive_reference_not_treatment_CI
revision896_f2c6b9696988_global_gpt-4.1_us_english_s0,degree_preserving_rewire,degree_gini,20,20,20,0.2457831325301205,0.24578313253012046,2.7755575615628914e-17,0.2457831325301205,0.2457831325301205,descriptive_reference_not_treatment_CI
revision896_f2c6b9696988_global_gpt-4.1_us_english_s0,degree_preserving_rewire,coleman_gender,20,20,20,0.0739488480867791,0.014055829228242977,0.059893018858536116,-0.1426773896601483,0.13487398616708954,descriptive_reference_not_treatment_CI
revision896_f2c6b9696988_global_gpt-4.1_us_english_s0,degree_preserving_rewire,coleman_religion,20,20,20,0.982373678025852,-0.02920211580287383,1.0115757938287258,-0.11696317402213427,0.07043784166031011,descriptive_reference_not_treatment_CI
revision896_f2c6b9696988_global_gpt-4.1_us_english_s0,degree_preserving_rewire,coleman_political orientation,20,20,20,0.5350853304284677,-0.03873405212253256,0.5738193825510003,-0.18262785122466502,0.09584478362051885,descriptive_reference_not_treatment_CI
revision896_f2c6b9696988_global_gpt-4.1_us_english_s0,degree_preserving_rewire,age_assortativity,20,20,20,0.09026736696654696,0.025903505709127223,0.06436386125741973,-0.1603915971443229,0.14609593340712704,descriptive_reference_not_treatment_CI
revision896_f2c6b9696988_global_gpt-4.1_us_english_s0,equal_weight_demographic_similarity,density,1,1,1,0.06775510204081632,0.06775510204081632,0.0,,,descriptive_reference_not_treatment_CI
revision896_f2c6b9696988_global_gpt-4.1_us_english_s0,equal_weight_demographic_similarity,avg_clustering_coef,1,1,1,0.5730476190476189,0.30800000000000005,0.26504761904761887,,,descriptive_reference_not_treatment_CI
revision896_f2c6b9696988_global_gpt-4.1_us_english_s0,equal_weight_demographic_similarity,prop_nodes_lcc,1,1,1,0.24,0.94,-0.7,,,descriptive_reference_not_treatment_CI
revision896_f2c6b9696988_global_gpt-4.1_us_english_s0,equal_weight_demographic_similarity,global_efficiency,1,1,1,0.11136054421768707,0.2807810171687733,-0.16942047295108623,,,descriptive_reference_not_treatment_CI
revision896_f2c6b9696988_global_gpt-4.1_us_english_s0,equal_weight_demographic_similarity,num_components,1,1,1,7.0,3.0,4.0,,,descriptive_reference_not_treatment_CI
revision896_f2c6b9696988_global_gpt-4.1_us_english_s0,equal_weight_demographic_similarity,modularity,1,1,1,0.7980839018725504,0.6502395122659311,0.14784438960661928,,,descriptive_reference_not_treatment_CI
revision896_f2c6b9696988_global_gpt-4.1_us_english_s0,equal_weight_demographic_similarity,radius_lcc,1,1,1,3.0,6.0,-3.0,,,descriptive_reference_not_treatment_CI
revision896_f2c6b9696988_global_gpt-4.1_us_english_s0,equal_weight_demographic_similarity,diameter_lcc,1,1,1,5.0,9.0,-4.0,,,descriptive_reference_not_treatment_CI
revision896_f2c6b9696988_global_gpt-4.1_us_english_s0,equal_weight_demographic_similarity,avg_shortest_path_lcc,1,1,1,2.893939393939394,4.216466234967623,-1.3225268410282287,,,descriptive_reference_not_treatment_CI
revision896_f2c6b9696988_global_gpt-4.1_us_english_s0,equal_weight_demographic_similarity,degree_one_share,1,1,1,0.04,0.06,-0.019999999999999997,,,descriptive_reference_not_treatment_CI
revision896_f2c6b9696988_global_gpt-4.1_us_english_s0,equal_weight_demographic_similarity,isolate_share,1,1,1,0.04,0.02,0.02,,,descriptive_reference_not_treatment_CI
revision896_f2c6b9696988_global_gpt-4.1_us_english_s0,equal_weight_demographic_similarity,degree_gini,1,1,1,0.2457831325301205,0.23734939759036144,0.008433734939759047,,,descriptive_reference_not_treatment_CI
revision896_f2c6b9696988_global_gpt-4.1_us_english_s0,equal_weight_demographic_similarity,coleman_gender,1,1,1,0.0739488480867791,0.7782707355242566,-0.7043218874374775,,,descriptive_reference_not_treatment_CI
revision896_f2c6b9696988_global_gpt-4.1_us_english_s0,equal_weight_demographic_similarity,coleman_religion,1,1,1,0.982373678025852,0.5833347017467037,0.3990389762791483,,,descriptive_reference_not_treatment_CI
revision896_f2c6b9696988_global_gpt-4.1_us_english_s0,equal_weight_demographic_similarity,coleman_political orientation,1,1,1,0.5350853304284677,0.8011578509219279,-0.2660725204934602,,,descriptive_reference_not_treatment_CI
revision896_f2c6b9696988_global_gpt-4.1_us_english_s0,equal_weight_demographic_similarity,age_assortativity,1,1,1,0.09026736696654696,0.42131510278023704,-0.33104773581369007,,,descriptive_reference_not_treatment_CI
revision896_f2c6b9696988_global_gpt-4.1_us_english_s0,uniform_edge_count,density,20,20,20,0.06775510204081632,0.0677551020408163,1.3877787807814457e-17,0.06775510204081632,0.06775510204081632,descriptive_reference_not_treatment_CI
revision896_f2c6b9696988_global_gpt-4.1_us_english_s0,uniform_edge_count,avg_clustering_coef,20,20,20,0.5730476190476189,0.054305555555555565,0.5187420634920633,0.018104761904761905,0.09193809523809521,descriptive_reference_not_treatment_CI
revision896_f2c6b9696988_global_gpt-4.1_us_english_s0,uniform_edge_count,prop_nodes_lcc,20,20,20,0.24,0.966,-0.726,0.9095,1.0,descriptive_reference_not_treatment_CI
revision896_f2c6b9696988_global_gpt-4.1_us_english_s0,uniform_edge_count,global_efficiency,20,20,20,0.11136054421768707,0.34799305150632115,-0.23663250728863408,0.32491496598639746,0.36226802721088985,descriptive_reference_not_treatment_CI
revision896_f2c6b9696988_global_gpt-4.1_us_english_s0,uniform_edge_count,num_components,20,20,20,7.0,2.45,4.55,1.0,4.049999999999997,descriptive_reference_not_treatment_CI
revision896_f2c6b9696988_global_gpt-4.1_us_english_s0,uniform_edge_count,modularity,20,20,20,0.7980839018725504,0.46719770648860504,0.33088619538394537,0.42756749891130785,0.49828168094062997,descriptive_reference_not_treatment_CI
revision896_f2c6b9696988_global_gpt-4.1_us_english_s0,uniform_edge_count,radius_lcc,20,20,20,3.0,4.1,-1.0999999999999996,4.0,5.0,descriptive_reference_not_treatment_CI
revision896_f2c6b9696988_global_gpt-4.1_us_english_s0,uniform_edge_count,diameter_lcc,20,20,20,5.0,6.9,-1.9000000000000004,6.0,8.0,descriptive_reference_not_treatment_CI
revision896_f2c6b9696988_global_gpt-4.1_us_english_s0,uniform_edge_count,avg_shortest_path_lcc,20,20,20,2.893939393939394,3.2283155534464507,-0.3343761595070567,3.0453886693017127,3.4443852040816325,descriptive_reference_not_treatment_CI
revision896_f2c6b9696988_global_gpt-4.1_us_english_s0,uniform_edge_count,degree_one_share,20,20,20,0.04,0.11600000000000003,-0.07600000000000004,0.04,0.18,descriptive_reference_not_treatment_CI
revision896_f2c6b9696988_global_gpt-4.1_us_english_s0,uniform_edge_count,isolate_share,20,20,20,0.04,0.025,0.015,0.0,0.06099999999999994,descriptive_reference_not_treatment_CI
revision896_f2c6b9696988_global_gpt-4.1_us_english_s0,uniform_edge_count,degree_gini,20,20,20,0.2457831325301205,0.2836746987951807,-0.03789156626506021,0.2488975903614458,0.3151987951807229,descriptive_reference_not_treatment_CI
revision896_f2c6b9696988_global_gpt-4.1_us_english_s0,uniform_edge_count,coleman_gender,20,20,20,0.0739488480867791,-0.00950457762373162,0.08345342571051072,-0.1275979969465539,0.108403805207893,descriptive_reference_not_treatment_CI
revision896_f2c6b9696988_global_gpt-4.1_us_english_s0,uniform_edge_count,coleman_religion,20,20,20,0.982373678025852,-0.020117211648357558,1.0024908896742095,-0.09205904110509375,0.06240501236277561,descriptive_reference_not_treatment_CI
revision896_f2c6b9696988_global_gpt-4.1_us_english_s0,uniform_edge_count,coleman_political orientation,20,20,20,0.5350853304284677,-0.009521426499955432,0.5446067569284232,-0.1048653124515888,0.1221699546033241,descriptive_reference_not_treatment_CI
revision896_f2c6b9696988_global_gpt-4.1_us_english_s0,uniform_edge_count,age_assortativity,20,20,20,0.09026736696654696,-0.025600226895687216,0.11586759386223416,-0.1537596128968283,0.09911763151934877,descriptive_reference_not_treatment_CI
revision896_f2c6b9696988_global_gpt-5.6-luna_us_english_s0,degree_preserving_rewire,density,20,20,20,0.09959183673469388,0.09959183673469389,-1.3877787807814457e-17,0.09959183673469388,0.09959183673469388,descriptive_reference_not_treatment_CI
revision896_f2c6b9696988_global_gpt-5.6-luna_us_english_s0,degree_preserving_rewire,avg_clustering_coef,20,20,20,0.3231428571428572,0.07254285714285716,0.25060000000000004,0.03782619047619048,0.09762380952380953,descriptive_reference_not_treatment_CI
revision896_f2c6b9696988_global_gpt-5.6-luna_us_english_s0,degree_preserving_rewire,prop_nodes_lcc,20,20,20,1.0,1.0,0.0,1.0,1.0,descriptive_reference_not_treatment_CI
revision896_f2c6b9696988_global_gpt-5.6-luna_us_english_s0,degree_preserving_rewire,global_efficiency,20,20,20,0.4010340136054478,0.44509931972789535,-0.04406530612244752,0.44050544217687465,0.44910374149660237,descriptive_reference_not_treatment_CI
revision896_f2c6b9696988_global_gpt-5.6-luna_us_english_s0,degree_preserving_rewire,num_components,20,20,20,1.0,1.0,0.0,1.0,1.0,descriptive_reference_not_treatment_CI
revision896_f2c6b9696988_global_gpt-5.6-luna_us_english_s0,degree_preserving_rewire,modularity,20,20,20,0.5227089492072023,0.3776236226820747,0.14508532652512762,0.35010665815640957,0.40378762429454446,descriptive_reference_not_treatment_CI
revision896_f2c6b9696988_global_gpt-5.6-luna_us_english_s0,degree_preserving_rewire,radius_lcc,20,20,20,4.0,3.3,0.7000000000000002,3.0,4.0,descriptive_reference_not_treatment_CI
revision896_f2c6b9696988_global_gpt-5.6-luna_us_english_s0,degree_preserving_rewire,diameter_lcc,20,20,20,6.0,4.3,1.7000000000000002,4.0,5.0,descriptive_reference_not_treatment_CI
revision896_f2c6b9696988_global_gpt-5.6-luna_us_english_s0,degree_preserving_rewire,avg_shortest_path_lcc,20,20,20,3.0187755102040814,2.580163265306122,0.43861224489795925,2.5467755102040814,2.6272448979591836,descriptive_reference_not_treatment_CI
revision896_f2c6b9696988_global_gpt-5.6-luna_us_english_s0,degree_preserving_rewire,degree_one_share,20,20,20,0.0,0.0,0.0,0.0,0.0,descriptive_reference_not_treatment_CI
revision896_f2c6b9696988_global_gpt-5.6-luna_us_english_s0,degree_preserving_rewire,isolate_share,20,20,20,0.0,0.0,0.0,0.0,0.0,descriptive_reference_not_treatment_CI
revision896_f2c6b9696988_global_gpt-5.6-luna_us_english_s0,degree_preserving_rewire,degree_gini,20,20,20,0.10508196721311476,0.10508196721311476,0.0,0.10508196721311476,0.10508196721311476,descriptive_reference_not_treatment_CI
revision896_f2c6b9696988_global_gpt-5.6-luna_us_english_s0,degree_preserving_rewire,coleman_gender,20,20,20,0.5287081339712919,-0.042424774056353046,0.5711329080276449,-0.1499627857522595,0.10363840155945411,descriptive_reference_not_treatment_CI
revision896_f2c6b9696988_global_gpt-5.6-luna_us_english_s0,degree_preserving_rewire,coleman_religion,20,20,20,0.46944586530264276,-0.01468584825234443,0.4841317135549872,-0.07241751918158569,0.03734889173060525,descriptive_reference_not_treatment_CI
revision896_f2c6b9696988_global_gpt-5.6-luna_us_english_s0,degree_preserving_rewire,coleman_political orientation,20,20,20,0.6094543741602567,-0.021287115992998377,0.6307414901532551,-0.08709739150915626,0.07400122047180858,descriptive_reference_not_treatment_CI
revision896_f2c6b9696988_global_gpt-5.6-luna_us_english_s0,degree_preserving_rewire,age_assortativity,20,20,20,0.5545295163706804,-0.01896285780722037,0.5734923741779008,-0.1857040112194195,0.14700461552486277,descriptive_reference_not_treatment_CI
revision896_f2c6b9696988_global_gpt-5.6-luna_us_english_s0,equal_weight_demographic_similarity,density,1,1,1,0.09959183673469388,0.09959183673469388,0.0,,,descriptive_reference_not_treatment_CI
revision896_f2c6b9696988_global_gpt-5.6-luna_us_english_s0,equal_weight_demographic_similarity,avg_clustering_coef,1,1,1,0.3231428571428572,0.40119047619047615,-0.07804761904761898,,,descriptive_reference_not_treatment_CI
revision896_f2c6b9696988_global_gpt-5.6-luna_us_english_s0,equal_weight_demographic_similarity,prop_nodes_lcc,1,1,1,1.0,0.98,0.020000000000000018,,,descriptive_reference_not_treatment_CI
revision896_f2c6b9696988_global_gpt-5.6-luna_us_english_s0,equal_weight_demographic_similarity,global_efficiency,1,1,1,0.4010340136054478,0.36843343051506755,0.032600583090380275,,,descriptive_reference_not_treatment_CI
revision896_f2c6b9696988_global_gpt-5.6-luna_us_english_s0,equal_weight_demographic_similarity,num_components,1,1,1,1.0,2.0,-1.0,,,descriptive_reference_not_treatment_CI
revision896_f2c6b9696988_global_gpt-5.6-luna_us_english_s0,equal_weight_demographic_similarity,modularity,1,1,1,0.5227089492072023,0.5879131953775867,-0.06520424617038434,,,descriptive_reference_not_treatment_CI
revision896_f2c6b9696988_global_gpt-5.6-luna_us_english_s0,equal_weight_demographic_similarity,radius_lcc,1,1,1,4.0,4.0,0.0,,,descriptive_reference_not_treatment_CI
revision896_f2c6b9696988_global_gpt-5.6-luna_us_english_s0,equal_weight_demographic_similarity,diameter_lcc,1,1,1,6.0,7.0,-1.0,,,descriptive_reference_not_treatment_CI
revision896_f2c6b9696988_global_gpt-5.6-luna_us_english_s0,equal_weight_demographic_similarity,avg_shortest_path_lcc,1,1,1,3.0187755102040814,3.336734693877551,-0.3179591836734694,,,descriptive_reference_not_treatment_CI
revision896_f2c6b9696988_global_gpt-5.6-luna_us_english_s0,equal_weight_demographic_similarity,degree_one_share,1,1,1,0.0,0.02,-0.02,,,descriptive_reference_not_treatment_CI
revision896_f2c6b9696988_global_gpt-5.6-luna_us_english_s0,equal_weight_demographic_similarity,isolate_share,1,1,1,0.0,0.02,-0.02,,,descriptive_reference_not_treatment_CI
revision896_f2c6b9696988_global_gpt-5.6-luna_us_english_s0,equal_weight_demographic_similarity,degree_gini,1,1,1,0.10508196721311476,0.24114754098360655,-0.13606557377049178,,,descriptive_reference_not_treatment_CI
revision896_f2c6b9696988_global_gpt-5.6-luna_us_english_s0,equal_weight_demographic_similarity,coleman_gender,1,1,1,0.5287081339712919,0.7010663914688683,-0.17235825749757638,,,descriptive_reference_not_treatment_CI
revision896_f2c6b9696988_global_gpt-5.6-luna_us_english_s0,equal_weight_demographic_similarity,coleman_religion,1,1,1,0.46944586530264276,0.48016686374983575,-0.010720998447192986,,,descriptive_reference_not_treatment_CI
revision896_f2c6b9696988_global_gpt-5.6-luna_us_english_s0,equal_weight_demographic_similarity,coleman_political orientation,1,1,1,0.6094543741602567,0.8032497977778416,-0.19379542361758484,,,descriptive_reference_not_treatment_CI
revision896_f2c6b9696988_global_gpt-5.6-luna_us_english_s0,equal_weight_demographic_similarity,age_assortativity,1,1,1,0.5545295163706804,0.5183430172496863,0.03618649912099403,,,descriptive_reference_not_treatment_CI
revision896_f2c6b9696988_global_gpt-5.6-luna_us_english_s0,uniform_edge_count,density,20,20,20,0.09959183673469388,0.09959183673469389,-1.3877787807814457e-17,0.09959183673469388,0.09959183673469388,descriptive_reference_not_treatment_CI
revision896_f2c6b9696988_global_gpt-5.6-luna_us_english_s0,uniform_edge_count,avg_clustering_coef,20,20,20,0.3231428571428572,0.09168881673881674,0.23145404040404044,0.054185786435786434,0.12386666666666668,descriptive_reference_not_treatment_CI
revision896_f2c6b9696988_global_gpt-5.6-luna_us_english_s0,uniform_edge_count,prop_nodes_lcc,20,20,20,1.0,0.992,0.008000000000000007,0.959,1.0,descriptive_reference_not_treatment_CI
revision896_f2c6b9696988_global_gpt-5.6-luna_us_english_s0,uniform_edge_count,global_efficiency,20,20,20,0.4010340136054478,0.44160068027211297,-0.04056666666666514,0.42006258503401855,0.44998979591837135,descriptive_reference_not_treatment_CI
revision896_f2c6b9696988_global_gpt-5.6-luna_us_english_s0,uniform_edge_count,num_components,20,20,20,1.0,1.35,-0.3500000000000001,1.0,2.5249999999999986,descriptive_reference_not_treatment_CI
revision896_f2c6b9696988_global_gpt-5.6-luna_us_english_s0,uniform_edge_count,modularity,20,20,20,0.5227089492072023,0.3647708949207202,0.15793805428648217,0.33920401101854336,0.39432276269819944,descriptive_reference_not_treatment_CI
revision896_f2c6b9696988_global_gpt-5.6-luna_us_english_s0,uniform_edge_count,radius_lcc,20,20,20,4.0,3.05,0.9500000000000002,3.0,3.5249999999999986,descriptive_reference_not_treatment_CI
revision896_f2c6b9696988_global_gpt-5.6-luna_us_english_s0,uniform_edge_count,diameter_lcc,20,20,20,6.0,5.25,0.75,4.475,6.0,descriptive_reference_not_treatment_CI
revision896_f2c6b9696988_global_gpt-5.6-luna_us_english_s0,uniform_edge_count,avg_shortest_path_lcc,20,20,20,3.0187755102040814,2.5755379136853636,0.44323759651871786,2.480258637914,2.653877551020408,descriptive_reference_not_treatment_CI
revision896_f2c6b9696988_global_gpt-5.6-luna_us_english_s0,uniform_edge_count,degree_one_share,20,20,20,0.0,0.03300000000000001,-0.03300000000000001,0.0,0.06,descriptive_reference_not_treatment_CI
revision896_f2c6b9696988_global_gpt-5.6-luna_us_english_s0,uniform_edge_count,isolate_share,20,20,20,0.0,0.006,-0.006,0.0,0.02,descriptive_reference_not_treatment_CI
revision896_f2c6b9696988_global_gpt-5.6-luna_us_english_s0,uniform_edge_count,degree_gini,20,20,20,0.10508196721311476,0.2324426229508197,-0.12736065573770494,0.19710655737704919,0.2665327868852459,descriptive_reference_not_treatment_CI
revision896_f2c6b9696988_global_gpt-5.6-luna_us_english_s0,uniform_edge_count,coleman_gender,20,20,20,0.5287081339712919,-0.029287667505249044,0.5579958014765409,-0.12353152492897115,0.11422017099915632,descriptive_reference_not_treatment_CI
revision896_f2c6b9696988_global_gpt-5.6-luna_us_english_s0,uniform_edge_count,coleman_religion,20,20,20,0.46944586530264276,-0.028995920727247375,0.49844178602989014,-0.08717077443605983,0.02052386329163066,descriptive_reference_not_treatment_CI
revision896_f2c6b9696988_global_gpt-5.6-luna_us_english_s0,uniform_edge_count,coleman_political orientation,20,20,20,0.6094543741602567,-0.03626289350371757,0.6457172676639743,-0.13791340952726003,0.10195815124062982,descriptive_reference_not_treatment_CI
revision896_f2c6b9696988_global_gpt-5.6-luna_us_english_s0,uniform_edge_count,age_assortativity,20,20,20,0.5545295163706804,-0.007918513729036984,0.5624480300997173,-0.12650466638912547,0.08493605573991507,descriptive_reference_not_treatment_CI
revision896_f2c6b9696988_global_gpt-6-luna_brazil_english_s0,degree_preserving_rewire,density,20,20,20,0.029387755102040815,0.02938775510204082,-3.469446951953614e-18,0.029387755102040815,0.029387755102040815,descriptive_reference_not_treatment_CI
revision896_f2c6b9696988_global_gpt-6-luna_brazil_english_s0,degree_preserving_rewire,avg_clustering_coef,20,20,20,0.04071428571428571,0.007476190476190475,0.03323809523809523,0.0,0.04071428571428571,descriptive_reference_not_treatment_CI
revision896_f2c6b9696988_global_gpt-6-luna_brazil_english_s0,degree_preserving_rewire,prop_nodes_lcc,20,20,20,0.36,0.29,0.07,0.2,0.36,descriptive_reference_not_treatment_CI
revision896_f2c6b9696988_global_gpt-6-luna_brazil_english_s0,degree_preserving_rewire,global_efficiency,20,20,20,0.06699028182701645,0.06047183349530287,0.006518448331713583,0.04929591836734691,0.06805542597991578,descriptive_reference_not_treatment_CI
revision896_f2c6b9696988_global_gpt-6-luna_brazil_english_s0,degree_preserving_rewire,num_components,20,20,20,15.0,14.3,0.6999999999999993,14.0,15.524999999999999,descriptive_reference_not_treatment_CI
revision896_f2c6b9696988_global_gpt-6-luna_brazil_english_s0,degree_preserving_rewire,modularity,20,20,20,0.8190586419753084,0.8401620370370366,-0.021103395061728203,0.8104938271604936,0.8751543209876541,descriptive_reference_not_treatment_CI
revision896_f2c6b9696988_global_gpt-6-luna_brazil_english_s0,degree_preserving_rewire,radius_lcc,20,20,20,4.0,3.1,0.8999999999999999,2.0,4.524999999999999,descriptive_reference_not_treatment_CI
revision896_f2c6b9696988_global_gpt-6-luna_brazil_english_s0,degree_preserving_rewire,diameter_lcc,20,20,20,8.0,5.8,2.2,3.0,8.524999999999999,descriptive_reference_not_treatment_CI
revision896_f2c6b9696988_global_gpt-6-luna_brazil_english_s0,degree_preserving_rewire,avg_shortest_path_lcc,20,20,20,3.2549019607843137,2.7203004266974857,0.534601534086828,1.9333333333333333,3.3757563025210082,descriptive_reference_not_treatment_CI
revision896_f2c6b9696988_global_gpt-6-luna_brazil_english_s0,degree_preserving_rewire,degree_one_share,20,20,20,0.7,0.6999999999999998,1.1102230246251565e-16,0.7,0.7,descriptive_reference_not_treatment_CI
revision896_f2c6b9696988_global_gpt-6-luna_brazil_english_s0,degree_preserving_rewire,isolate_share,20,20,20,0.0,0.0,0.0,0.0,0.0,descriptive_reference_not_treatment_CI
revision896_f2c6b9696988_global_gpt-6-luna_brazil_english_s0,degree_preserving_rewire,degree_gini,20,20,20,0.24055555555555555,0.24055555555555558,-2.7755575615628914e-17,0.24055555555555555,0.24055555555555555,descriptive_reference_not_treatment_CI
revision896_f2c6b9696988_global_gpt-6-luna_brazil_english_s0,degree_preserving_rewire,coleman_gender,20,20,20,0.4810057092665788,-0.09546186502708247,0.5764675742936612,-0.29089994144341974,0.059087859269018626,descriptive_reference_not_treatment_CI
revision896_f2c6b9696988_global_gpt-6-luna_brazil_english_s0,degree_preserving_rewire,coleman_religion,20,20,20,0.6923076923076923,-0.02612179487179488,0.7184294871794872,-0.15,0.13296474358974347,descriptive_reference_not_treatment_CI
revision896_f2c6b9696988_global_gpt-6-luna_brazil_english_s0,degree_preserving_rewire,coleman_political orientation,20,20,20,0.41937001574295235,-0.029464293402912366,0.4488343091458647,-0.29592176512078866,0.2946268074842824,descriptive_reference_not_treatment_CI
revision896_f2c6b9696988_global_gpt-6-luna_brazil_english_s0,degree_preserving_rewire,age_assortativity,20,20,20,0.7141351277588617,-0.02905555530699277,0.7431906830658545,-0.2969966936158601,0.2391078579194386,descriptive_reference_not_treatment_CI
revision896_f2c6b9696988_global_gpt-6-luna_brazil_english_s0,equal_weight_demographic_similarity,density,1,1,1,0.029387755102040815,0.029387755102040815,0.0,,,descriptive_reference_not_treatment_CI
revision896_f2c6b9696988_global_gpt-6-luna_brazil_english_s0,equal_weight_demographic_similarity,avg_clustering_coef,1,1,1,0.04071428571428571,0.42666666666666664,-0.38595238095238094,,,descriptive_reference_not_treatment_CI
revision896_f2c6b9696988_global_gpt-6-luna_brazil_english_s0,equal_weight_demographic_similarity,prop_nodes_lcc,1,1,1,0.36,0.14,0.21999999999999997,,,descriptive_reference_not_treatment_CI
revision896_f2c6b9696988_global_gpt-6-luna_brazil_english_s0,equal_weight_demographic_similarity,global_efficiency,1,1,1,0.06699028182701645,0.033863945578231296,0.03312633624878516,,,descriptive_reference_not_treatment_CI
revision896_f2c6b9696988_global_gpt-6-luna_brazil_english_s0,equal_weight_demographic_similarity,num_components,1,1,1,15.0,23.0,-8.0,,,descriptive_reference_not_treatment_CI
revision896_f2c6b9696988_global_gpt-6-luna_brazil_english_s0,equal_weight_demographic_similarity,modularity,1,1,1,0.8190586419753084,0.8919753086419753,-0.07291666666666685,,,descriptive_reference_not_treatment_CI
revision896_f2c6b9696988_global_gpt-6-luna_brazil_english_s0,equal_weight_demographic_similarity,radius_lcc,1,1,1,4.0,3.0,1.0,,,descriptive_reference_not_treatment_CI
revision896_f2c6b9696988_global_gpt-6-luna_brazil_english_s0,equal_weight_demographic_similarity,diameter_lcc,1,1,1,8.0,5.0,3.0,,,descriptive_reference_not_treatment_CI
revision896_f2c6b9696988_global_gpt-6-luna_brazil_english_s0,equal_weight_demographic_similarity,avg_shortest_path_lcc,1,1,1,3.2549019607843137,2.4285714285714284,0.8263305322128853,,,descriptive_reference_not_treatment_CI
revision896_f2c6b9696988_global_gpt-6-luna_brazil_english_s0,equal_weight_demographic_similarity,degree_one_share,1,1,1,0.7,0.3,0.39999999999999997,,,descriptive_reference_not_treatment_CI
revision896_f2c6b9696988_global_gpt-6-luna_brazil_english_s0,equal_weight_demographic_similarity,isolate_share,1,1,1,0.0,0.18,-0.18,,,descriptive_reference_not_treatment_CI
revision896_f2c6b9696988_global_gpt-6-luna_brazil_english_s0,equal_weight_demographic_similarity,degree_gini,1,1,1,0.24055555555555555,0.3383333333333333,-0.09777777777777777,,,descriptive_reference_not_treatment_CI
revision896_f2c6b9696988_global_gpt-6-luna_brazil_english_s0,equal_weight_demographic_similarity,coleman_gender,1,1,1,0.4810057092665788,0.9412972085385879,-0.4602914992720091,,,descriptive_reference_not_treatment_CI
revision896_f2c6b9696988_global_gpt-6-luna_brazil_english_s0,equal_weight_demographic_similarity,coleman_religion,1,1,1,0.6923076923076923,0.913888888888889,-0.22158119658119668,,,descriptive_reference_not_treatment_CI
revision896_f2c6b9696988_global_gpt-6-luna_brazil_english_s0,equal_weight_demographic_similarity,coleman_political orientation,1,1,1,0.41937001574295235,1.0,-0.5806299842570477,,,descriptive_reference_not_treatment_CI
revision896_f2c6b9696988_global_gpt-6-luna_brazil_english_s0,equal_weight_demographic_similarity,age_assortativity,1,1,1,0.7141351277588617,-0.2321498447812597,0.9462849725401213,,,descriptive_reference_not_treatment_CI
revision896_f2c6b9696988_global_gpt-6-luna_brazil_english_s0,uniform_edge_count,density,20,20,20,0.029387755102040815,0.02938775510204082,-3.469446951953614e-18,0.029387755102040815,0.029387755102040815,descriptive_reference_not_treatment_CI
revision896_f2c6b9696988_global_gpt-6-luna_brazil_english_s0,uniform_edge_count,avg_clustering_coef,20,20,20,0.04071428571428571,0.009666666666666665,0.031047619047619046,0.0,0.03403333333333333,descriptive_reference_not_treatment_CI
revision896_f2c6b9696988_global_gpt-6-luna_brazil_english_s0,uniform_edge_count,prop_nodes_lcc,20,20,20,0.36,0.5760000000000001,-0.21600000000000008,0.4275,0.6905,descriptive_reference_not_treatment_CI
revision896_f2c6b9696988_global_gpt-6-luna_brazil_english_s0,uniform_edge_count,global_efficiency,20,20,20,0.06699028182701645,0.10223585360217993,-0.03524557177516348,0.07705831390831386,0.12929798257298225,descriptive_reference_not_treatment_CI
revision896_f2c6b9696988_global_gpt-6-luna_brazil_english_s0,uniform_edge_count,num_components,20,20,20,15.0,15.95,-0.9499999999999993,14.475,18.0,descriptive_reference_not_treatment_CI
revision896_f2c6b9696988_global_gpt-6-luna_brazil_english_s0,uniform_edge_count,modularity,20,20,20,0.8190586419753084,0.7005401234567902,0.11851851851851825,0.6333622685185186,0.755545910493827,descriptive_reference_not_treatment_CI
revision896_f2c6b9696988_global_gpt-6-luna_brazil_english_s0,uniform_edge_count,radius_lcc,20,20,20,4.0,6.6,-2.5999999999999996,5.0,8.0,descriptive_reference_not_treatment_CI
revision896_f2c6b9696988_global_gpt-6-luna_brazil_english_s0,uniform_edge_count,diameter_lcc,20,20,20,8.0,12.4,-4.4,9.475,16.0,descriptive_reference_not_treatment_CI
revision896_f2c6b9696988_global_gpt-6-luna_brazil_english_s0,uniform_edge_count,avg_shortest_path_lcc,20,20,20,3.2549019607843137,5.193394567053083,-1.9384926062687695,4.378423501317523,6.5669727702993415,descriptive_reference_not_treatment_CI
revision896_f2c6b9696988_global_gpt-6-luna_brazil_english_s0,uniform_edge_count,degree_one_share,20,20,20,0.7,0.32799999999999996,0.372,0.24,0.44299999999999984,descriptive_reference_not_treatment_CI
revision896_f2c6b9696988_global_gpt-6-luna_brazil_english_s0,uniform_edge_count,isolate_share,20,20,20,0.0,0.23299999999999996,-0.23299999999999996,0.159,0.3,descriptive_reference_not_treatment_CI
revision896_f2c6b9696988_global_gpt-6-luna_brazil_english_s0,uniform_edge_count,degree_gini,20,20,20,0.24055555555555555,0.43194444444444446,-0.19138888888888891,0.3636666666666667,0.497625,descriptive_reference_not_treatment_CI
revision896_f2c6b9696988_global_gpt-6-luna_brazil_english_s0,uniform_edge_count,coleman_gender,20,20,20,0.4810057092665788,-0.023770049358843838,0.5047757586254227,-0.12885038524693698,0.1121669824428445,descriptive_reference_not_treatment_CI
revision896_f2c6b9696988_global_gpt-6-luna_brazil_english_s0,uniform_edge_count,coleman_religion,20,20,20,0.6923076923076923,-0.014754430478325026,0.7070621227860173,-0.12618946262715613,0.12641594516594512,descriptive_reference_not_treatment_CI
revision896_f2c6b9696988_global_gpt-6-luna_brazil_english_s0,uniform_edge_count,coleman_political orientation,20,20,20,0.41937001574295235,-0.029266686142563635,0.44863670188551596,-0.1542120621272871,0.1711735349363711,descriptive_reference_not_treatment_CI
revision896_f2c6b9696988_global_gpt-6-luna_brazil_english_s0,uniform_edge_count,age_assortativity,20,20,20,0.7141351277588617,-0.06071399273377618,0.7748491204926379,-0.2669094954744559,0.197047331716988,descriptive_reference_not_treatment_CI
revision896_f2c6b9696988_global_gpt-6-luna_brazil_english_s1,degree_preserving_rewire,density,20,20,20,0.04326530612244898,0.04326530612244897,6.938893903907228e-18,0.04326530612244898,0.04326530612244898,descriptive_reference_not_treatment_CI
revision896_f2c6b9696988_global_gpt-6-luna_brazil_english_s1,degree_preserving_rewire,avg_clustering_coef,20,20,20,0.11533333333333333,0.013366666666666666,0.10196666666666666,0.0,0.04666666666666667,descriptive_reference_not_treatment_CI
revision896_f2c6b9696988_global_gpt-6-luna_brazil_english_s1,degree_preserving_rewire,prop_nodes_lcc,20,20,20,0.86,0.9219999999999999,-0.061999999999999944,0.799,1.0,descriptive_reference_not_treatment_CI
revision896_f2c6b9696988_global_gpt-6-luna_brazil_english_s1,degree_preserving_rewire,global_efficiency,20,20,20,0.1685700494474734,0.20386876153321581,-0.03529871208574242,0.1852747538742434,0.22518695366424898,descriptive_reference_not_treatment_CI
revision896_f2c6b9696988_global_gpt-6-luna_brazil_english_s1,degree_preserving_rewire,num_components,20,20,20,3.0,2.15,0.8500000000000001,1.0,3.0,descriptive_reference_not_treatment_CI
revision896_f2c6b9696988_global_gpt-6-luna_brazil_english_s1,degree_preserving_rewire,modularity,20,20,20,0.7322890708437166,0.6866767532929867,0.04561231755072992,0.6565904236383053,0.7289782840868636,descriptive_reference_not_treatment_CI
revision896_f2c6b9696988_global_gpt-6-luna_brazil_english_s1,degree_preserving_rewire,radius_lcc,20,20,20,10.0,8.1,1.9000000000000004,6.0,10.049999999999997,descriptive_reference_not_treatment_CI
revision896_f2c6b9696988_global_gpt-6-luna_brazil_english_s1,degree_preserving_rewire,diameter_lcc,20,20,20,19.0,15.4,3.5999999999999996,10.95,19.574999999999996,descriptive_reference_not_treatment_CI
revision896_f2c6b9696988_global_gpt-6-luna_brazil_english_s1,degree_preserving_rewire,avg_shortest_path_lcc,20,20,20,7.523809523809524,6.278140551030292,1.2456689727792316,4.909043151969981,7.837102021937358,descriptive_reference_not_treatment_CI
revision896_f2c6b9696988_global_gpt-6-luna_brazil_english_s1,degree_preserving_rewire,degree_one_share,20,20,20,0.22,0.22000000000000003,-2.7755575615628914e-17,0.22,0.22,descriptive_reference_not_treatment_CI
revision896_f2c6b9696988_global_gpt-6-luna_brazil_english_s1,degree_preserving_rewire,isolate_share,20,20,20,0.0,0.0,0.0,0.0,0.0,descriptive_reference_not_treatment_CI
revision896_f2c6b9696988_global_gpt-6-luna_brazil_english_s1,degree_preserving_rewire,degree_gini,20,20,20,0.2109433962264151,0.21094339622641506,2.7755575615628914e-17,0.2109433962264151,0.2109433962264151,descriptive_reference_not_treatment_CI
revision896_f2c6b9696988_global_gpt-6-luna_brazil_english_s1,degree_preserving_rewire,coleman_gender,20,20,20,0.362719298245614,-0.04309837092731835,0.4058176691729323,-0.2072681704260652,0.17498120300751877,descriptive_reference_not_treatment_CI
revision896_f2c6b9696988_global_gpt-6-luna_brazil_english_s1,degree_preserving_rewire,coleman_religion,20,20,20,0.7835529205094423,-0.03907444005270094,0.8226273605621433,-0.12312604303908653,0.08510880544576185,descriptive_reference_not_treatment_CI
revision896_f2c6b9696988_global_gpt-6-luna_brazil_english_s1,degree_preserving_rewire,coleman_political orientation,20,20,20,0.42550581430732426,-0.025040151557924474,0.45054596586524875,-0.1932871434601539,0.08740697804868927,descriptive_reference_not_treatment_CI
revision896_f2c6b9696988_global_gpt-6-luna_brazil_english_s1,degree_preserving_rewire,age_assortativity,20,20,20,0.7635486254162676,-0.0543713107965752,0.8179199362128428,-0.28247748208779594,0.200220162229976,descriptive_reference_not_treatment_CI
revision896_f2c6b9696988_global_gpt-6-luna_brazil_english_s1,equal_weight_demographic_similarity,density,1,1,1,0.04326530612244898,0.04326530612244898,0.0,,,descriptive_reference_not_treatment_CI
revision896_f2c6b9696988_global_gpt-6-luna_brazil_english_s1,equal_weight_demographic_similarity,avg_clustering_coef,1,1,1,0.11533333333333333,0.35,-0.23466666666666663,,,descriptive_reference_not_treatment_CI
revision896_f2c6b9696988_global_gpt-6-luna_brazil_english_s1,equal_weight_demographic_similarity,prop_nodes_lcc,1,1,1,0.86,0.22,0.64,,,descriptive_reference_not_treatment_CI
revision896_f2c6b9696988_global_gpt-6-luna_brazil_english_s1,equal_weight_demographic_similarity,global_efficiency,1,1,1,0.1685700494474734,0.08045286686103012,0.08811718258644327,,,descriptive_reference_not_treatment_CI
revision896_f2c6b9696988_global_gpt-6-luna_brazil_english_s1,equal_weight_demographic_similarity,num_components,1,1,1,3.0,11.0,-8.0,,,descriptive_reference_not_treatment_CI
revision896_f2c6b9696988_global_gpt-6-luna_brazil_english_s1,equal_weight_demographic_similarity,modularity,1,1,1,0.7322890708437166,0.786756852972588,-0.05446778212887138,,,descriptive_reference_not_treatment_CI
revision896_f2c6b9696988_global_gpt-6-luna_brazil_english_s1,equal_weight_demographic_similarity,radius_lcc,1,1,1,10.0,3.0,7.0,,,descriptive_reference_not_treatment_CI
revision896_f2c6b9696988_global_gpt-6-luna_brazil_english_s1,equal_weight_demographic_similarity,diameter_lcc,1,1,1,19.0,4.0,15.0,,,descriptive_reference_not_treatment_CI
revision896_f2c6b9696988_global_gpt-6-luna_brazil_english_s1,equal_weight_demographic_similarity,avg_shortest_path_lcc,1,1,1,7.523809523809524,2.1818181818181817,5.341991341991342,,,descriptive_reference_not_treatment_CI
revision896_f2c6b9696988_global_gpt-6-luna_brazil_english_s1,equal_weight_demographic_similarity,degree_one_share,1,1,1,0.22,0.2,0.01999999999999999,,,descriptive_reference_not_treatment_CI
revision896_f2c6b9696988_global_gpt-6-luna_brazil_english_s1,equal_weight_demographic_similarity,isolate_share,1,1,1,0.0,0.08,-0.08,,,descriptive_reference_not_treatment_CI
revision896_f2c6b9696988_global_gpt-6-luna_brazil_english_s1,equal_weight_demographic_similarity,degree_gini,1,1,1,0.2109433962264151,0.27773584905660376,-0.06679245283018867,,,descriptive_reference_not_treatment_CI
revision896_f2c6b9696988_global_gpt-6-luna_brazil_english_s1,equal_weight_demographic_similarity,coleman_gender,1,1,1,0.362719298245614,0.8718169964718516,-0.5090976982262376,,,descriptive_reference_not_treatment_CI
revision896_f2c6b9696988_global_gpt-6-luna_brazil_english_s1,equal_weight_demographic_similarity,coleman_religion,1,1,1,0.7835529205094423,0.6818536239588869,0.10169929655055532,,,descriptive_reference_not_treatment_CI
revision896_f2c6b9696988_global_gpt-6-luna_brazil_english_s1,equal_weight_demographic_similarity,coleman_political orientation,1,1,1,0.42550581430732426,0.9128225245872307,-0.4873167102799064,,,descriptive_reference_not_treatment_CI
revision896_f2c6b9696988_global_gpt-6-luna_brazil_english_s1,equal_weight_demographic_similarity,age_assortativity,1,1,1,0.7635486254162676,0.14916171938926426,0.6143869060270033,,,descriptive_reference_not_treatment_CI
revision896_f2c6b9696988_global_gpt-6-luna_brazil_english_s1,uniform_edge_count,density,20,20,20,0.04326530612244898,0.04326530612244897,6.938893903907228e-18,0.04326530612244898,0.04326530612244898,descriptive_reference_not_treatment_CI
revision896_f2c6b9696988_global_gpt-6-luna_brazil_english_s1,uniform_edge_count,avg_clustering_coef,20,20,20,0.11533333333333333,0.02783333333333333,0.0875,0.0,0.07324285714285714,descriptive_reference_not_treatment_CI
revision896_f2c6b9696988_global_gpt-6-luna_brazil_english_s1,uniform_edge_count,prop_nodes_lcc,20,20,20,0.86,0.8580000000000002,0.0019999999999997797,0.7895000000000001,0.92,descriptive_reference_not_treatment_CI
revision896_f2c6b9696988_global_gpt-6-luna_brazil_english_s1,uniform_edge_count,global_efficiency,20,20,20,0.1685700494474734,0.21720625485625447,-0.04863620540878108,0.18852241097904315,0.23735472951085188,descriptive_reference_not_treatment_CI
revision896_f2c6b9696988_global_gpt-6-luna_brazil_english_s1,uniform_edge_count,num_components,20,20,20,3.0,7.0,-4.0,4.475,9.524999999999999,descriptive_reference_not_treatment_CI
revision896_f2c6b9696988_global_gpt-6-luna_brazil_english_s1,uniform_edge_count,modularity,20,20,20,0.7322890708437166,0.6117212531149876,0.12056781772872904,0.5474101103595586,0.6564079743681024,descriptive_reference_not_treatment_CI
revision896_f2c6b9696988_global_gpt-6-luna_brazil_english_s1,uniform_edge_count,radius_lcc,20,20,20,10.0,5.75,4.25,5.0,7.0,descriptive_reference_not_treatment_CI
revision896_f2c6b9696988_global_gpt-6-luna_brazil_english_s1,uniform_edge_count,diameter_lcc,20,20,20,19.0,10.5,8.5,8.0,13.049999999999997,descriptive_reference_not_treatment_CI
revision896_f2c6b9696988_global_gpt-6-luna_brazil_english_s1,uniform_edge_count,avg_shortest_path_lcc,20,20,20,7.523809523809524,4.504462073413793,3.019347450395731,4.00072117332469,5.151516878755744,descriptive_reference_not_treatment_CI
revision896_f2c6b9696988_global_gpt-6-luna_brazil_english_s1,uniform_edge_count,degree_one_share,20,20,20,0.22,0.25000000000000006,-0.030000000000000054,0.18,0.32,descriptive_reference_not_treatment_CI
revision896_f2c6b9696988_global_gpt-6-luna_brazil_english_s1,uniform_edge_count,isolate_share,20,20,20,0.0,0.10500000000000002,-0.10500000000000002,0.0495,0.16,descriptive_reference_not_treatment_CI
revision896_f2c6b9696988_global_gpt-6-luna_brazil_english_s1,uniform_edge_count,degree_gini,20,20,20,0.2109433962264151,0.34884905660377363,-0.13790566037735855,0.2846792452830189,0.4154905660377358,descriptive_reference_not_treatment_CI
revision896_f2c6b9696988_global_gpt-6-luna_brazil_english_s1,uniform_edge_count,coleman_gender,20,20,20,0.362719298245614,-0.05107786131547287,0.41379715956108687,-0.18056380649569792,0.05220000346716587,descriptive_reference_not_treatment_CI
revision896_f2c6b9696988_global_gpt-6-luna_brazil_english_s1,uniform_edge_count,coleman_religion,20,20,20,0.7835529205094423,-0.0346047561035316,0.8181576766129739,-0.10644601989353135,0.049716306785120665,descriptive_reference_not_treatment_CI
revision896_f2c6b9696988_global_gpt-6-luna_brazil_english_s1,uniform_edge_count,coleman_political orientation,20,20,20,0.42550581430732426,-0.04946679184209501,0.4749726061494193,-0.2008358407719022,0.08842235433894485,descriptive_reference_not_treatment_CI
revision896_f2c6b9696988_global_gpt-6-luna_brazil_english_s1,uniform_edge_count,age_assortativity,20,20,20,0.7635486254162676,-0.09847422680588176,0.8620228522221494,-0.23969300490116374,0.08598457178915385,descriptive_reference_not_treatment_CI
revision896_f2c6b9696988_global_gpt-6-luna_india_english_s0,degree_preserving_rewire,density,20,20,20,0.037551020408163265,0.037551020408163265,0.0,0.037551020408163265,0.037551020408163265,descriptive_reference_not_treatment_CI
revision896_f2c6b9696988_global_gpt-6-luna_india_english_s0,degree_preserving_rewire,avg_clustering_coef,20,20,20,0.0,0.007000000000000001,-0.007000000000000001,0.0,0.07049999999999997,descriptive_reference_not_treatment_CI
revision896_f2c6b9696988_global_gpt-6-luna_india_english_s0,degree_preserving_rewire,prop_nodes_lcc,20,20,20,0.36,0.5219999999999999,-0.16199999999999992,0.279,0.7219999999999999,descriptive_reference_not_treatment_CI
revision896_f2c6b9696988_global_gpt-6-luna_india_english_s0,degree_preserving_rewire,global_efficiency,20,20,20,0.09163859949574227,0.1041893767257791,-0.012550777230036836,0.08218686279706683,0.12558647215322635,descriptive_reference_not_treatment_CI
revision896_f2c6b9696988_global_gpt-6-luna_india_english_s0,degree_preserving_rewire,num_components,20,20,20,5.0,5.05,-0.04999999999999982,4.0,6.0,descriptive_reference_not_treatment_CI
revision896_f2c6b9696988_global_gpt-6-luna_india_english_s0,degree_preserving_rewire,modularity,20,20,20,0.7868620037807182,0.774102079395085,0.012759924385633226,0.7445947542533081,0.8083471172022685,descriptive_reference_not_treatment_CI
revision896_f2c6b9696988_global_gpt-6-luna_india_english_s0,degree_preserving_rewire,radius_lcc,20,20,20,7.0,8.75,-1.75,5.0,12.0,descriptive_reference_not_treatment_CI
revision896_f2c6b9696988_global_gpt-6-luna_india_english_s0,degree_preserving_rewire,diameter_lcc,20,20,20,14.0,16.95,-2.9499999999999993,9.475,24.0,descriptive_reference_not_treatment_CI
revision896_f2c6b9696988_global_gpt-6-luna_india_english_s0,degree_preserving_rewire,avg_shortest_path_lcc,20,20,20,5.392156862745098,6.604610555773374,-1.2124536930282757,3.82246336996337,8.95190056366527,descriptive_reference_not_treatment_CI
revision896_f2c6b9696988_global_gpt-6-luna_india_english_s0,degree_preserving_rewire,degree_one_share,20,20,20,0.26,0.25999999999999995,5.551115123125783e-17,0.26,0.26,descriptive_reference_not_treatment_CI
revision896_f2c6b9696988_global_gpt-6-luna_india_english_s0,degree_preserving_rewire,isolate_share,20,20,20,0.0,0.0,0.0,0.0,0.0,descriptive_reference_not_treatment_CI
revision896_f2c6b9696988_global_gpt-6-luna_india_english_s0,degree_preserving_rewire,degree_gini,20,20,20,0.15347826086956523,0.15347826086956523,0.0,0.15347826086956523,0.15347826086956523,descriptive_reference_not_treatment_CI
revision896_f2c6b9696988_global_gpt-6-luna_india_english_s0,degree_preserving_rewire,coleman_gender,20,20,20,0.4305555555555556,-0.0469444444444445,0.4775000000000001,-0.20000000000000007,0.11682870370370357,descriptive_reference_not_treatment_CI
revision896_f2c6b9696988_global_gpt-6-luna_india_english_s0,degree_preserving_rewire,coleman_religion,20,20,20,0.7544590643274854,-0.028413742690058502,0.7828728070175439,-0.14528143274853803,0.08837719298245598,descriptive_reference_not_treatment_CI
revision896_f2c6b9696988_global_gpt-6-luna_india_english_s0,degree_preserving_rewire,coleman_political orientation,20,20,20,0.4341164917145309,-0.06748737373737378,0.5016038654519047,-0.19152534330230417,0.11508951855152823,descriptive_reference_not_treatment_CI
revision896_f2c6b9696988_global_gpt-6-luna_india_english_s0,degree_preserving_rewire,age_assortativity,20,20,20,0.7690395333344147,-0.03132443982256239,0.800363973156977,-0.30071958978739444,0.24644743164477304,descriptive_reference_not_treatment_CI
revision896_f2c6b9696988_global_gpt-6-luna_india_english_s0,equal_weight_demographic_similarity,density,1,1,1,0.037551020408163265,0.037551020408163265,0.0,,,descriptive_reference_not_treatment_CI
revision896_f2c6b9696988_global_gpt-6-luna_india_english_s0,equal_weight_demographic_similarity,avg_clustering_coef,1,1,1,0.0,0.3933333333333333,-0.3933333333333333,,,descriptive_reference_not_treatment_CI
revision896_f2c6b9696988_global_gpt-6-luna_india_english_s0,equal_weight_demographic_similarity,prop_nodes_lcc,1,1,1,0.36,0.14,0.21999999999999997,,,descriptive_reference_not_treatment_CI
revision896_f2c6b9696988_global_gpt-6-luna_india_english_s0,equal_weight_demographic_similarity,global_efficiency,1,1,1,0.09163859949574227,0.05575510204081631,0.03588349745492596,,,descriptive_reference_not_treatment_CI
revision896_f2c6b9696988_global_gpt-6-luna_india_english_s0,equal_weight_demographic_similarity,num_components,1,1,1,5.0,14.0,-9.0,,,descriptive_reference_not_treatment_CI
revision896_f2c6b9696988_global_gpt-6-luna_india_english_s0,equal_weight_demographic_similarity,modularity,1,1,1,0.7868620037807182,0.8695652173913044,-0.08270321361058619,,,descriptive_reference_not_treatment_CI
revision896_f2c6b9696988_global_gpt-6-luna_india_english_s0,equal_weight_demographic_similarity,radius_lcc,1,1,1,7.0,3.0,4.0,,,descriptive_reference_not_treatment_CI
revision896_f2c6b9696988_global_gpt-6-luna_india_english_s0,equal_weight_demographic_similarity,diameter_lcc,1,1,1,14.0,5.0,9.0,,,descriptive_reference_not_treatment_CI
revision896_f2c6b9696988_global_gpt-6-luna_india_english_s0,equal_weight_demographic_similarity,avg_shortest_path_lcc,1,1,1,5.392156862745098,2.2857142857142856,3.106442577030813,,,descriptive_reference_not_treatment_CI
revision896_f2c6b9696988_global_gpt-6-luna_india_english_s0,equal_weight_demographic_similarity,degree_one_share,1,1,1,0.26,0.26,0.0,,,descriptive_reference_not_treatment_CI
revision896_f2c6b9696988_global_gpt-6-luna_india_english_s0,equal_weight_demographic_similarity,isolate_share,1,1,1,0.0,0.08,-0.08,,,descriptive_reference_not_treatment_CI
revision896_f2c6b9696988_global_gpt-6-luna_india_english_s0,equal_weight_demographic_similarity,degree_gini,1,1,1,0.15347826086956523,0.2665217391304348,-0.11304347826086958,,,descriptive_reference_not_treatment_CI
revision896_f2c6b9696988_global_gpt-6-luna_india_english_s0,equal_weight_demographic_similarity,coleman_gender,1,1,1,0.4305555555555556,0.8515015015015016,-0.42094594594594603,,,descriptive_reference_not_treatment_CI
revision896_f2c6b9696988_global_gpt-6-luna_india_english_s0,equal_weight_demographic_similarity,coleman_religion,1,1,1,0.7544590643274854,0.8238643283400316,-0.06940526401254621,,,descriptive_reference_not_treatment_CI
revision896_f2c6b9696988_global_gpt-6-luna_india_english_s0,equal_weight_demographic_similarity,coleman_political orientation,1,1,1,0.4341164917145309,0.9006229275678992,-0.46650643585336826,,,descriptive_reference_not_treatment_CI
revision896_f2c6b9696988_global_gpt-6-luna_india_english_s0,equal_weight_demographic_similarity,age_assortativity,1,1,1,0.7690395333344147,0.011602968388612064,0.7574365649458026,,,descriptive_reference_not_treatment_CI
revision896_f2c6b9696988_global_gpt-6-luna_india_english_s0,uniform_edge_count,density,20,20,20,0.037551020408163265,0.037551020408163265,0.0,0.037551020408163265,0.037551020408163265,descriptive_reference_not_treatment_CI
revision896_f2c6b9696988_global_gpt-6-luna_india_english_s0,uniform_edge_count,avg_clustering_coef,20,20,20,0.0,0.018828571428571427,-0.018828571428571427,0.0,0.07004999999999995,descriptive_reference_not_treatment_CI
revision896_f2c6b9696988_global_gpt-6-luna_india_english_s0,uniform_edge_count,prop_nodes_lcc,20,20,20,0.36,0.776,-0.41600000000000004,0.679,0.8504999999999999,descriptive_reference_not_treatment_CI
revision896_f2c6b9696988_global_gpt-6-luna_india_english_s0,uniform_edge_count,global_efficiency,20,20,20,0.09163859949574227,0.17323447742733414,-0.08159587793159187,0.1574591350826038,0.18778896398386186,descriptive_reference_not_treatment_CI
revision896_f2c6b9696988_global_gpt-6-luna_india_english_s0,uniform_edge_count,num_components,20,20,20,5.0,9.8,-4.800000000000001,6.475,13.574999999999996,descriptive_reference_not_treatment_CI
revision896_f2c6b9696988_global_gpt-6-luna_india_english_s0,uniform_edge_count,modularity,20,20,20,0.7868620037807182,0.6416469754253308,0.14521502835538747,0.5746573724007561,0.704430529300567,descriptive_reference_not_treatment_CI
revision896_f2c6b9696988_global_gpt-6-luna_india_english_s0,uniform_edge_count,radius_lcc,20,20,20,7.0,5.95,1.0499999999999998,5.0,7.524999999999999,descriptive_reference_not_treatment_CI
revision896_f2c6b9696988_global_gpt-6-luna_india_english_s0,uniform_edge_count,diameter_lcc,20,20,20,14.0,11.15,2.8499999999999996,8.475,14.524999999999999,descriptive_reference_not_treatment_CI
revision896_f2c6b9696988_global_gpt-6-luna_india_english_s0,uniform_edge_count,avg_shortest_path_lcc,20,20,20,5.392156862745098,4.826709087291937,0.565447775453161,3.834183298319328,6.131528374253841,descriptive_reference_not_treatment_CI
revision896_f2c6b9696988_global_gpt-6-luna_india_english_s0,uniform_edge_count,degree_one_share,20,20,20,0.26,0.29700000000000004,-0.03700000000000003,0.2085,0.39049999999999996,descriptive_reference_not_treatment_CI
revision896_f2c6b9696988_global_gpt-6-luna_india_english_s0,uniform_edge_count,isolate_share,20,20,20,0.0,0.14400000000000002,-0.14400000000000002,0.079,0.21049999999999996,descriptive_reference_not_treatment_CI
revision896_f2c6b9696988_global_gpt-6-luna_india_english_s0,uniform_edge_count,degree_gini,20,20,20,0.15347826086956523,0.3819782608695652,-0.22849999999999998,0.31572826086956524,0.4498478260869565,descriptive_reference_not_treatment_CI
revision896_f2c6b9696988_global_gpt-6-luna_india_english_s0,uniform_edge_count,coleman_gender,20,20,20,0.4305555555555556,-0.04642839049731725,0.4769839460528728,-0.16749541749541755,0.14583062369591931,descriptive_reference_not_treatment_CI
revision896_f2c6b9696988_global_gpt-6-luna_india_english_s0,uniform_edge_count,coleman_religion,20,20,20,0.7544590643274854,-0.027441676054199633,0.7819007403816851,-0.1512878787878788,0.08411111111111103,descriptive_reference_not_treatment_CI
revision896_f2c6b9696988_global_gpt-6-luna_india_english_s0,uniform_edge_count,coleman_political orientation,20,20,20,0.4341164917145309,-0.04053600785431026,0.4746524995688412,-0.24250551051310074,0.14469911138782504,descriptive_reference_not_treatment_CI
revision896_f2c6b9696988_global_gpt-6-luna_india_english_s0,uniform_edge_count,age_assortativity,20,20,20,0.7690395333344147,0.012960552049614188,0.7560789812848004,-0.2223701300193393,0.32550254051940897,descriptive_reference_not_treatment_CI
revision896_f2c6b9696988_global_gpt-6-luna_india_english_s1,degree_preserving_rewire,density,20,20,20,0.031020408163265307,0.03102040816326531,-3.469446951953614e-18,0.031020408163265307,0.031020408163265307,descriptive_reference_not_treatment_CI
revision896_f2c6b9696988_global_gpt-6-luna_india_english_s1,degree_preserving_rewire,avg_clustering_coef,20,20,20,0.04666666666666667,0.0045000000000000005,0.04216666666666667,0.0,0.045083333333333336,descriptive_reference_not_treatment_CI
revision896_f2c6b9696988_global_gpt-6-luna_india_english_s1,degree_preserving_rewire,prop_nodes_lcc,20,20,20,0.2,0.264,-0.064,0.16,0.37149999999999994,descriptive_reference_not_treatment_CI
revision896_f2c6b9696988_global_gpt-6-luna_india_english_s1,degree_preserving_rewire,global_efficiency,20,20,20,0.05069387755102038,0.05916711134670316,-0.00847323379568278,0.051131632653061206,0.06715071119356827,descriptive_reference_not_treatment_CI
revision896_f2c6b9696988_global_gpt-6-luna_india_english_s1,degree_preserving_rewire,num_components,20,20,20,14.0,12.3,1.6999999999999993,12.0,13.0,descriptive_reference_not_treatment_CI
revision896_f2c6b9696988_global_gpt-6-luna_india_english_s1,degree_preserving_rewire,modularity,20,20,20,0.872229916897507,0.8465373961218836,0.02569252077562334,0.8206024930747922,0.8754847645429362,descriptive_reference_not_treatment_CI
revision896_f2c6b9696988_global_gpt-6-luna_india_english_s1,degree_preserving_rewire,radius_lcc,20,20,20,3.0,4.35,-1.3499999999999996,2.475,6.0,descriptive_reference_not_treatment_CI
revision896_f2c6b9696988_global_gpt-6-luna_india_english_s1,degree_preserving_rewire,diameter_lcc,20,20,20,5.0,8.2,-3.1999999999999993,4.475,11.524999999999999,descriptive_reference_not_treatment_CI
revision896_f2c6b9696988_global_gpt-6-luna_india_english_s1,degree_preserving_rewire,avg_shortest_path_lcc,20,20,20,2.5555555555555554,3.591831943426371,-1.0362763878708154,2.263392857142857,4.603850619195046,descriptive_reference_not_treatment_CI
revision896_f2c6b9696988_global_gpt-6-luna_india_english_s1,degree_preserving_rewire,degree_one_share,20,20,20,0.52,0.5199999999999999,1.1102230246251565e-16,0.52,0.52,descriptive_reference_not_treatment_CI
revision896_f2c6b9696988_global_gpt-6-luna_india_english_s1,degree_preserving_rewire,isolate_share,20,20,20,0.02,0.020000000000000004,-3.469446951953614e-18,0.02,0.02,descriptive_reference_not_treatment_CI
revision896_f2c6b9696988_global_gpt-6-luna_india_english_s1,degree_preserving_rewire,degree_gini,20,20,20,0.22631578947368422,0.2263157894736842,2.7755575615628914e-17,0.22631578947368422,0.22631578947368422,descriptive_reference_not_treatment_CI
revision896_f2c6b9696988_global_gpt-6-luna_india_english_s1,degree_preserving_rewire,coleman_gender,20,20,20,0.5190476190476191,-0.05755952380952386,0.576607142857143,-0.25000000000000006,0.11071428571428567,descriptive_reference_not_treatment_CI
revision896_f2c6b9696988_global_gpt-6-luna_india_english_s1,degree_preserving_rewire,coleman_religion,20,20,20,0.7989836960425195,-0.02299612152553331,0.8219798175680528,-0.1686858076563959,0.09580774617539321,descriptive_reference_not_treatment_CI
revision896_f2c6b9696988_global_gpt-6-luna_india_english_s1,degree_preserving_rewire,coleman_political orientation,20,20,20,0.42337322807911043,-0.023214497920380307,0.44658772599949076,-0.19062329174093887,0.2197737883031999,descriptive_reference_not_treatment_CI
revision896_f2c6b9696988_global_gpt-6-luna_india_english_s1,degree_preserving_rewire,age_assortativity,20,20,20,0.7005359808776381,-0.02872469545716972,0.7292606763348078,-0.24791141495144542,0.1895457895180526,descriptive_reference_not_treatment_CI
revision896_f2c6b9696988_global_gpt-6-luna_india_english_s1,equal_weight_demographic_similarity,density,1,1,1,0.031020408163265307,0.031020408163265307,0.0,,,descriptive_reference_not_treatment_CI
revision896_f2c6b9696988_global_gpt-6-luna_india_english_s1,equal_weight_demographic_similarity,avg_clustering_coef,1,1,1,0.04666666666666667,0.42666666666666664,-0.37999999999999995,,,descriptive_reference_not_treatment_CI
revision896_f2c6b9696988_global_gpt-6-luna_india_english_s1,equal_weight_demographic_similarity,prop_nodes_lcc,1,1,1,0.2,0.14,0.06,,,descriptive_reference_not_treatment_CI
revision896_f2c6b9696988_global_gpt-6-luna_india_english_s1,equal_weight_demographic_similarity,global_efficiency,1,1,1,0.05069387755102038,0.036585034013605446,0.014108843537414935,,,descriptive_reference_not_treatment_CI
revision896_f2c6b9696988_global_gpt-6-luna_india_english_s1,equal_weight_demographic_similarity,num_components,1,1,1,14.0,21.0,-7.0,,,descriptive_reference_not_treatment_CI
revision896_f2c6b9696988_global_gpt-6-luna_india_english_s1,equal_weight_demographic_similarity,modularity,1,1,1,0.872229916897507,0.8975069252077561,-0.02527700831024915,,,descriptive_reference_not_treatment_CI
revision896_f2c6b9696988_global_gpt-6-luna_india_english_s1,equal_weight_demographic_similarity,radius_lcc,1,1,1,3.0,3.0,0.0,,,descriptive_reference_not_treatment_CI
revision896_f2c6b9696988_global_gpt-6-luna_india_english_s1,equal_weight_demographic_similarity,diameter_lcc,1,1,1,5.0,5.0,0.0,,,descriptive_reference_not_treatment_CI
revision896_f2c6b9696988_global_gpt-6-luna_india_english_s1,equal_weight_demographic_similarity,avg_shortest_path_lcc,1,1,1,2.5555555555555554,2.4285714285714284,0.12698412698412698,,,descriptive_reference_not_treatment_CI
revision896_f2c6b9696988_global_gpt-6-luna_india_english_s1,equal_weight_demographic_similarity,degree_one_share,1,1,1,0.52,0.3,0.22000000000000003,,,descriptive_reference_not_treatment_CI
revision896_f2c6b9696988_global_gpt-6-luna_india_english_s1,equal_weight_demographic_similarity,isolate_share,1,1,1,0.02,0.14,-0.12000000000000001,,,descriptive_reference_not_treatment_CI
revision896_f2c6b9696988_global_gpt-6-luna_india_english_s1,equal_weight_demographic_similarity,degree_gini,1,1,1,0.22631578947368422,0.3005263157894737,-0.07421052631578948,,,descriptive_reference_not_treatment_CI
revision896_f2c6b9696988_global_gpt-6-luna_india_english_s1,equal_weight_demographic_similarity,coleman_gender,1,1,1,0.5190476190476191,0.8974174771588564,-0.37836985811123736,,,descriptive_reference_not_treatment_CI
revision896_f2c6b9696988_global_gpt-6-luna_india_english_s1,equal_weight_demographic_similarity,coleman_religion,1,1,1,0.7989836960425195,0.8909722222222223,-0.09198852617970277,,,descriptive_reference_not_treatment_CI
revision896_f2c6b9696988_global_gpt-6-luna_india_english_s1,equal_weight_demographic_similarity,coleman_political orientation,1,1,1,0.42337322807911043,1.0,-0.5766267719208895,,,descriptive_reference_not_treatment_CI
revision896_f2c6b9696988_global_gpt-6-luna_india_english_s1,equal_weight_demographic_similarity,age_assortativity,1,1,1,0.7005359808776381,-0.22460221391856472,0.9251381947962029,,,descriptive_reference_not_treatment_CI
revision896_f2c6b9696988_global_gpt-6-luna_india_english_s1,uniform_edge_count,density,20,20,20,0.031020408163265307,0.03102040816326531,-3.469446951953614e-18,0.031020408163265307,0.031020408163265307,descriptive_reference_not_treatment_CI
revision896_f2c6b9696988_global_gpt-6-luna_india_english_s1,uniform_edge_count,avg_clustering_coef,20,20,20,0.04666666666666667,0.0073666666666666655,0.0393,0.0,0.03874999999999997,descriptive_reference_not_treatment_CI
revision896_f2c6b9696988_global_gpt-6-luna_india_english_s1,uniform_edge_count,prop_nodes_lcc,20,20,20,0.2,0.6279999999999999,-0.4279999999999999,0.5085000000000001,0.7104999999999999,descriptive_reference_not_treatment_CI
revision896_f2c6b9696988_global_gpt-6-luna_india_english_s1,uniform_edge_count,global_efficiency,20,20,20,0.05069387755102038,0.11941299278952311,-0.06871911523850273,0.09669876523703033,0.1457561666224929,descriptive_reference_not_treatment_CI
revision896_f2c6b9696988_global_gpt-6-luna_india_english_s1,uniform_edge_count,num_components,20,20,20,14.0,14.8,-0.8000000000000007,14.0,16.525,descriptive_reference_not_treatment_CI
revision896_f2c6b9696988_global_gpt-6-luna_india_english_s1,uniform_edge_count,modularity,20,20,20,0.872229916897507,0.6745152354570637,0.19771468144044324,0.6075657894736841,0.7337690443213295,descriptive_reference_not_treatment_CI
revision896_f2c6b9696988_global_gpt-6-luna_india_english_s1,uniform_edge_count,radius_lcc,20,20,20,3.0,6.2,-3.2,5.0,8.0,descriptive_reference_not_treatment_CI
revision896_f2c6b9696988_global_gpt-6-luna_india_english_s1,uniform_edge_count,diameter_lcc,20,20,20,5.0,11.6,-6.6,9.0,15.0,descriptive_reference_not_treatment_CI
revision896_f2c6b9696988_global_gpt-6-luna_india_english_s1,uniform_edge_count,avg_shortest_path_lcc,20,20,20,2.5555555555555554,4.910696187859641,-2.355140632304086,4.084986993682646,5.849488636363636,descriptive_reference_not_treatment_CI
revision896_f2c6b9696988_global_gpt-6-luna_india_english_s1,uniform_edge_count,degree_one_share,20,20,20,0.52,0.3169999999999999,0.20300000000000012,0.22,0.4305,descriptive_reference_not_treatment_CI
revision896_f2c6b9696988_global_gpt-6-luna_india_english_s1,uniform_edge_count,isolate_share,20,20,20,0.02,0.22000000000000003,-0.20000000000000004,0.16,0.28,descriptive_reference_not_treatment_CI
revision896_f2c6b9696988_global_gpt-6-luna_india_english_s1,uniform_edge_count,degree_gini,20,20,20,0.22631578947368422,0.42981578947368415,-0.20349999999999993,0.3809868421052631,0.4726578947368421,descriptive_reference_not_treatment_CI
revision896_f2c6b9696988_global_gpt-6-luna_india_english_s1,uniform_edge_count,coleman_gender,20,20,20,0.5190476190476191,-0.052939008050956006,0.5719866270985751,-0.29792796188485854,0.12173872180451124,descriptive_reference_not_treatment_CI
revision896_f2c6b9696988_global_gpt-6-luna_india_english_s1,uniform_edge_count,coleman_religion,20,20,20,0.7989836960425195,-0.048279375068478604,0.8472630711109981,-0.16269112752236325,0.05971115689865681,descriptive_reference_not_treatment_CI
revision896_f2c6b9696988_global_gpt-6-luna_india_english_s1,uniform_edge_count,coleman_political orientation,20,20,20,0.42337322807911043,-0.08781946708241192,0.5111926951615223,-0.22631160723192253,0.1431981434559646,descriptive_reference_not_treatment_CI
revision896_f2c6b9696988_global_gpt-6-luna_india_english_s1,uniform_edge_count,age_assortativity,20,20,20,0.7005359808776381,-0.07158583914308624,0.7721218200207244,-0.3441277318196326,0.12705387119748038,descriptive_reference_not_treatment_CI
revision896_f2c6b9696988_global_gpt-6-luna_japan_english_s0,degree_preserving_rewire,density,20,20,20,0.044897959183673466,0.044897959183673466,0.0,0.044897959183673466,0.044897959183673466,descriptive_reference_not_treatment_CI
revision896_f2c6b9696988_global_gpt-6-luna_japan_english_s0,degree_preserving_rewire,avg_clustering_coef,20,20,20,0.09933333333333333,0.020799999999999996,0.07853333333333333,0.0,0.07011666666666659,descriptive_reference_not_treatment_CI
revision896_f2c6b9696988_global_gpt-6-luna_japan_english_s0,degree_preserving_rewire,prop_nodes_lcc,20,20,20,0.94,0.9030000000000001,0.03699999999999981,0.779,0.9809999999999999,descriptive_reference_not_treatment_CI
revision896_f2c6b9696988_global_gpt-6-luna_japan_english_s0,degree_preserving_rewire,global_efficiency,20,20,20,0.19551914708431978,0.21811433693024318,-0.022595189845923402,0.18007300398014656,0.24186245378770935,descriptive_reference_not_treatment_CI
revision896_f2c6b9696988_global_gpt-6-luna_japan_english_s0,degree_preserving_rewire,num_components,20,20,20,2.0,2.75,-0.75,1.475,4.524999999999999,descriptive_reference_not_treatment_CI
revision896_f2c6b9696988_global_gpt-6-luna_japan_english_s0,degree_preserving_rewire,modularity,20,20,20,0.7031404958677686,0.6575702479338843,0.04557024793388431,0.6249214876033058,0.6946859504132231,descriptive_reference_not_treatment_CI
revision896_f2c6b9696988_global_gpt-6-luna_japan_english_s0,degree_preserving_rewire,radius_lcc,20,20,20,10.0,7.15,2.8499999999999996,6.0,9.0,descriptive_reference_not_treatment_CI
revision896_f2c6b9696988_global_gpt-6-luna_japan_english_s0,degree_preserving_rewire,diameter_lcc,20,20,20,20.0,13.1,6.9,11.0,17.0,descriptive_reference_not_treatment_CI
revision896_f2c6b9696988_global_gpt-6-luna_japan_english_s0,degree_preserving_rewire,avg_shortest_path_lcc,20,20,20,7.228492136910268,5.310181078650826,1.9183110582594418,4.573145071982282,6.448337958680234,descriptive_reference_not_treatment_CI
revision896_f2c6b9696988_global_gpt-6-luna_japan_english_s0,degree_preserving_rewire,degree_one_share,20,20,20,0.24,0.24000000000000005,-5.551115123125783e-17,0.24,0.24,descriptive_reference_not_treatment_CI
revision896_f2c6b9696988_global_gpt-6-luna_japan_english_s0,degree_preserving_rewire,isolate_share,20,20,20,0.0,0.0,0.0,0.0,0.0,descriptive_reference_not_treatment_CI
revision896_f2c6b9696988_global_gpt-6-luna_japan_english_s0,degree_preserving_rewire,degree_gini,20,20,20,0.2330909090909091,0.2330909090909091,0.0,0.2330909090909091,0.2330909090909091,descriptive_reference_not_treatment_CI
revision896_f2c6b9696988_global_gpt-6-luna_japan_english_s0,degree_preserving_rewire,coleman_gender,20,20,20,0.3949850471589602,-0.07683459857372905,0.47181964573268925,-0.21693768691051304,0.11344030365769489,descriptive_reference_not_treatment_CI
revision896_f2c6b9696988_global_gpt-6-luna_japan_english_s0,degree_preserving_rewire,coleman_religion,20,20,20,0.6082263324910384,-0.020717578989637823,0.6289439114806762,-0.1002747252747253,0.09300653390726918,descriptive_reference_not_treatment_CI
revision896_f2c6b9696988_global_gpt-6-luna_japan_english_s0,degree_preserving_rewire,coleman_political orientation,20,20,20,0.4089606244189008,-0.01323124492926138,0.42219186934816216,-0.1502577859896602,0.14130802849681096,descriptive_reference_not_treatment_CI
revision896_f2c6b9696988_global_gpt-6-luna_japan_english_s0,degree_preserving_rewire,age_assortativity,20,20,20,0.7543412282898163,0.017600738460842164,0.7367404898289741,-0.15278749147004073,0.17191502684484872,descriptive_reference_not_treatment_CI
revision896_f2c6b9696988_global_gpt-6-luna_japan_english_s0,equal_weight_demographic_similarity,density,1,1,1,0.044897959183673466,0.044897959183673466,0.0,,,descriptive_reference_not_treatment_CI
revision896_f2c6b9696988_global_gpt-6-luna_japan_english_s0,equal_weight_demographic_similarity,avg_clustering_coef,1,1,1,0.09933333333333333,0.32666666666666655,-0.22733333333333322,,,descriptive_reference_not_treatment_CI
revision896_f2c6b9696988_global_gpt-6-luna_japan_english_s0,equal_weight_demographic_similarity,prop_nodes_lcc,1,1,1,0.94,0.22,0.72,,,descriptive_reference_not_treatment_CI
revision896_f2c6b9696988_global_gpt-6-luna_japan_english_s0,equal_weight_demographic_similarity,global_efficiency,1,1,1,0.19551914708431978,0.08360932944606414,0.11190981763825564,,,descriptive_reference_not_treatment_CI
revision896_f2c6b9696988_global_gpt-6-luna_japan_english_s0,equal_weight_demographic_similarity,num_components,1,1,1,2.0,11.0,-9.0,,,descriptive_reference_not_treatment_CI
revision896_f2c6b9696988_global_gpt-6-luna_japan_english_s0,equal_weight_demographic_similarity,modularity,1,1,1,0.7031404958677686,0.78198347107438,-0.07884297520661143,,,descriptive_reference_not_treatment_CI
revision896_f2c6b9696988_global_gpt-6-luna_japan_english_s0,equal_weight_demographic_similarity,radius_lcc,1,1,1,10.0,3.0,7.0,,,descriptive_reference_not_treatment_CI
revision896_f2c6b9696988_global_gpt-6-luna_japan_english_s0,equal_weight_demographic_similarity,diameter_lcc,1,1,1,20.0,4.0,16.0,,,descriptive_reference_not_treatment_CI
revision896_f2c6b9696988_global_gpt-6-luna_japan_english_s0,equal_weight_demographic_similarity,avg_shortest_path_lcc,1,1,1,7.228492136910268,2.1818181818181817,5.0466739550920865,,,descriptive_reference_not_treatment_CI
revision896_f2c6b9696988_global_gpt-6-luna_japan_english_s0,equal_weight_demographic_similarity,degree_one_share,1,1,1,0.24,0.2,0.03999999999999998,,,descriptive_reference_not_treatment_CI
revision896_f2c6b9696988_global_gpt-6-luna_japan_english_s0,equal_weight_demographic_similarity,isolate_share,1,1,1,0.0,0.08,-0.08,,,descriptive_reference_not_treatment_CI
revision896_f2c6b9696988_global_gpt-6-luna_japan_english_s0,equal_weight_demographic_similarity,degree_gini,1,1,1,0.2330909090909091,0.2850909090909091,-0.05200000000000002,,,descriptive_reference_not_treatment_CI
revision896_f2c6b9696988_global_gpt-6-luna_japan_english_s0,equal_weight_demographic_similarity,coleman_gender,1,1,1,0.3949850471589602,0.8761530398322852,-0.481167992673325,,,descriptive_reference_not_treatment_CI
revision896_f2c6b9696988_global_gpt-6-luna_japan_english_s0,equal_weight_demographic_similarity,coleman_religion,1,1,1,0.6082263324910384,0.6521701982228297,-0.04394386573179132,,,descriptive_reference_not_treatment_CI
revision896_f2c6b9696988_global_gpt-6-luna_japan_english_s0,equal_weight_demographic_similarity,coleman_political orientation,1,1,1,0.4089606244189008,0.9173513291160351,-0.5083907046971343,,,descriptive_reference_not_treatment_CI
revision896_f2c6b9696988_global_gpt-6-luna_japan_english_s0,equal_weight_demographic_similarity,age_assortativity,1,1,1,0.7543412282898163,0.21015986619471808,0.5441813620950983,,,descriptive_reference_not_treatment_CI
revision896_f2c6b9696988_global_gpt-6-luna_japan_english_s0,uniform_edge_count,density,20,20,20,0.044897959183673466,0.044897959183673466,0.0,0.044897959183673466,0.044897959183673466,descriptive_reference_not_treatment_CI
revision896_f2c6b9696988_global_gpt-6-luna_japan_english_s0,uniform_edge_count,avg_clustering_coef,20,20,20,0.09933333333333333,0.029938095238095236,0.0693952380952381,0.0,0.07788333333333328,descriptive_reference_not_treatment_CI
revision896_f2c6b9696988_global_gpt-6-luna_japan_english_s0,uniform_edge_count,prop_nodes_lcc,20,20,20,0.94,0.8640000000000001,0.07599999999999985,0.7265,0.94,descriptive_reference_not_treatment_CI
revision896_f2c6b9696988_global_gpt-6-luna_japan_english_s0,uniform_edge_count,global_efficiency,20,20,20,0.19551914708431978,0.22686867327683613,-0.03134952619251635,0.1993030855199211,0.24525298023971523,descriptive_reference_not_treatment_CI
revision896_f2c6b9696988_global_gpt-6-luna_japan_english_s0,uniform_edge_count,num_components,20,20,20,2.0,6.7,-4.7,4.0,9.524999999999999,descriptive_reference_not_treatment_CI
revision896_f2c6b9696988_global_gpt-6-luna_japan_english_s0,uniform_edge_count,modularity,20,20,20,0.7031404958677686,0.5974214876033058,0.10571900826446279,0.5381446280991735,0.6476652892561983,descriptive_reference_not_treatment_CI
revision896_f2c6b9696988_global_gpt-6-luna_japan_english_s0,uniform_edge_count,radius_lcc,20,20,20,10.0,5.5,4.5,4.0,7.0,descriptive_reference_not_treatment_CI
revision896_f2c6b9696988_global_gpt-6-luna_japan_english_s0,uniform_edge_count,diameter_lcc,20,20,20,20.0,10.1,9.9,6.95,13.049999999999997,descriptive_reference_not_treatment_CI
revision896_f2c6b9696988_global_gpt-6-luna_japan_english_s0,uniform_edge_count,avg_shortest_path_lcc,20,20,20,7.228492136910268,4.33365556991943,2.894836566990838,3.4062995337995337,5.232546393631037,descriptive_reference_not_treatment_CI
revision896_f2c6b9696988_global_gpt-6-luna_japan_english_s0,uniform_edge_count,degree_one_share,20,20,20,0.24,0.24400000000000005,-0.004000000000000059,0.1685,0.3305,descriptive_reference_not_treatment_CI
revision896_f2c6b9696988_global_gpt-6-luna_japan_english_s0,uniform_edge_count,isolate_share,20,20,20,0.0,0.10200000000000002,-0.10200000000000002,0.04,0.16099999999999995,descriptive_reference_not_treatment_CI
revision896_f2c6b9696988_global_gpt-6-luna_japan_english_s0,uniform_edge_count,degree_gini,20,20,20,0.2330909090909091,0.35274545454545453,-0.11965454545454543,0.28034545454545456,0.41089999999999993,descriptive_reference_not_treatment_CI
revision896_f2c6b9696988_global_gpt-6-luna_japan_english_s0,uniform_edge_count,coleman_gender,20,20,20,0.3949850471589602,-0.05611552073645652,0.45110056789541675,-0.23425832303486505,0.10071764634216254,descriptive_reference_not_treatment_CI
revision896_f2c6b9696988_global_gpt-6-luna_japan_english_s0,uniform_edge_count,coleman_religion,20,20,20,0.6082263324910384,-0.03036963932995026,0.6385959718209887,-0.11765749890206413,0.07680071041574515,descriptive_reference_not_treatment_CI
revision896_f2c6b9696988_global_gpt-6-luna_japan_english_s0,uniform_edge_count,coleman_political orientation,20,20,20,0.4089606244189008,-0.05652091085131594,0.46548153527021674,-0.16430099246975263,0.12181320699153898,descriptive_reference_not_treatment_CI
revision896_f2c6b9696988_global_gpt-6-luna_japan_english_s0,uniform_edge_count,age_assortativity,20,20,20,0.7543412282898163,0.0007216853952680673,0.7536195428945482,-0.21404553603692822,0.2544840086165548,descriptive_reference_not_treatment_CI
revision896_f2c6b9696988_global_gpt-6-luna_japan_english_s1,degree_preserving_rewire,density,20,20,20,0.025306122448979593,0.025306122448979597,-3.469446951953614e-18,0.025306122448979593,0.025306122448979593,descriptive_reference_not_treatment_CI
revision896_f2c6b9696988_global_gpt-6-luna_japan_english_s1,degree_preserving_rewire,avg_clustering_coef,20,20,20,0.0,0.002333333333333333,-0.002333333333333333,0.0,0.02449999999999993,descriptive_reference_not_treatment_CI
revision896_f2c6b9696988_global_gpt-6-luna_japan_english_s1,degree_preserving_rewire,prop_nodes_lcc,20,20,20,0.12,0.14000000000000004,-0.020000000000000046,0.1,0.2114999999999999,descriptive_reference_not_treatment_CI
revision896_f2c6b9696988_global_gpt-6-luna_japan_english_s1,degree_preserving_rewire,global_efficiency,20,20,20,0.03336054421768708,0.034354195011337865,-0.0009936507936507827,0.03183843537414966,0.03818974732750244,descriptive_reference_not_treatment_CI
revision896_f2c6b9696988_global_gpt-6-luna_japan_english_s1,degree_preserving_rewire,num_components,20,20,20,19.0,19.05,-0.05000000000000071,19.0,19.525,descriptive_reference_not_treatment_CI
revision896_f2c6b9696988_global_gpt-6-luna_japan_english_s1,degree_preserving_rewire,modularity,20,20,20,0.9198751300728409,0.9102237252861605,0.009651404786680473,0.8798907388137359,0.9281997918834548,descriptive_reference_not_treatment_CI
revision896_f2c6b9696988_global_gpt-6-luna_japan_english_s1,degree_preserving_rewire,radius_lcc,20,20,20,3.0,2.9,0.10000000000000009,2.0,4.524999999999999,descriptive_reference_not_treatment_CI
revision896_f2c6b9696988_global_gpt-6-luna_japan_english_s1,degree_preserving_rewire,diameter_lcc,20,20,20,5.0,5.25,-0.25,3.0,8.049999999999997,descriptive_reference_not_treatment_CI
revision896_f2c6b9696988_global_gpt-6-luna_japan_english_s1,degree_preserving_rewire,avg_shortest_path_lcc,20,20,20,2.3333333333333335,2.473903318903319,-0.14056998556998535,1.8,3.4082070707070695,descriptive_reference_not_treatment_CI
revision896_f2c6b9696988_global_gpt-6-luna_japan_english_s1,degree_preserving_rewire,degree_one_share,20,20,20,0.7,0.6999999999999998,1.1102230246251565e-16,0.7,0.7,descriptive_reference_not_treatment_CI
revision896_f2c6b9696988_global_gpt-6-luna_japan_english_s1,degree_preserving_rewire,isolate_share,20,20,20,0.04,0.04000000000000001,-6.938893903907228e-18,0.04,0.04,descriptive_reference_not_treatment_CI
revision896_f2c6b9696988_global_gpt-6-luna_japan_english_s1,degree_preserving_rewire,degree_gini,20,20,20,0.20193548387096774,0.20193548387096777,-2.7755575615628914e-17,0.20193548387096774,0.20193548387096774,descriptive_reference_not_treatment_CI
revision896_f2c6b9696988_global_gpt-6-luna_japan_english_s1,degree_preserving_rewire,coleman_gender,20,20,20,0.4564957264957265,-0.011119658119658144,0.46761538461538465,-0.1816538461538462,0.22428205128205106,descriptive_reference_not_treatment_CI
revision896_f2c6b9696988_global_gpt-6-luna_japan_english_s1,degree_preserving_rewire,coleman_religion,20,20,20,0.6316017316017316,-0.04663961038961041,0.678241341991342,-0.17008116883116883,0.07551406926406923,descriptive_reference_not_treatment_CI
revision896_f2c6b9696988_global_gpt-6-luna_japan_english_s1,degree_preserving_rewire,coleman_political orientation,20,20,20,0.6513305626730902,-0.04360963176049025,0.6949401944335805,-0.21584850556142432,0.26152918757759724,descriptive_reference_not_treatment_CI
revision896_f2c6b9696988_global_gpt-6-luna_japan_english_s1,degree_preserving_rewire,age_assortativity,20,20,20,0.7757860209865536,-0.006016697615254132,0.7818027186018077,-0.2972153582969034,0.2605018057403531,descriptive_reference_not_treatment_CI
revision896_f2c6b9696988_global_gpt-6-luna_japan_english_s1,equal_weight_demographic_similarity,density,1,1,1,0.025306122448979593,0.025306122448979593,0.0,,,descriptive_reference_not_treatment_CI
revision896_f2c6b9696988_global_gpt-6-luna_japan_english_s1,equal_weight_demographic_similarity,avg_clustering_coef,1,1,1,0.0,0.38,-0.38,,,descriptive_reference_not_treatment_CI
revision896_f2c6b9696988_global_gpt-6-luna_japan_english_s1,equal_weight_demographic_similarity,prop_nodes_lcc,1,1,1,0.12,0.08,0.039999999999999994,,,descriptive_reference_not_treatment_CI
revision896_f2c6b9696988_global_gpt-6-luna_japan_english_s1,equal_weight_demographic_similarity,global_efficiency,1,1,1,0.03336054421768708,0.025714285714285714,0.007646258503401369,,,descriptive_reference_not_treatment_CI
revision896_f2c6b9696988_global_gpt-6-luna_japan_english_s1,equal_weight_demographic_similarity,num_components,1,1,1,19.0,27.0,-8.0,,,descriptive_reference_not_treatment_CI
revision896_f2c6b9696988_global_gpt-6-luna_japan_english_s1,equal_weight_demographic_similarity,modularity,1,1,1,0.9198751300728409,0.903225806451613,0.01664932362122795,,,descriptive_reference_not_treatment_CI
revision896_f2c6b9696988_global_gpt-6-luna_japan_english_s1,equal_weight_demographic_similarity,radius_lcc,1,1,1,3.0,1.0,2.0,,,descriptive_reference_not_treatment_CI
revision896_f2c6b9696988_global_gpt-6-luna_japan_english_s1,equal_weight_demographic_similarity,diameter_lcc,1,1,1,5.0,1.0,4.0,,,descriptive_reference_not_treatment_CI
revision896_f2c6b9696988_global_gpt-6-luna_japan_english_s1,equal_weight_demographic_similarity,avg_shortest_path_lcc,1,1,1,2.3333333333333335,1.0,1.3333333333333335,,,descriptive_reference_not_treatment_CI
revision896_f2c6b9696988_global_gpt-6-luna_japan_english_s1,equal_weight_demographic_similarity,degree_one_share,1,1,1,0.7,0.36,0.33999999999999997,,,descriptive_reference_not_treatment_CI
revision896_f2c6b9696988_global_gpt-6-luna_japan_english_s1,equal_weight_demographic_similarity,isolate_share,1,1,1,0.04,0.24,-0.19999999999999998,,,descriptive_reference_not_treatment_CI
revision896_f2c6b9696988_global_gpt-6-luna_japan_english_s1,equal_weight_demographic_similarity,degree_gini,1,1,1,0.20193548387096774,0.4,-0.19806451612903228,,,descriptive_reference_not_treatment_CI
revision896_f2c6b9696988_global_gpt-6-luna_japan_english_s1,equal_weight_demographic_similarity,coleman_gender,1,1,1,0.4564957264957265,1.0,-0.5435042735042734,,,descriptive_reference_not_treatment_CI
revision896_f2c6b9696988_global_gpt-6-luna_japan_english_s1,equal_weight_demographic_similarity,coleman_religion,1,1,1,0.6316017316017316,1.0,-0.3683982683982684,,,descriptive_reference_not_treatment_CI
revision896_f2c6b9696988_global_gpt-6-luna_japan_english_s1,equal_weight_demographic_similarity,coleman_political orientation,1,1,1,0.6513305626730902,1.0,-0.3486694373269098,,,descriptive_reference_not_treatment_CI
revision896_f2c6b9696988_global_gpt-6-luna_japan_english_s1,equal_weight_demographic_similarity,age_assortativity,1,1,1,0.7757860209865536,-0.17020997719348843,0.945995998180042,,,descriptive_reference_not_treatment_CI
revision896_f2c6b9696988_global_gpt-6-luna_japan_english_s1,uniform_edge_count,density,20,20,20,0.025306122448979593,0.025306122448979597,-3.469446951953614e-18,0.025306122448979593,0.025306122448979593,descriptive_reference_not_treatment_CI
revision896_f2c6b9696988_global_gpt-6-luna_japan_english_s1,uniform_edge_count,avg_clustering_coef,20,20,20,0.0,0.007366666666666667,-0.007366666666666667,0.0,0.04041666666666666,descriptive_reference_not_treatment_CI
revision896_f2c6b9696988_global_gpt-6-luna_japan_english_s1,uniform_edge_count,prop_nodes_lcc,20,20,20,0.12,0.348,-0.22799999999999998,0.16,0.5105,descriptive_reference_not_treatment_CI
revision896_f2c6b9696988_global_gpt-6-luna_japan_english_s1,uniform_edge_count,global_efficiency,20,20,20,0.03336054421768708,0.06365739555229348,-0.030296851334606398,0.04467784256559765,0.08084247283328909,descriptive_reference_not_treatment_CI
revision896_f2c6b9696988_global_gpt-6-luna_japan_english_s1,uniform_edge_count,num_components,20,20,20,19.0,20.05,-1.0500000000000007,19.0,21.0,descriptive_reference_not_treatment_CI
revision896_f2c6b9696988_global_gpt-6-luna_japan_english_s1,uniform_edge_count,modularity,20,20,20,0.9198751300728409,0.7470083246618107,0.17286680541103028,0.7036290322580645,0.8264698231009364,descriptive_reference_not_treatment_CI
revision896_f2c6b9696988_global_gpt-6-luna_japan_english_s1,uniform_edge_count,radius_lcc,20,20,20,3.0,4.4,-1.4000000000000004,2.475,6.524999999999999,descriptive_reference_not_treatment_CI
revision896_f2c6b9696988_global_gpt-6-luna_japan_english_s1,uniform_edge_count,diameter_lcc,20,20,20,5.0,8.25,-3.25,4.475,12.524999999999999,descriptive_reference_not_treatment_CI
revision896_f2c6b9696988_global_gpt-6-luna_japan_english_s1,uniform_edge_count,avg_shortest_path_lcc,20,20,20,2.3333333333333335,3.7358760204475976,-1.402542687114264,2.2821428571428575,5.401461538461538,descriptive_reference_not_treatment_CI
revision896_f2c6b9696988_global_gpt-6-luna_japan_english_s1,uniform_edge_count,degree_one_share,20,20,20,0.7,0.37,0.32999999999999996,0.2695,0.49049999999999994,descriptive_reference_not_treatment_CI
revision896_f2c6b9696988_global_gpt-6-luna_japan_english_s1,uniform_edge_count,isolate_share,20,20,20,0.04,0.276,-0.23600000000000002,0.2,0.32,descriptive_reference_not_treatment_CI
revision896_f2c6b9696988_global_gpt-6-luna_japan_english_s1,uniform_edge_count,degree_gini,20,20,20,0.20193548387096774,0.45922580645161293,-0.2572903225806452,0.3915483870967742,0.5166935483870967,descriptive_reference_not_treatment_CI
revision896_f2c6b9696988_global_gpt-6-luna_japan_english_s1,uniform_edge_count,coleman_gender,20,20,20,0.4564957264957265,-0.03764167489912025,0.49413740139484674,-0.22856948606948607,0.11285440613026815,descriptive_reference_not_treatment_CI
revision896_f2c6b9696988_global_gpt-6-luna_japan_english_s1,uniform_edge_count,coleman_religion,20,20,20,0.6316017316017316,-0.04570453808747153,0.6773062696892032,-0.19854166666666667,0.0775958508403361,descriptive_reference_not_treatment_CI
revision896_f2c6b9696988_global_gpt-6-luna_japan_english_s1,uniform_edge_count,coleman_political orientation,20,20,20,0.6513305626730902,-0.0016727977427906846,0.6530033604158809,-0.20662107637023208,0.28559209262217267,descriptive_reference_not_treatment_CI
revision896_f2c6b9696988_global_gpt-6-luna_japan_english_s1,uniform_edge_count,age_assortativity,20,20,20,0.7757860209865536,-0.09541818242900198,0.8712042034155556,-0.3393114031609908,0.1852634679690401,descriptive_reference_not_treatment_CI
revision896_f2c6b9696988_global_gpt-6-luna_us_english_s0,degree_preserving_rewire,density,20,20,20,0.052244897959183675,0.05224489795918367,6.938893903907228e-18,0.052244897959183675,0.052244897959183675,descriptive_reference_not_treatment_CI
revision896_f2c6b9696988_global_gpt-6-luna_us_english_s0,degree_preserving_rewire,avg_clustering_coef,20,20,20,0.13933333333333334,0.026733333333333338,0.1126,0.0,0.07111666666666666,descriptive_reference_not_treatment_CI
revision896_f2c6b9696988_global_gpt-6-luna_us_english_s0,degree_preserving_rewire,prop_nodes_lcc,20,20,20,0.96,0.9580000000000002,0.0019999999999997797,0.9390000000000001,0.96,descriptive_reference_not_treatment_CI
revision896_f2c6b9696988_global_gpt-6-luna_us_english_s0,degree_preserving_rewire,global_efficiency,20,20,20,0.24335905137945948,0.2737880111951547,-0.03042895981569524,0.25950572047000653,0.28333373015873153,descriptive_reference_not_treatment_CI
revision896_f2c6b9696988_global_gpt-6-luna_us_english_s0,degree_preserving_rewire,num_components,20,20,20,3.0,3.05,-0.04999999999999982,3.0,3.5249999999999986,descriptive_reference_not_treatment_CI
revision896_f2c6b9696988_global_gpt-6-luna_us_english_s0,degree_preserving_rewire,modularity,20,20,20,0.655517578125,0.570892333984375,0.084625244140625,0.5411651611328125,0.605615234375,descriptive_reference_not_treatment_CI
revision896_f2c6b9696988_global_gpt-6-luna_us_english_s0,degree_preserving_rewire,radius_lcc,20,20,20,8.0,5.9,2.0999999999999996,5.0,7.0,descriptive_reference_not_treatment_CI
revision896_f2c6b9696988_global_gpt-6-luna_us_english_s0,degree_preserving_rewire,diameter_lcc,20,20,20,13.0,10.4,2.5999999999999996,9.0,13.524999999999999,descriptive_reference_not_treatment_CI
revision896_f2c6b9696988_global_gpt-6-luna_us_english_s0,degree_preserving_rewire,avg_shortest_path_lcc,20,20,20,5.323581560283688,4.346002286977079,0.9775792733066089,4.089029255319149,4.762344858156029,descriptive_reference_not_treatment_CI
revision896_f2c6b9696988_global_gpt-6-luna_us_english_s0,degree_preserving_rewire,degree_one_share,20,20,20,0.08,0.08000000000000002,-1.3877787807814457e-17,0.08,0.08,descriptive_reference_not_treatment_CI
revision896_f2c6b9696988_global_gpt-6-luna_us_english_s0,degree_preserving_rewire,isolate_share,20,20,20,0.04,0.04000000000000001,-6.938893903907228e-18,0.04,0.04,descriptive_reference_not_treatment_CI
revision896_f2c6b9696988_global_gpt-6-luna_us_english_s0,degree_preserving_rewire,degree_gini,20,20,20,0.2284375,0.2284375,0.0,0.2284375,0.2284375,descriptive_reference_not_treatment_CI
revision896_f2c6b9696988_global_gpt-6-luna_us_english_s0,degree_preserving_rewire,coleman_gender,20,20,20,0.36604856996562063,-0.053477251115500016,0.41952582108112063,-0.16460893497183826,0.11382305610416203,descriptive_reference_not_treatment_CI
revision896_f2c6b9696988_global_gpt-6-luna_us_english_s0,degree_preserving_rewire,coleman_religion,20,20,20,0.724792960662526,-0.021868530020703953,0.74666149068323,-0.09896221532091098,0.0798013716356107,descriptive_reference_not_treatment_CI
revision896_f2c6b9696988_global_gpt-6-luna_us_english_s0,degree_preserving_rewire,coleman_political orientation,20,20,20,0.4547637236712867,-0.03577552233014421,0.4905392460014309,-0.19334103338305025,0.0590884838783998,descriptive_reference_not_treatment_CI
revision896_f2c6b9696988_global_gpt-6-luna_us_english_s0,degree_preserving_rewire,age_assortativity,20,20,20,0.6410478369298626,-0.045413137121540006,0.6864609740514026,-0.23527484078402275,0.10937983058183388,descriptive_reference_not_treatment_CI
revision896_f2c6b9696988_global_gpt-6-luna_us_english_s0,equal_weight_demographic_similarity,density,1,1,1,0.052244897959183675,0.052244897959183675,0.0,,,descriptive_reference_not_treatment_CI
revision896_f2c6b9696988_global_gpt-6-luna_us_english_s0,equal_weight_demographic_similarity,avg_clustering_coef,1,1,1,0.13933333333333334,0.33199999999999996,-0.19266666666666662,,,descriptive_reference_not_treatment_CI
revision896_f2c6b9696988_global_gpt-6-luna_us_english_s0,equal_weight_demographic_similarity,prop_nodes_lcc,1,1,1,0.96,0.62,0.33999999999999997,,,descriptive_reference_not_treatment_CI
revision896_f2c6b9696988_global_gpt-6-luna_us_english_s0,equal_weight_demographic_similarity,global_efficiency,1,1,1,0.24335905137945948,0.14321616931820982,0.10014288206124966,,,descriptive_reference_not_treatment_CI
revision896_f2c6b9696988_global_gpt-6-luna_us_english_s0,equal_weight_demographic_similarity,num_components,1,1,1,3.0,6.0,-3.0,,,descriptive_reference_not_treatment_CI
revision896_f2c6b9696988_global_gpt-6-luna_us_english_s0,equal_weight_demographic_similarity,modularity,1,1,1,0.655517578125,0.7491455078125,-0.0936279296875,,,descriptive_reference_not_treatment_CI
revision896_f2c6b9696988_global_gpt-6-luna_us_english_s0,equal_weight_demographic_similarity,radius_lcc,1,1,1,8.0,7.0,1.0,,,descriptive_reference_not_treatment_CI
revision896_f2c6b9696988_global_gpt-6-luna_us_english_s0,equal_weight_demographic_similarity,diameter_lcc,1,1,1,13.0,14.0,-1.0,,,descriptive_reference_not_treatment_CI
revision896_f2c6b9696988_global_gpt-6-luna_us_english_s0,equal_weight_demographic_similarity,avg_shortest_path_lcc,1,1,1,5.323581560283688,5.488172043010753,-0.164590482727065,,,descriptive_reference_not_treatment_CI
revision896_f2c6b9696988_global_gpt-6-luna_us_english_s0,equal_weight_demographic_similarity,degree_one_share,1,1,1,0.08,0.22,-0.14,,,descriptive_reference_not_treatment_CI
revision896_f2c6b9696988_global_gpt-6-luna_us_english_s0,equal_weight_demographic_similarity,isolate_share,1,1,1,0.04,0.02,0.02,,,descriptive_reference_not_treatment_CI
revision896_f2c6b9696988_global_gpt-6-luna_us_english_s0,equal_weight_demographic_similarity,degree_gini,1,1,1,0.2284375,0.265,-0.036562500000000026,,,descriptive_reference_not_treatment_CI
revision896_f2c6b9696988_global_gpt-6-luna_us_english_s0,equal_weight_demographic_similarity,coleman_gender,1,1,1,0.36604856996562063,0.8677735610373182,-0.5017249910716975,,,descriptive_reference_not_treatment_CI
revision896_f2c6b9696988_global_gpt-6-luna_us_english_s0,equal_weight_demographic_similarity,coleman_religion,1,1,1,0.724792960662526,0.5913190258017844,0.13347393486074155,,,descriptive_reference_not_treatment_CI
revision896_f2c6b9696988_global_gpt-6-luna_us_english_s0,equal_weight_demographic_similarity,coleman_political orientation,1,1,1,0.4547637236712867,0.8826579658717393,-0.4278942422004526,,,descriptive_reference_not_treatment_CI
revision896_f2c6b9696988_global_gpt-6-luna_us_english_s0,equal_weight_demographic_similarity,age_assortativity,1,1,1,0.6410478369298626,0.296884650454715,0.34416318647514754,,,descriptive_reference_not_treatment_CI
revision896_f2c6b9696988_global_gpt-6-luna_us_english_s0,uniform_edge_count,density,20,20,20,0.052244897959183675,0.05224489795918367,6.938893903907228e-18,0.052244897959183675,0.052244897959183675,descriptive_reference_not_treatment_CI
revision896_f2c6b9696988_global_gpt-6-luna_us_english_s0,uniform_edge_count,avg_clustering_coef,20,20,20,0.13933333333333334,0.029442857142857142,0.10989047619047619,0.0,0.07631666666666664,descriptive_reference_not_treatment_CI
revision896_f2c6b9696988_global_gpt-6-luna_us_english_s0,uniform_edge_count,prop_nodes_lcc,20,20,20,0.96,0.9100000000000001,0.04999999999999982,0.8294999999999999,0.9904999999999999,descriptive_reference_not_treatment_CI
revision896_f2c6b9696988_global_gpt-6-luna_us_english_s0,uniform_edge_count,global_efficiency,20,20,20,0.24335905137945948,0.2740078982242258,-0.030648846844766292,0.24149906057661125,0.30311345966958403,descriptive_reference_not_treatment_CI
revision896_f2c6b9696988_global_gpt-6-luna_us_english_s0,uniform_edge_count,num_components,20,20,20,3.0,5.0,-2.0,1.475,8.0,descriptive_reference_not_treatment_CI
revision896_f2c6b9696988_global_gpt-6-luna_us_english_s0,uniform_edge_count,modularity,20,20,20,0.655517578125,0.537750244140625,0.117767333984375,0.4858917236328125,0.5790863037109375,descriptive_reference_not_treatment_CI
revision896_f2c6b9696988_global_gpt-6-luna_us_english_s0,uniform_edge_count,radius_lcc,20,20,20,8.0,4.8,3.2,4.0,6.0,descriptive_reference_not_treatment_CI
revision896_f2c6b9696988_global_gpt-6-luna_us_english_s0,uniform_edge_count,diameter_lcc,20,20,20,13.0,8.7,4.300000000000001,7.0,11.524999999999999,descriptive_reference_not_treatment_CI
revision896_f2c6b9696988_global_gpt-6-luna_us_english_s0,uniform_edge_count,avg_shortest_path_lcc,20,20,20,5.323581560283688,3.7998564094070004,1.5237251508766874,3.3545486251789427,4.2497542784458835,descriptive_reference_not_treatment_CI
revision896_f2c6b9696988_global_gpt-6-luna_us_english_s0,uniform_edge_count,degree_one_share,20,20,20,0.08,0.185,-0.105,0.1095,0.28,descriptive_reference_not_treatment_CI
revision896_f2c6b9696988_global_gpt-6-luna_us_english_s0,uniform_edge_count,isolate_share,20,20,20,0.04,0.07200000000000002,-0.03200000000000002,0.009500000000000001,0.13049999999999998,descriptive_reference_not_treatment_CI
revision896_f2c6b9696988_global_gpt-6-luna_us_english_s0,uniform_edge_count,degree_gini,20,20,20,0.2284375,0.325171875,-0.09673437500000001,0.2605,0.37321875,descriptive_reference_not_treatment_CI
revision896_f2c6b9696988_global_gpt-6-luna_us_english_s0,uniform_edge_count,coleman_gender,20,20,20,0.36604856996562063,-0.03394789255727058,0.3999964625228912,-0.17161756748153814,0.1225940565070999,descriptive_reference_not_treatment_CI
revision896_f2c6b9696988_global_gpt-6-luna_us_english_s0,uniform_edge_count,coleman_religion,20,20,20,0.724792960662526,-0.024783361509720454,0.7495763221722465,-0.10761386782553832,0.09134697201952627,descriptive_reference_not_treatment_CI
revision896_f2c6b9696988_global_gpt-6-luna_us_english_s0,uniform_edge_count,coleman_political orientation,20,20,20,0.4547637236712867,-0.01800438438955777,0.47276810806084446,-0.10061341167987581,0.07963819638113874,descriptive_reference_not_treatment_CI
revision896_f2c6b9696988_global_gpt-6-luna_us_english_s0,uniform_edge_count,age_assortativity,20,20,20,0.6410478369298626,-0.035913511042864305,0.6769613479727269,-0.20631135771183068,0.21287952059415227,descriptive_reference_not_treatment_CI
revision896_f2c6b9696988_global_gpt-6-luna_us_english_s1,degree_preserving_rewire,density,20,20,20,0.026938775510204082,0.026938775510204082,0.0,0.026938775510204082,0.026938775510204082,descriptive_reference_not_treatment_CI
revision896_f2c6b9696988_global_gpt-6-luna_us_english_s1,degree_preserving_rewire,avg_clustering_coef,20,20,20,0.0,0.0,0.0,0.0,0.0,descriptive_reference_not_treatment_CI
revision896_f2c6b9696988_global_gpt-6-luna_us_english_s1,degree_preserving_rewire,prop_nodes_lcc,20,20,20,0.18,0.13700000000000004,0.042999999999999955,0.1,0.18,descriptive_reference_not_treatment_CI
revision896_f2c6b9696988_global_gpt-6-luna_us_english_s1,degree_preserving_rewire,global_efficiency,20,20,20,0.0392050534499514,0.03781409135082604,0.0013909620991253563,0.036086734693877555,0.03938022351797862,descriptive_reference_not_treatment_CI
revision896_f2c6b9696988_global_gpt-6-luna_us_english_s1,degree_preserving_rewire,num_components,20,20,20,17.0,17.0,0.0,17.0,17.0,descriptive_reference_not_treatment_CI
revision896_f2c6b9696988_global_gpt-6-luna_us_english_s1,degree_preserving_rewire,modularity,20,20,20,0.8943985307621674,0.9090909090909094,-0.01469237832874204,0.8934343434343437,0.9237832874196512,descriptive_reference_not_treatment_CI
revision896_f2c6b9696988_global_gpt-6-luna_us_english_s1,degree_preserving_rewire,radius_lcc,20,20,20,4.0,2.95,1.0499999999999998,2.0,4.0,descriptive_reference_not_treatment_CI
revision896_f2c6b9696988_global_gpt-6-luna_us_english_s1,degree_preserving_rewire,diameter_lcc,20,20,20,7.0,5.25,1.75,3.475,7.0,descriptive_reference_not_treatment_CI
revision896_f2c6b9696988_global_gpt-6-luna_us_english_s1,degree_preserving_rewire,avg_shortest_path_lcc,20,20,20,3.0555555555555554,2.4639285714285717,0.5916269841269837,1.895,3.0,descriptive_reference_not_treatment_CI
revision896_f2c6b9696988_global_gpt-6-luna_us_english_s1,degree_preserving_rewire,degree_one_share,20,20,20,0.66,0.66,0.0,0.66,0.66,descriptive_reference_not_treatment_CI
revision896_f2c6b9696988_global_gpt-6-luna_us_english_s1,degree_preserving_rewire,isolate_share,20,20,20,0.02,0.020000000000000004,-3.469446951953614e-18,0.02,0.02,descriptive_reference_not_treatment_CI
revision896_f2c6b9696988_global_gpt-6-luna_us_english_s1,degree_preserving_rewire,degree_gini,20,20,20,0.19454545454545455,0.19454545454545452,2.7755575615628914e-17,0.19454545454545455,0.19454545454545455,descriptive_reference_not_treatment_CI
revision896_f2c6b9696988_global_gpt-6-luna_us_english_s1,degree_preserving_rewire,coleman_gender,20,20,20,0.3950000000000001,-0.022625000000000017,0.4176250000000001,-0.2749270833333334,0.18890624999999994,descriptive_reference_not_treatment_CI
revision896_f2c6b9696988_global_gpt-6-luna_us_english_s1,degree_preserving_rewire,coleman_religion,20,20,20,0.6973443223443223,-0.026533882783882808,0.7238782051282051,-0.15747481684981687,0.1506295787545787,descriptive_reference_not_treatment_CI
revision896_f2c6b9696988_global_gpt-6-luna_us_english_s1,degree_preserving_rewire,coleman_political orientation,20,20,20,0.5247909616196063,-0.04267078284981103,0.5674617444694173,-0.23057618813884806,0.1818488895777897,descriptive_reference_not_treatment_CI
revision896_f2c6b9696988_global_gpt-6-luna_us_english_s1,degree_preserving_rewire,age_assortativity,20,20,20,0.7821214894066307,-0.06331526712184196,0.8454367565284727,-0.31912507918631716,0.1979531217005695,descriptive_reference_not_treatment_CI
revision896_f2c6b9696988_global_gpt-6-luna_us_english_s1,equal_weight_demographic_similarity,density,1,1,1,0.026938775510204082,0.026938775510204082,0.0,,,descriptive_reference_not_treatment_CI
revision896_f2c6b9696988_global_gpt-6-luna_us_english_s1,equal_weight_demographic_similarity,avg_clustering_coef,1,1,1,0.0,0.44,-0.44,,,descriptive_reference_not_treatment_CI
revision896_f2c6b9696988_global_gpt-6-luna_us_english_s1,equal_weight_demographic_similarity,prop_nodes_lcc,1,1,1,0.18,0.08,0.09999999999999999,,,descriptive_reference_not_treatment_CI
revision896_f2c6b9696988_global_gpt-6-luna_us_english_s1,equal_weight_demographic_similarity,global_efficiency,1,1,1,0.0392050534499514,0.026938775510204082,0.012266277939747317,,,descriptive_reference_not_treatment_CI
revision896_f2c6b9696988_global_gpt-6-luna_us_english_s1,equal_weight_demographic_similarity,num_components,1,1,1,17.0,26.0,-9.0,,,descriptive_reference_not_treatment_CI
revision896_f2c6b9696988_global_gpt-6-luna_us_english_s1,equal_weight_demographic_similarity,modularity,1,1,1,0.8943985307621674,0.9090909090909092,-0.014692378328741817,,,descriptive_reference_not_treatment_CI
revision896_f2c6b9696988_global_gpt-6-luna_us_english_s1,equal_weight_demographic_similarity,radius_lcc,1,1,1,4.0,1.0,3.0,,,descriptive_reference_not_treatment_CI
revision896_f2c6b9696988_global_gpt-6-luna_us_english_s1,equal_weight_demographic_similarity,diameter_lcc,1,1,1,7.0,1.0,6.0,,,descriptive_reference_not_treatment_CI
revision896_f2c6b9696988_global_gpt-6-luna_us_english_s1,equal_weight_demographic_similarity,avg_shortest_path_lcc,1,1,1,3.0555555555555554,1.0,2.0555555555555554,,,descriptive_reference_not_treatment_CI
revision896_f2c6b9696988_global_gpt-6-luna_us_english_s1,equal_weight_demographic_similarity,degree_one_share,1,1,1,0.66,0.36,0.30000000000000004,,,descriptive_reference_not_treatment_CI
revision896_f2c6b9696988_global_gpt-6-luna_us_english_s1,equal_weight_demographic_similarity,isolate_share,1,1,1,0.02,0.2,-0.18000000000000002,,,descriptive_reference_not_treatment_CI
revision896_f2c6b9696988_global_gpt-6-luna_us_english_s1,equal_weight_demographic_similarity,degree_gini,1,1,1,0.19454545454545455,0.36363636363636365,-0.1690909090909091,,,descriptive_reference_not_treatment_CI
revision896_f2c6b9696988_global_gpt-6-luna_us_english_s1,equal_weight_demographic_similarity,coleman_gender,1,1,1,0.3950000000000001,1.0,-0.605,,,descriptive_reference_not_treatment_CI
revision896_f2c6b9696988_global_gpt-6-luna_us_english_s1,equal_weight_demographic_similarity,coleman_religion,1,1,1,0.6973443223443223,1.0,-0.3026556776556777,,,descriptive_reference_not_treatment_CI
revision896_f2c6b9696988_global_gpt-6-luna_us_english_s1,equal_weight_demographic_similarity,coleman_political orientation,1,1,1,0.5247909616196063,1.0,-0.47520903838039374,,,descriptive_reference_not_treatment_CI
revision896_f2c6b9696988_global_gpt-6-luna_us_english_s1,equal_weight_demographic_similarity,age_assortativity,1,1,1,0.7821214894066307,-0.2833451741016457,1.0654666635082766,,,descriptive_reference_not_treatment_CI
revision896_f2c6b9696988_global_gpt-6-luna_us_english_s1,uniform_edge_count,density,20,20,20,0.026938775510204082,0.026938775510204082,0.0,0.026938775510204082,0.026938775510204082,descriptive_reference_not_treatment_CI
revision896_f2c6b9696988_global_gpt-6-luna_us_english_s1,uniform_edge_count,avg_clustering_coef,20,20,20,0.0,0.010100000000000001,-0.010100000000000001,0.0,0.059366666666666665,descriptive_reference_not_treatment_CI
revision896_f2c6b9696988_global_gpt-6-luna_us_english_s1,uniform_edge_count,prop_nodes_lcc,20,20,20,0.18,0.426,-0.246,0.2085,0.58,descriptive_reference_not_treatment_CI
revision896_f2c6b9696988_global_gpt-6-luna_us_english_s1,uniform_edge_count,global_efficiency,20,20,20,0.0392050534499514,0.07651258724268918,-0.03730753379273778,0.051779834791059264,0.09809448420060637,descriptive_reference_not_treatment_CI
revision896_f2c6b9696988_global_gpt-6-luna_us_english_s1,uniform_edge_count,num_components,20,20,20,17.0,17.9,-0.8999999999999986,17.0,19.525,descriptive_reference_not_treatment_CI
revision896_f2c6b9696988_global_gpt-6-luna_us_english_s1,uniform_edge_count,modularity,20,20,20,0.8943985307621674,0.7429522497704316,0.15144628099173574,0.6793388429752066,0.829419191919192,descriptive_reference_not_treatment_CI
revision896_f2c6b9696988_global_gpt-6-luna_us_english_s1,uniform_edge_count,radius_lcc,20,20,20,4.0,5.3,-1.2999999999999998,3.475,8.0,descriptive_reference_not_treatment_CI
revision896_f2c6b9696988_global_gpt-6-luna_us_english_s1,uniform_edge_count,diameter_lcc,20,20,20,7.0,10.2,-3.1999999999999993,5.95,16.0,descriptive_reference_not_treatment_CI
revision896_f2c6b9696988_global_gpt-6-luna_us_english_s1,uniform_edge_count,avg_shortest_path_lcc,20,20,20,3.0555555555555554,4.28733511123027,-1.2317795556747146,2.86780303030303,6.028270388615216,descriptive_reference_not_treatment_CI
revision896_f2c6b9696988_global_gpt-6-luna_us_english_s1,uniform_edge_count,degree_one_share,20,20,20,0.66,0.38700000000000007,0.27299999999999996,0.2695,0.5219999999999999,descriptive_reference_not_treatment_CI
revision896_f2c6b9696988_global_gpt-6-luna_us_english_s1,uniform_edge_count,isolate_share,20,20,20,0.02,0.24100000000000002,-0.22100000000000003,0.159,0.3,descriptive_reference_not_treatment_CI
revision896_f2c6b9696988_global_gpt-6-luna_us_english_s1,uniform_edge_count,degree_gini,20,20,20,0.19454545454545455,0.4406060606060606,-0.24606060606060606,0.37062121212121213,0.4961060606060606,descriptive_reference_not_treatment_CI
revision896_f2c6b9696988_global_gpt-6-luna_us_english_s1,uniform_edge_count,coleman_gender,20,20,20,0.3950000000000001,-0.03918761216673146,0.4341876121667315,-0.3109362347211613,0.20077269057778774,descriptive_reference_not_treatment_CI
revision896_f2c6b9696988_global_gpt-6-luna_us_english_s1,uniform_edge_count,coleman_religion,20,20,20,0.6973443223443223,-0.049734207098371196,0.7470785294426935,-0.16043709150326801,0.13613794191919168,descriptive_reference_not_treatment_CI
revision896_f2c6b9696988_global_gpt-6-luna_us_english_s1,uniform_edge_count,coleman_political orientation,20,20,20,0.5247909616196063,-0.04221180003295345,0.5670027616525597,-0.17259945351941747,0.15137571833023977,descriptive_reference_not_treatment_CI
revision896_f2c6b9696988_global_gpt-6-luna_us_english_s1,uniform_edge_count,age_assortativity,20,20,20,0.7821214894066307,-0.10372715008029088,0.8858486394869216,-0.36269480470471727,0.12090379510129838,descriptive_reference_not_treatment_CI
revision896_f2c6b9696988_global_gpt-6-luna_us_hindi_s0,degree_preserving_rewire,density,20,20,20,0.02040816326530612,0.020408163265306124,-3.469446951953614e-18,0.02040816326530612,0.02040816326530612,descriptive_reference_not_treatment_CI
revision896_f2c6b9696988_global_gpt-6-luna_us_hindi_s0,degree_preserving_rewire,avg_clustering_coef,20,20,20,0.0,0.0,0.0,0.0,0.0,descriptive_reference_not_treatment_CI
revision896_f2c6b9696988_global_gpt-6-luna_us_hindi_s0,degree_preserving_rewire,prop_nodes_lcc,20,20,20,0.06,0.06000000000000001,-1.3877787807814457e-17,0.06,0.06,descriptive_reference_not_treatment_CI
revision896_f2c6b9696988_global_gpt-6-luna_us_hindi_s0,degree_preserving_rewire,global_efficiency,20,20,20,0.020816326530612245,0.02081632653061225,-6.938893903907228e-18,0.020816326530612245,0.020816326530612245,descriptive_reference_not_treatment_CI
revision896_f2c6b9696988_global_gpt-6-luna_us_hindi_s0,degree_preserving_rewire,num_components,20,20,20,25.0,25.0,0.0,25.0,25.0,descriptive_reference_not_treatment_CI
revision896_f2c6b9696988_global_gpt-6-luna_us_hindi_s0,degree_preserving_rewire,modularity,20,20,20,0.9567999999999999,0.9568000000000001,-2.220446049250313e-16,0.9567999999999999,0.9567999999999999,descriptive_reference_not_treatment_CI
revision896_f2c6b9696988_global_gpt-6-luna_us_hindi_s0,degree_preserving_rewire,radius_lcc,20,20,20,1.0,1.0,0.0,1.0,1.0,descriptive_reference_not_treatment_CI
revision896_f2c6b9696988_global_gpt-6-luna_us_hindi_s0,degree_preserving_rewire,diameter_lcc,20,20,20,2.0,2.0,0.0,2.0,2.0,descriptive_reference_not_treatment_CI
revision896_f2c6b9696988_global_gpt-6-luna_us_hindi_s0,degree_preserving_rewire,avg_shortest_path_lcc,20,20,20,1.3333333333333333,1.333333333333333,2.220446049250313e-16,1.3333333333333333,1.3333333333333333,descriptive_reference_not_treatment_CI
revision896_f2c6b9696988_global_gpt-6-luna_us_hindi_s0,degree_preserving_rewire,degree_one_share,20,20,20,0.96,0.9600000000000002,-2.220446049250313e-16,0.96,0.96,descriptive_reference_not_treatment_CI
revision896_f2c6b9696988_global_gpt-6-luna_us_hindi_s0,degree_preserving_rewire,isolate_share,20,20,20,0.02,0.020000000000000004,-3.469446951953614e-18,0.02,0.02,descriptive_reference_not_treatment_CI
revision896_f2c6b9696988_global_gpt-6-luna_us_hindi_s0,degree_preserving_rewire,degree_gini,20,20,20,0.0392,0.0392,0.0,0.0392,0.0392,descriptive_reference_not_treatment_CI
revision896_f2c6b9696988_global_gpt-6-luna_us_hindi_s0,degree_preserving_rewire,coleman_gender,20,20,20,0.5811004784688995,-0.011738437001594946,0.5928389154704944,-0.1874521531100479,0.2066068580542264,descriptive_reference_not_treatment_CI
revision896_f2c6b9696988_global_gpt-6-luna_us_hindi_s0,degree_preserving_rewire,coleman_religion,20,20,20,0.6494949494949495,-0.02308080808080809,0.6725757575757576,-0.17863636363636368,0.10154040404040403,descriptive_reference_not_treatment_CI
revision896_f2c6b9696988_global_gpt-6-luna_us_hindi_s0,degree_preserving_rewire,coleman_political orientation,20,20,20,0.8199643493761142,-0.00828877005347596,0.8282531194295901,-0.23230837789661324,0.2221925133689838,descriptive_reference_not_treatment_CI
revision896_f2c6b9696988_global_gpt-6-luna_us_hindi_s0,degree_preserving_rewire,age_assortativity,20,20,20,0.6760464908052826,-0.05337755586078743,0.72942404666607,-0.3567136769151938,0.37229602168707154,descriptive_reference_not_treatment_CI
revision896_f2c6b9696988_global_gpt-6-luna_us_hindi_s0,equal_weight_demographic_similarity,density,1,1,1,0.02040816326530612,0.02040816326530612,0.0,,,descriptive_reference_not_treatment_CI
revision896_f2c6b9696988_global_gpt-6-luna_us_hindi_s0,equal_weight_demographic_similarity,avg_clustering_coef,1,1,1,0.0,0.22666666666666668,-0.22666666666666668,,,descriptive_reference_not_treatment_CI
revision896_f2c6b9696988_global_gpt-6-luna_us_hindi_s0,equal_weight_demographic_similarity,prop_nodes_lcc,1,1,1,0.06,0.08,-0.020000000000000004,,,descriptive_reference_not_treatment_CI
revision896_f2c6b9696988_global_gpt-6-luna_us_hindi_s0,equal_weight_demographic_similarity,global_efficiency,1,1,1,0.020816326530612245,0.02163265306122449,-0.0008163265306122443,,,descriptive_reference_not_treatment_CI
revision896_f2c6b9696988_global_gpt-6-luna_us_hindi_s0,equal_weight_demographic_similarity,num_components,1,1,1,25.0,29.0,-4.0,,,descriptive_reference_not_treatment_CI
revision896_f2c6b9696988_global_gpt-6-luna_us_hindi_s0,equal_weight_demographic_similarity,modularity,1,1,1,0.9567999999999999,0.9087999999999999,0.04799999999999993,,,descriptive_reference_not_treatment_CI
revision896_f2c6b9696988_global_gpt-6-luna_us_hindi_s0,equal_weight_demographic_similarity,radius_lcc,1,1,1,1.0,1.0,0.0,,,descriptive_reference_not_treatment_CI
revision896_f2c6b9696988_global_gpt-6-luna_us_hindi_s0,equal_weight_demographic_similarity,diameter_lcc,1,1,1,2.0,2.0,0.0,,,descriptive_reference_not_treatment_CI
revision896_f2c6b9696988_global_gpt-6-luna_us_hindi_s0,equal_weight_demographic_similarity,avg_shortest_path_lcc,1,1,1,1.3333333333333333,1.3333333333333333,0.0,,,descriptive_reference_not_treatment_CI
revision896_f2c6b9696988_global_gpt-6-luna_us_hindi_s0,equal_weight_demographic_similarity,degree_one_share,1,1,1,0.96,0.46,0.49999999999999994,,,descriptive_reference_not_treatment_CI
revision896_f2c6b9696988_global_gpt-6-luna_us_hindi_s0,equal_weight_demographic_similarity,isolate_share,1,1,1,0.02,0.28,-0.26,,,descriptive_reference_not_treatment_CI
revision896_f2c6b9696988_global_gpt-6-luna_us_hindi_s0,equal_weight_demographic_similarity,degree_gini,1,1,1,0.0392,0.4136,-0.3744,,,descriptive_reference_not_treatment_CI
revision896_f2c6b9696988_global_gpt-6-luna_us_hindi_s0,equal_weight_demographic_similarity,coleman_gender,1,1,1,0.5811004784688995,1.0,-0.41889952153110055,,,descriptive_reference_not_treatment_CI
revision896_f2c6b9696988_global_gpt-6-luna_us_hindi_s0,equal_weight_demographic_similarity,coleman_religion,1,1,1,0.6494949494949495,1.0,-0.35050505050505054,,,descriptive_reference_not_treatment_CI
revision896_f2c6b9696988_global_gpt-6-luna_us_hindi_s0,equal_weight_demographic_similarity,coleman_political orientation,1,1,1,0.8199643493761142,1.0,-0.18003565062388582,,,descriptive_reference_not_treatment_CI
revision896_f2c6b9696988_global_gpt-6-luna_us_hindi_s0,equal_weight_demographic_similarity,age_assortativity,1,1,1,0.6760464908052826,0.19859636953919643,0.4774501212660861,,,descriptive_reference_not_treatment_CI
revision896_f2c6b9696988_global_gpt-6-luna_us_hindi_s0,uniform_edge_count,density,20,20,20,0.02040816326530612,0.020408163265306124,-3.469446951953614e-18,0.02040816326530612,0.02040816326530612,descriptive_reference_not_treatment_CI
revision896_f2c6b9696988_global_gpt-6-luna_us_hindi_s0,uniform_edge_count,avg_clustering_coef,20,20,20,0.0,0.0,0.0,0.0,0.0,descriptive_reference_not_treatment_CI
revision896_f2c6b9696988_global_gpt-6-luna_us_hindi_s0,uniform_edge_count,prop_nodes_lcc,20,20,20,0.06,0.27199999999999996,-0.21199999999999997,0.159,0.4105,descriptive_reference_not_treatment_CI
revision896_f2c6b9696988_global_gpt-6-luna_us_hindi_s0,uniform_edge_count,global_efficiency,20,20,20,0.020816326530612245,0.042990564537503315,-0.02217423800689107,0.03178454810495627,0.056710126777983906,descriptive_reference_not_treatment_CI
revision896_f2c6b9696988_global_gpt-6-luna_us_hindi_s0,uniform_edge_count,num_components,20,20,20,25.0,25.25,-0.25,25.0,26.0,descriptive_reference_not_treatment_CI
revision896_f2c6b9696988_global_gpt-6-luna_us_hindi_s0,uniform_edge_count,modularity,20,20,20,0.9567999999999999,0.76352,0.1932799999999999,0.67352,0.84842,descriptive_reference_not_treatment_CI
revision896_f2c6b9696988_global_gpt-6-luna_us_hindi_s0,uniform_edge_count,radius_lcc,20,20,20,1.0,4.25,-3.25,2.475,6.0,descriptive_reference_not_treatment_CI
revision896_f2c6b9696988_global_gpt-6-luna_us_hindi_s0,uniform_edge_count,diameter_lcc,20,20,20,2.0,8.1,-6.1,4.475,12.0,descriptive_reference_not_treatment_CI
revision896_f2c6b9696988_global_gpt-6-luna_us_hindi_s0,uniform_edge_count,avg_shortest_path_lcc,20,20,20,1.3333333333333333,3.6043434064215796,-2.271010073088246,2.316287878787879,5.067318295739348,descriptive_reference_not_treatment_CI
revision896_f2c6b9696988_global_gpt-6-luna_us_hindi_s0,uniform_edge_count,degree_one_share,20,20,20,0.96,0.36,0.6,0.2495,0.5,descriptive_reference_not_treatment_CI
revision896_f2c6b9696988_global_gpt-6-luna_us_hindi_s0,uniform_edge_count,isolate_share,20,20,20,0.02,0.363,-0.34299999999999997,0.279,0.44099999999999995,descriptive_reference_not_treatment_CI
revision896_f2c6b9696988_global_gpt-6-luna_us_hindi_s0,uniform_edge_count,degree_gini,20,20,20,0.0392,0.5077999999999999,-0.4685999999999999,0.421,0.5789199999999999,descriptive_reference_not_treatment_CI
revision896_f2c6b9696988_global_gpt-6-luna_us_hindi_s0,uniform_edge_count,coleman_gender,20,20,20,0.5811004784688995,-0.061669540345752984,0.6427700188146525,-0.2148394879973828,0.12097880433406745,descriptive_reference_not_treatment_CI
revision896_f2c6b9696988_global_gpt-6-luna_us_hindi_s0,uniform_edge_count,coleman_religion,20,20,20,0.6494949494949495,-0.005603037743130638,0.6550979872380801,-0.17144886363636364,0.1357801491808844,descriptive_reference_not_treatment_CI
revision896_f2c6b9696988_global_gpt-6-luna_us_hindi_s0,uniform_edge_count,coleman_political orientation,20,20,20,0.8199643493761142,-0.050489780559274486,0.8704541299353886,-0.2058149906458503,0.0969300395596835,descriptive_reference_not_treatment_CI
revision896_f2c6b9696988_global_gpt-6-luna_us_hindi_s0,uniform_edge_count,age_assortativity,20,20,20,0.6760464908052826,-0.17465912460900715,0.8507056154142897,-0.5072272621119543,0.22971672785625102,descriptive_reference_not_treatment_CI
revision896_f2c6b9696988_global_gpt-6-luna_us_hindi_s1,degree_preserving_rewire,density,20,20,20,0.019591836734693877,0.01959183673469388,-3.469446951953614e-18,0.019591836734693877,0.019591836734693877,descriptive_reference_not_treatment_CI
revision896_f2c6b9696988_global_gpt-6-luna_us_hindi_s1,degree_preserving_rewire,avg_clustering_coef,20,20,20,0.0,0.0,0.0,0.0,0.0,descriptive_reference_not_treatment_CI
revision896_f2c6b9696988_global_gpt-6-luna_us_hindi_s1,degree_preserving_rewire,prop_nodes_lcc,20,20,20,0.04,0.04000000000000001,-6.938893903907228e-18,0.04,0.04,descriptive_reference_not_treatment_CI
revision896_f2c6b9696988_global_gpt-6-luna_us_hindi_s1,degree_preserving_rewire,global_efficiency,20,20,20,0.019591836734693877,0.01959183673469388,-3.469446951953614e-18,0.019591836734693877,0.019591836734693877,descriptive_reference_not_treatment_CI
revision896_f2c6b9696988_global_gpt-6-luna_us_hindi_s1,degree_preserving_rewire,num_components,20,20,20,26.0,26.0,0.0,26.0,26.0,descriptive_reference_not_treatment_CI
revision896_f2c6b9696988_global_gpt-6-luna_us_hindi_s1,degree_preserving_rewire,modularity,20,20,20,0.9583333333333337,0.9583333333333334,3.3306690738754696e-16,0.9583333333333337,0.9583333333333337,descriptive_reference_not_treatment_CI
revision896_f2c6b9696988_global_gpt-6-luna_us_hindi_s1,degree_preserving_rewire,radius_lcc,20,20,20,1.0,1.0,0.0,1.0,1.0,descriptive_reference_not_treatment_CI
revision896_f2c6b9696988_global_gpt-6-luna_us_hindi_s1,degree_preserving_rewire,diameter_lcc,20,20,20,1.0,1.0,0.0,1.0,1.0,descriptive_reference_not_treatment_CI
revision896_f2c6b9696988_global_gpt-6-luna_us_hindi_s1,degree_preserving_rewire,avg_shortest_path_lcc,20,20,20,1.0,1.0,0.0,1.0,1.0,descriptive_reference_not_treatment_CI
revision896_f2c6b9696988_global_gpt-6-luna_us_hindi_s1,degree_preserving_rewire,degree_one_share,20,20,20,0.96,0.9600000000000002,-2.220446049250313e-16,0.96,0.96,descriptive_reference_not_treatment_CI
revision896_f2c6b9696988_global_gpt-6-luna_us_hindi_s1,degree_preserving_rewire,isolate_share,20,20,20,0.04,0.04000000000000001,-6.938893903907228e-18,0.04,0.04,descriptive_reference_not_treatment_CI
revision896_f2c6b9696988_global_gpt-6-luna_us_hindi_s1,degree_preserving_rewire,degree_gini,20,20,20,0.04,0.04000000000000001,-6.938893903907228e-18,0.04,0.04,descriptive_reference_not_treatment_CI
revision896_f2c6b9696988_global_gpt-6-luna_us_hindi_s1,degree_preserving_rewire,coleman_gender,20,20,20,0.6185185185185186,-0.02296296296296301,0.6414814814814815,-0.29949074074074084,0.2053703703703703,descriptive_reference_not_treatment_CI
revision896_f2c6b9696988_global_gpt-6-luna_us_hindi_s1,degree_preserving_rewire,coleman_religion,20,20,20,0.6833333333333333,-0.06000000000000002,0.7433333333333334,-0.2,0.12763888888888872,descriptive_reference_not_treatment_CI
revision896_f2c6b9696988_global_gpt-6-luna_us_hindi_s1,degree_preserving_rewire,coleman_political orientation,20,20,20,0.5510398098633393,-0.015127748068924567,0.5661675579322639,-0.22940582293523476,0.24773618538324418,descriptive_reference_not_treatment_CI
revision896_f2c6b9696988_global_gpt-6-luna_us_hindi_s1,degree_preserving_rewire,age_assortativity,20,20,20,0.6855901854938292,0.030066560920290558,0.6555236245735386,-0.2814715829554908,0.35792494266188696,descriptive_reference_not_treatment_CI
revision896_f2c6b9696988_global_gpt-6-luna_us_hindi_s1,equal_weight_demographic_similarity,density,1,1,1,0.019591836734693877,0.019591836734693877,0.0,,,descriptive_reference_not_treatment_CI
revision896_f2c6b9696988_global_gpt-6-luna_us_hindi_s1,equal_weight_demographic_similarity,avg_clustering_coef,1,1,1,0.0,0.22666666666666668,-0.22666666666666668,,,descriptive_reference_not_treatment_CI
revision896_f2c6b9696988_global_gpt-6-luna_us_hindi_s1,equal_weight_demographic_similarity,prop_nodes_lcc,1,1,1,0.04,0.08,-0.04,,,descriptive_reference_not_treatment_CI
revision896_f2c6b9696988_global_gpt-6-luna_us_hindi_s1,equal_weight_demographic_similarity,global_efficiency,1,1,1,0.019591836734693877,0.020816326530612245,-0.0012244897959183682,,,descriptive_reference_not_treatment_CI
revision896_f2c6b9696988_global_gpt-6-luna_us_hindi_s1,equal_weight_demographic_similarity,num_components,1,1,1,26.0,30.0,-4.0,,,descriptive_reference_not_treatment_CI
revision896_f2c6b9696988_global_gpt-6-luna_us_hindi_s1,equal_weight_demographic_similarity,modularity,1,1,1,0.9583333333333337,0.9027777777777779,0.0555555555555558,,,descriptive_reference_not_treatment_CI
revision896_f2c6b9696988_global_gpt-6-luna_us_hindi_s1,equal_weight_demographic_similarity,radius_lcc,1,1,1,1.0,1.0,0.0,,,descriptive_reference_not_treatment_CI
revision896_f2c6b9696988_global_gpt-6-luna_us_hindi_s1,equal_weight_demographic_similarity,diameter_lcc,1,1,1,1.0,2.0,-1.0,,,descriptive_reference_not_treatment_CI
revision896_f2c6b9696988_global_gpt-6-luna_us_hindi_s1,equal_weight_demographic_similarity,avg_shortest_path_lcc,1,1,1,1.0,1.3333333333333333,-0.33333333333333326,,,descriptive_reference_not_treatment_CI
revision896_f2c6b9696988_global_gpt-6-luna_us_hindi_s1,equal_weight_demographic_similarity,degree_one_share,1,1,1,0.96,0.42,0.54,,,descriptive_reference_not_treatment_CI
revision896_f2c6b9696988_global_gpt-6-luna_us_hindi_s1,equal_weight_demographic_similarity,isolate_share,1,1,1,0.04,0.32,-0.28,,,descriptive_reference_not_treatment_CI
revision896_f2c6b9696988_global_gpt-6-luna_us_hindi_s1,equal_weight_demographic_similarity,degree_gini,1,1,1,0.04,0.4475,-0.40750000000000003,,,descriptive_reference_not_treatment_CI
revision896_f2c6b9696988_global_gpt-6-luna_us_hindi_s1,equal_weight_demographic_similarity,coleman_gender,1,1,1,0.6185185185185186,1.0,-0.3814814814814814,,,descriptive_reference_not_treatment_CI
revision896_f2c6b9696988_global_gpt-6-luna_us_hindi_s1,equal_weight_demographic_similarity,coleman_religion,1,1,1,0.6833333333333333,1.0,-0.31666666666666665,,,descriptive_reference_not_treatment_CI
revision896_f2c6b9696988_global_gpt-6-luna_us_hindi_s1,equal_weight_demographic_similarity,coleman_political orientation,1,1,1,0.5510398098633393,1.0,-0.44896019013666066,,,descriptive_reference_not_treatment_CI
revision896_f2c6b9696988_global_gpt-6-luna_us_hindi_s1,equal_weight_demographic_similarity,age_assortativity,1,1,1,0.6855901854938292,0.2628092396992017,0.4227809457946275,,,descriptive_reference_not_treatment_CI
revision896_f2c6b9696988_global_gpt-6-luna_us_hindi_s1,uniform_edge_count,density,20,20,20,0.019591836734693877,0.01959183673469388,-3.469446951953614e-18,0.019591836734693877,0.019591836734693877,descriptive_reference_not_treatment_CI
revision896_f2c6b9696988_global_gpt-6-luna_us_hindi_s1,uniform_edge_count,avg_clustering_coef,20,20,20,0.0,0.0028333333333333335,-0.0028333333333333335,0.0,0.029016666666666628,descriptive_reference_not_treatment_CI
revision896_f2c6b9696988_global_gpt-6-luna_us_hindi_s1,uniform_edge_count,prop_nodes_lcc,20,20,20,0.04,0.23200000000000004,-0.19200000000000003,0.14950000000000002,0.40299999999999986,descriptive_reference_not_treatment_CI
revision896_f2c6b9696988_global_gpt-6-luna_us_hindi_s1,uniform_edge_count,global_efficiency,20,20,20,0.019591836734693877,0.039274672832836095,-0.01968283609814222,0.03117244897959184,0.05994681984681978,descriptive_reference_not_treatment_CI
revision896_f2c6b9696988_global_gpt-6-luna_us_hindi_s1,uniform_edge_count,num_components,20,20,20,26.0,26.3,-0.3000000000000007,26.0,27.525,descriptive_reference_not_treatment_CI
revision896_f2c6b9696988_global_gpt-6-luna_us_hindi_s1,uniform_edge_count,modularity,20,20,20,0.9583333333333337,0.7625868055555556,0.19574652777777812,0.6544704861111111,0.8359592013888889,descriptive_reference_not_treatment_CI
revision896_f2c6b9696988_global_gpt-6-luna_us_hindi_s1,uniform_edge_count,radius_lcc,20,20,20,1.0,3.6,-2.6,2.475,6.049999999999997,descriptive_reference_not_treatment_CI
revision896_f2c6b9696988_global_gpt-6-luna_us_hindi_s1,uniform_edge_count,diameter_lcc,20,20,20,1.0,6.65,-5.65,4.475,11.099999999999994,descriptive_reference_not_treatment_CI
revision896_f2c6b9696988_global_gpt-6-luna_us_hindi_s1,uniform_edge_count,avg_shortest_path_lcc,20,20,20,1.0,3.1488582073652402,-2.1488582073652402,2.4408333333333334,4.561218129696389,descriptive_reference_not_treatment_CI
revision896_f2c6b9696988_global_gpt-6-luna_us_hindi_s1,uniform_edge_count,degree_one_share,20,20,20,0.96,0.3460000000000001,0.6139999999999999,0.198,0.4819999999999999,descriptive_reference_not_treatment_CI
revision896_f2c6b9696988_global_gpt-6-luna_us_hindi_s1,uniform_edge_count,isolate_share,20,20,20,0.04,0.388,-0.34800000000000003,0.30850000000000005,0.48,descriptive_reference_not_treatment_CI
revision896_f2c6b9696988_global_gpt-6-luna_us_hindi_s1,uniform_edge_count,degree_gini,20,20,20,0.04,0.5259166666666667,-0.4859166666666667,0.43922916666666667,0.6181874999999999,descriptive_reference_not_treatment_CI
revision896_f2c6b9696988_global_gpt-6-luna_us_hindi_s1,uniform_edge_count,coleman_gender,20,20,20,0.6185185185185186,-0.0819231232658848,0.7004416417844034,-0.3225000000000001,0.18295591787439602,descriptive_reference_not_treatment_CI
revision896_f2c6b9696988_global_gpt-6-luna_us_hindi_s1,uniform_edge_count,coleman_religion,20,20,20,0.6833333333333333,-0.03406385281385284,0.7173971861471862,-0.20238636363636364,0.1307795329670329,descriptive_reference_not_treatment_CI
revision896_f2c6b9696988_global_gpt-6-luna_us_hindi_s1,uniform_edge_count,coleman_political orientation,20,20,20,0.5510398098633393,-0.06800841449011599,0.6190482243534553,-0.2945320418720074,0.16897172608245264,descriptive_reference_not_treatment_CI
revision896_f2c6b9696988_global_gpt-6-luna_us_hindi_s1,uniform_edge_count,age_assortativity,20,20,20,0.6855901854938292,0.022982076424734856,0.6626081090690944,-0.2457489986014815,0.40614522242977635,descriptive_reference_not_treatment_CI
revision896_f2c6b9696988_global_gpt-6-luna_us_japanese_s0,degree_preserving_rewire,density,20,20,20,0.024489795918367346,0.02448979591836735,-3.469446951953614e-18,0.024489795918367346,0.024489795918367346,descriptive_reference_not_treatment_CI
revision896_f2c6b9696988_global_gpt-6-luna_us_japanese_s0,degree_preserving_rewire,avg_clustering_coef,20,20,20,0.0,0.002333333333333333,-0.002333333333333333,0.0,0.02449999999999993,descriptive_reference_not_treatment_CI
revision896_f2c6b9696988_global_gpt-6-luna_us_japanese_s0,degree_preserving_rewire,prop_nodes_lcc,20,20,20,0.16,0.11600000000000002,0.043999999999999984,0.08,0.21049999999999996,descriptive_reference_not_treatment_CI
revision896_f2c6b9696988_global_gpt-6-luna_us_japanese_s0,degree_preserving_rewire,global_efficiency,20,20,20,0.03314285714285714,0.031790573372206025,0.001352283770651115,0.030197278911564627,0.036156122448979595,descriptive_reference_not_treatment_CI
revision896_f2c6b9696988_global_gpt-6-luna_us_japanese_s0,degree_preserving_rewire,num_components,20,20,20,20.0,20.05,-0.05000000000000071,20.0,20.525,descriptive_reference_not_treatment_CI
revision896_f2c6b9696988_global_gpt-6-luna_us_japanese_s0,degree_preserving_rewire,modularity,20,20,20,0.9044444444444445,0.9192222222222222,-0.014777777777777668,0.8788055555555557,0.9345000000000001,descriptive_reference_not_treatment_CI
revision896_f2c6b9696988_global_gpt-6-luna_us_japanese_s0,degree_preserving_rewire,radius_lcc,20,20,20,3.0,2.15,0.8500000000000001,1.475,3.5249999999999986,descriptive_reference_not_treatment_CI
revision896_f2c6b9696988_global_gpt-6-luna_us_japanese_s0,degree_preserving_rewire,diameter_lcc,20,20,20,6.0,3.85,2.15,2.475,6.524999999999999,descriptive_reference_not_treatment_CI
revision896_f2c6b9696988_global_gpt-6-luna_us_japanese_s0,degree_preserving_rewire,avg_shortest_path_lcc,20,20,20,2.7142857142857144,2.0665584415584415,0.6477272727272729,1.5791666666666666,3.2130303030303025,descriptive_reference_not_treatment_CI
revision896_f2c6b9696988_global_gpt-6-luna_us_japanese_s0,degree_preserving_rewire,degree_one_share,20,20,20,0.74,0.74,0.0,0.74,0.74,descriptive_reference_not_treatment_CI
revision896_f2c6b9696988_global_gpt-6-luna_us_japanese_s0,degree_preserving_rewire,isolate_share,20,20,20,0.04,0.04000000000000001,-6.938893903907228e-18,0.04,0.04,descriptive_reference_not_treatment_CI
revision896_f2c6b9696988_global_gpt-6-luna_us_japanese_s0,degree_preserving_rewire,degree_gini,20,20,20,0.19133333333333333,0.1913333333333333,2.7755575615628914e-17,0.19133333333333333,0.19133333333333333,descriptive_reference_not_treatment_CI
revision896_f2c6b9696988_global_gpt-6-luna_us_japanese_s0,degree_preserving_rewire,coleman_gender,20,20,20,0.8152777777777778,-0.050277777777777824,0.8655555555555556,-0.1876041666666667,0.11690972222222216,descriptive_reference_not_treatment_CI
revision896_f2c6b9696988_global_gpt-6-luna_us_japanese_s0,degree_preserving_rewire,coleman_religion,20,20,20,0.7506410256410257,0.025865384615384613,0.7247756410256412,-0.11506410256410257,0.16504807692307688,descriptive_reference_not_treatment_CI
revision896_f2c6b9696988_global_gpt-6-luna_us_japanese_s0,degree_preserving_rewire,coleman_political orientation,20,20,20,0.5430111532369774,-0.03707154406935872,0.5800826973063361,-0.24271902001254586,0.13428221157118436,descriptive_reference_not_treatment_CI
revision896_f2c6b9696988_global_gpt-6-luna_us_japanese_s0,degree_preserving_rewire,age_assortativity,20,20,20,0.6482004467429803,0.02131236724578333,0.6268880794971969,-0.30382177513561864,0.34035264299500606,descriptive_reference_not_treatment_CI
revision896_f2c6b9696988_global_gpt-6-luna_us_japanese_s0,equal_weight_demographic_similarity,density,1,1,1,0.024489795918367346,0.024489795918367346,0.0,,,descriptive_reference_not_treatment_CI
revision896_f2c6b9696988_global_gpt-6-luna_us_japanese_s0,equal_weight_demographic_similarity,avg_clustering_coef,1,1,1,0.0,0.32,-0.32,,,descriptive_reference_not_treatment_CI
revision896_f2c6b9696988_global_gpt-6-luna_us_japanese_s0,equal_weight_demographic_similarity,prop_nodes_lcc,1,1,1,0.16,0.08,0.08,,,descriptive_reference_not_treatment_CI
revision896_f2c6b9696988_global_gpt-6-luna_us_japanese_s0,equal_weight_demographic_similarity,global_efficiency,1,1,1,0.03314285714285714,0.025306122448979593,0.007836734693877547,,,descriptive_reference_not_treatment_CI
revision896_f2c6b9696988_global_gpt-6-luna_us_japanese_s0,equal_weight_demographic_similarity,num_components,1,1,1,20.0,27.0,-7.0,,,descriptive_reference_not_treatment_CI
revision896_f2c6b9696988_global_gpt-6-luna_us_japanese_s0,equal_weight_demographic_similarity,modularity,1,1,1,0.9044444444444445,0.9022222222222223,0.0022222222222222365,,,descriptive_reference_not_treatment_CI
revision896_f2c6b9696988_global_gpt-6-luna_us_japanese_s0,equal_weight_demographic_similarity,radius_lcc,1,1,1,3.0,1.0,2.0,,,descriptive_reference_not_treatment_CI
revision896_f2c6b9696988_global_gpt-6-luna_us_japanese_s0,equal_weight_demographic_similarity,diameter_lcc,1,1,1,6.0,1.0,5.0,,,descriptive_reference_not_treatment_CI
revision896_f2c6b9696988_global_gpt-6-luna_us_japanese_s0,equal_weight_demographic_similarity,avg_shortest_path_lcc,1,1,1,2.7142857142857144,1.0,1.7142857142857144,,,descriptive_reference_not_treatment_CI
revision896_f2c6b9696988_global_gpt-6-luna_us_japanese_s0,equal_weight_demographic_similarity,degree_one_share,1,1,1,0.74,0.4,0.33999999999999997,,,descriptive_reference_not_treatment_CI
revision896_f2c6b9696988_global_gpt-6-luna_us_japanese_s0,equal_weight_demographic_similarity,isolate_share,1,1,1,0.04,0.24,-0.19999999999999998,,,descriptive_reference_not_treatment_CI
revision896_f2c6b9696988_global_gpt-6-luna_us_japanese_s0,equal_weight_demographic_similarity,degree_gini,1,1,1,0.19133333333333333,0.4053333333333333,-0.214,,,descriptive_reference_not_treatment_CI
revision896_f2c6b9696988_global_gpt-6-luna_us_japanese_s0,equal_weight_demographic_similarity,coleman_gender,1,1,1,0.8152777777777778,1.0,-0.18472222222222223,,,descriptive_reference_not_treatment_CI
revision896_f2c6b9696988_global_gpt-6-luna_us_japanese_s0,equal_weight_demographic_similarity,coleman_religion,1,1,1,0.7506410256410257,1.0,-0.24935897435897425,,,descriptive_reference_not_treatment_CI
revision896_f2c6b9696988_global_gpt-6-luna_us_japanese_s0,equal_weight_demographic_similarity,coleman_political orientation,1,1,1,0.5430111532369774,1.0,-0.45698884676302265,,,descriptive_reference_not_treatment_CI
revision896_f2c6b9696988_global_gpt-6-luna_us_japanese_s0,equal_weight_demographic_similarity,age_assortativity,1,1,1,0.6482004467429803,-0.11975385466362476,0.767954301406605,,,descriptive_reference_not_treatment_CI
revision896_f2c6b9696988_global_gpt-6-luna_us_japanese_s0,uniform_edge_count,density,20,20,20,0.024489795918367346,0.02448979591836735,-3.469446951953614e-18,0.024489795918367346,0.024489795918367346,descriptive_reference_not_treatment_CI
revision896_f2c6b9696988_global_gpt-6-luna_us_japanese_s0,uniform_edge_count,avg_clustering_coef,20,20,20,0.0,0.005333333333333333,-0.005333333333333333,0.0,0.04666666666666667,descriptive_reference_not_treatment_CI
revision896_f2c6b9696988_global_gpt-6-luna_us_japanese_s0,uniform_edge_count,prop_nodes_lcc,20,20,20,0.16,0.36400000000000005,-0.20400000000000004,0.1885,0.5705,descriptive_reference_not_treatment_CI
revision896_f2c6b9696988_global_gpt-6-luna_us_japanese_s0,uniform_edge_count,global_efficiency,20,20,20,0.03314285714285714,0.06341333892864501,-0.030270481785787867,0.0449598153547133,0.09440265482816475,descriptive_reference_not_treatment_CI
revision896_f2c6b9696988_global_gpt-6-luna_us_japanese_s0,uniform_edge_count,num_components,20,20,20,20.0,20.75,-0.75,20.0,22.0,descriptive_reference_not_treatment_CI
revision896_f2c6b9696988_global_gpt-6-luna_us_japanese_s0,uniform_edge_count,modularity,20,20,20,0.9044444444444445,0.7436388888888888,0.16080555555555565,0.6570833333333332,0.8200277777777777,descriptive_reference_not_treatment_CI
revision896_f2c6b9696988_global_gpt-6-luna_us_japanese_s0,uniform_edge_count,radius_lcc,20,20,20,3.0,4.6,-1.5999999999999996,3.0,6.0,descriptive_reference_not_treatment_CI
revision896_f2c6b9696988_global_gpt-6-luna_us_japanese_s0,uniform_edge_count,diameter_lcc,20,20,20,6.0,8.5,-2.5,4.475,12.0,descriptive_reference_not_treatment_CI
revision896_f2c6b9696988_global_gpt-6-luna_us_japanese_s0,uniform_edge_count,avg_shortest_path_lcc,20,20,20,2.7142857142857144,3.8299649213080484,-1.115679207022334,2.351325757575758,5.407939244663382,descriptive_reference_not_treatment_CI
revision896_f2c6b9696988_global_gpt-6-luna_us_japanese_s0,uniform_edge_count,degree_one_share,20,20,20,0.74,0.368,0.372,0.3,0.44,descriptive_reference_not_treatment_CI
revision896_f2c6b9696988_global_gpt-6-luna_us_japanese_s0,uniform_edge_count,isolate_share,20,20,20,0.04,0.2900000000000001,-0.2500000000000001,0.2295,0.36,descriptive_reference_not_treatment_CI
revision896_f2c6b9696988_global_gpt-6-luna_us_japanese_s0,uniform_edge_count,degree_gini,20,20,20,0.19133333333333333,0.4681666666666667,-0.2768333333333334,0.40315,0.5444666666666667,descriptive_reference_not_treatment_CI
revision896_f2c6b9696988_global_gpt-6-luna_us_japanese_s0,uniform_edge_count,coleman_gender,20,20,20,0.8152777777777778,-0.0607501782080313,0.8760279559858091,-0.3082646403042823,0.15388888888888883,descriptive_reference_not_treatment_CI
revision896_f2c6b9696988_global_gpt-6-luna_us_japanese_s0,uniform_edge_count,coleman_religion,20,20,20,0.7506410256410257,-0.02895765762445331,0.7795986832654791,-0.13780303030303032,0.09927787490287487,descriptive_reference_not_treatment_CI
revision896_f2c6b9696988_global_gpt-6-luna_us_japanese_s0,uniform_edge_count,coleman_political orientation,20,20,20,0.5430111532369774,-0.008790843937491175,0.5518019971744685,-0.1794731199462658,0.20472615734225624,descriptive_reference_not_treatment_CI
revision896_f2c6b9696988_global_gpt-6-luna_us_japanese_s0,uniform_edge_count,age_assortativity,20,20,20,0.6482004467429803,-0.13341585389808763,0.7816163006410679,-0.4634124047832981,0.10225721334184544,descriptive_reference_not_treatment_CI
revision896_f2c6b9696988_global_gpt-6-luna_us_japanese_s1,degree_preserving_rewire,density,20,20,20,0.02857142857142857,0.02857142857142857,0.0,0.02857142857142857,0.02857142857142857,descriptive_reference_not_treatment_CI
revision896_f2c6b9696988_global_gpt-6-luna_us_japanese_s1,degree_preserving_rewire,avg_clustering_coef,20,20,20,0.0,0.005333333333333333,-0.005333333333333333,0.0,0.05366666666666665,descriptive_reference_not_treatment_CI
revision896_f2c6b9696988_global_gpt-6-luna_us_japanese_s1,degree_preserving_rewire,prop_nodes_lcc,20,20,20,0.2,0.20500000000000002,-0.0050000000000000044,0.11900000000000001,0.2905,descriptive_reference_not_treatment_CI
revision896_f2c6b9696988_global_gpt-6-luna_us_japanese_s1,degree_preserving_rewire,global_efficiency,20,20,20,0.04757240038872691,0.04701694643225255,0.0005554539564743624,0.041209863945578226,0.052309766763848395,descriptive_reference_not_treatment_CI
revision896_f2c6b9696988_global_gpt-6-luna_us_japanese_s1,degree_preserving_rewire,num_components,20,20,20,15.0,15.25,-0.25,15.0,16.0,descriptive_reference_not_treatment_CI
revision896_f2c6b9696988_global_gpt-6-luna_us_japanese_s1,degree_preserving_rewire,modularity,20,20,20,0.8648979591836734,0.8699591836734694,-0.005061224489795957,0.8351122448979591,0.9066122448979592,descriptive_reference_not_treatment_CI
revision896_f2c6b9696988_global_gpt-6-luna_us_japanese_s1,degree_preserving_rewire,radius_lcc,20,20,20,4.0,4.0,0.0,2.475,5.524999999999999,descriptive_reference_not_treatment_CI
revision896_f2c6b9696988_global_gpt-6-luna_us_japanese_s1,degree_preserving_rewire,diameter_lcc,20,20,20,7.0,7.3,-0.2999999999999998,4.475,11.049999999999997,descriptive_reference_not_treatment_CI
revision896_f2c6b9696988_global_gpt-6-luna_us_japanese_s1,degree_preserving_rewire,avg_shortest_path_lcc,20,20,20,3.1333333333333333,3.258869463869464,-0.12553613053613066,2.2111111111111112,4.588205128205128,descriptive_reference_not_treatment_CI
revision896_f2c6b9696988_global_gpt-6-luna_us_japanese_s1,degree_preserving_rewire,degree_one_share,20,20,20,0.56,0.5600000000000002,-1.1102230246251565e-16,0.56,0.56,descriptive_reference_not_treatment_CI
revision896_f2c6b9696988_global_gpt-6-luna_us_japanese_s1,degree_preserving_rewire,isolate_share,20,20,20,0.04,0.04000000000000001,-6.938893903907228e-18,0.04,0.04,descriptive_reference_not_treatment_CI
revision896_f2c6b9696988_global_gpt-6-luna_us_japanese_s1,degree_preserving_rewire,degree_gini,20,20,20,0.22628571428571428,0.22628571428571426,2.7755575615628914e-17,0.22628571428571428,0.22628571428571428,descriptive_reference_not_treatment_CI
revision896_f2c6b9696988_global_gpt-6-luna_us_japanese_s1,degree_preserving_rewire,coleman_gender,20,20,20,0.4482716049382716,-0.07875925925925932,0.527030864197531,-0.2959320987654322,0.15436111111111106,descriptive_reference_not_treatment_CI
revision896_f2c6b9696988_global_gpt-6-luna_us_japanese_s1,degree_preserving_rewire,coleman_religion,20,20,20,0.8187500000000001,-0.009895833333333343,0.8286458333333334,-0.14541666666666664,0.11510416666666662,descriptive_reference_not_treatment_CI
revision896_f2c6b9696988_global_gpt-6-luna_us_japanese_s1,degree_preserving_rewire,coleman_political orientation,20,20,20,0.556786350903998,-0.06303157626687043,0.6198179271708684,-0.3008329089211443,0.13120278414396055,descriptive_reference_not_treatment_CI
revision896_f2c6b9696988_global_gpt-6-luna_us_japanese_s1,degree_preserving_rewire,age_assortativity,20,20,20,0.633122739787509,-0.06832422775174087,0.7014469675392498,-0.3150223755642435,0.26418755340358935,descriptive_reference_not_treatment_CI
revision896_f2c6b9696988_global_gpt-6-luna_us_japanese_s1,equal_weight_demographic_similarity,density,1,1,1,0.02857142857142857,0.02857142857142857,0.0,,,descriptive_reference_not_treatment_CI
revision896_f2c6b9696988_global_gpt-6-luna_us_japanese_s1,equal_weight_demographic_similarity,avg_clustering_coef,1,1,1,0.0,0.42666666666666664,-0.42666666666666664,,,descriptive_reference_not_treatment_CI
revision896_f2c6b9696988_global_gpt-6-luna_us_japanese_s1,equal_weight_demographic_similarity,prop_nodes_lcc,1,1,1,0.2,0.14,0.06,,,descriptive_reference_not_treatment_CI
revision896_f2c6b9696988_global_gpt-6-luna_us_japanese_s1,equal_weight_demographic_similarity,global_efficiency,1,1,1,0.04757240038872691,0.032639455782312934,0.014932944606413978,,,descriptive_reference_not_treatment_CI
revision896_f2c6b9696988_global_gpt-6-luna_us_japanese_s1,equal_weight_demographic_similarity,num_components,1,1,1,15.0,24.0,-9.0,,,descriptive_reference_not_treatment_CI
revision896_f2c6b9696988_global_gpt-6-luna_us_japanese_s1,equal_weight_demographic_similarity,modularity,1,1,1,0.8648979591836734,0.8881632653061226,-0.023265306122449148,,,descriptive_reference_not_treatment_CI
revision896_f2c6b9696988_global_gpt-6-luna_us_japanese_s1,equal_weight_demographic_similarity,radius_lcc,1,1,1,4.0,3.0,1.0,,,descriptive_reference_not_treatment_CI
revision896_f2c6b9696988_global_gpt-6-luna_us_japanese_s1,equal_weight_demographic_similarity,diameter_lcc,1,1,1,7.0,5.0,2.0,,,descriptive_reference_not_treatment_CI
revision896_f2c6b9696988_global_gpt-6-luna_us_japanese_s1,equal_weight_demographic_similarity,avg_shortest_path_lcc,1,1,1,3.1333333333333333,2.4285714285714284,0.7047619047619049,,,descriptive_reference_not_treatment_CI
revision896_f2c6b9696988_global_gpt-6-luna_us_japanese_s1,equal_weight_demographic_similarity,degree_one_share,1,1,1,0.56,0.3,0.26000000000000006,,,descriptive_reference_not_treatment_CI
revision896_f2c6b9696988_global_gpt-6-luna_us_japanese_s1,equal_weight_demographic_similarity,isolate_share,1,1,1,0.04,0.2,-0.16,,,descriptive_reference_not_treatment_CI
revision896_f2c6b9696988_global_gpt-6-luna_us_japanese_s1,equal_weight_demographic_similarity,degree_gini,1,1,1,0.22628571428571428,0.35714285714285715,-0.13085714285714287,,,descriptive_reference_not_treatment_CI
revision896_f2c6b9696988_global_gpt-6-luna_us_japanese_s1,equal_weight_demographic_similarity,coleman_gender,1,1,1,0.4482716049382716,1.0,-0.5517283950617284,,,descriptive_reference_not_treatment_CI
revision896_f2c6b9696988_global_gpt-6-luna_us_japanese_s1,equal_weight_demographic_similarity,coleman_religion,1,1,1,0.8187500000000001,0.9059523809523808,-0.08720238095238075,,,descriptive_reference_not_treatment_CI
revision896_f2c6b9696988_global_gpt-6-luna_us_japanese_s1,equal_weight_demographic_similarity,coleman_political orientation,1,1,1,0.556786350903998,1.0,-0.443213649096002,,,descriptive_reference_not_treatment_CI
revision896_f2c6b9696988_global_gpt-6-luna_us_japanese_s1,equal_weight_demographic_similarity,age_assortativity,1,1,1,0.633122739787509,-0.26065218691566755,0.8937749267031765,,,descriptive_reference_not_treatment_CI
revision896_f2c6b9696988_global_gpt-6-luna_us_japanese_s1,uniform_edge_count,density,20,20,20,0.02857142857142857,0.02857142857142857,0.0,0.02857142857142857,0.02857142857142857,descriptive_reference_not_treatment_CI
revision896_f2c6b9696988_global_gpt-6-luna_us_japanese_s1,uniform_edge_count,avg_clustering_coef,20,20,20,0.0,0.0127,-0.0127,0.0,0.05541666666666665,descriptive_reference_not_treatment_CI
revision896_f2c6b9696988_global_gpt-6-luna_us_japanese_s1,uniform_edge_count,prop_nodes_lcc,20,20,20,0.2,0.506,-0.306,0.3295,0.68,descriptive_reference_not_treatment_CI
revision896_f2c6b9696988_global_gpt-6-luna_us_japanese_s1,uniform_edge_count,global_efficiency,20,20,20,0.04757240038872691,0.09239838202014053,-0.04482598163141362,0.06697576861913593,0.12621227055257628,descriptive_reference_not_treatment_CI
revision896_f2c6b9696988_global_gpt-6-luna_us_japanese_s1,uniform_edge_count,num_components,20,20,20,15.0,16.6,-1.6000000000000014,15.0,19.525,descriptive_reference_not_treatment_CI
revision896_f2c6b9696988_global_gpt-6-luna_us_japanese_s1,uniform_edge_count,modularity,20,20,20,0.8648979591836734,0.7155918367346938,0.14930612244897956,0.6246326530612245,0.7782755102040816,descriptive_reference_not_treatment_CI
revision896_f2c6b9696988_global_gpt-6-luna_us_japanese_s1,uniform_edge_count,radius_lcc,20,20,20,4.0,5.75,-1.75,4.0,8.524999999999999,descriptive_reference_not_treatment_CI
revision896_f2c6b9696988_global_gpt-6-luna_us_japanese_s1,uniform_edge_count,diameter_lcc,20,20,20,7.0,10.7,-3.6999999999999993,7.475,16.525,descriptive_reference_not_treatment_CI
revision896_f2c6b9696988_global_gpt-6-luna_us_japanese_s1,uniform_edge_count,avg_shortest_path_lcc,20,20,20,3.1333333333333333,4.626233978485626,-1.4929006451522926,3.46640931372549,6.2960977942113985,descriptive_reference_not_treatment_CI
revision896_f2c6b9696988_global_gpt-6-luna_us_japanese_s1,uniform_edge_count,degree_one_share,20,20,20,0.56,0.35,0.21000000000000008,0.24,0.49149999999999994,descriptive_reference_not_treatment_CI
revision896_f2c6b9696988_global_gpt-6-luna_us_japanese_s1,uniform_edge_count,isolate_share,20,20,20,0.04,0.233,-0.193,0.1295,0.32,descriptive_reference_not_treatment_CI
revision896_f2c6b9696988_global_gpt-6-luna_us_japanese_s1,uniform_edge_count,degree_gini,20,20,20,0.22628571428571428,0.43257142857142866,-0.20628571428571438,0.34235714285714286,0.5127285714285714,descriptive_reference_not_treatment_CI
revision896_f2c6b9696988_global_gpt-6-luna_us_japanese_s1,uniform_edge_count,coleman_gender,20,20,20,0.4482716049382716,-0.0621240413025689,0.5103956462408406,-0.26084194739633915,0.1633825154730327,descriptive_reference_not_treatment_CI
revision896_f2c6b9696988_global_gpt-6-luna_us_japanese_s1,uniform_edge_count,coleman_religion,20,20,20,0.8187500000000001,-0.035916868831165856,0.8546668688311659,-0.18577878519828986,0.0863760198135198,descriptive_reference_not_treatment_CI
revision896_f2c6b9696988_global_gpt-6-luna_us_japanese_s1,uniform_edge_count,coleman_political orientation,20,20,20,0.556786350903998,-0.05203285564909253,0.6088192065530905,-0.24813890302520863,0.21303858549847826,descriptive_reference_not_treatment_CI
revision896_f2c6b9696988_global_gpt-6-luna_us_japanese_s1,uniform_edge_count,age_assortativity,20,20,20,0.633122739787509,-0.056581220279344216,0.6897039600668532,-0.2663049236965481,0.2792308720186743,descriptive_reference_not_treatment_CI
revision896_f2c6b9696988_global_gpt-6-luna_us_portuguese_s0,degree_preserving_rewire,density,20,20,20,0.022040816326530613,0.02204081632653061,3.469446951953614e-18,0.022040816326530613,0.022040816326530613,descriptive_reference_not_treatment_CI
revision896_f2c6b9696988_global_gpt-6-luna_us_portuguese_s0,degree_preserving_rewire,avg_clustering_coef,20,20,20,0.0,0.0,0.0,0.0,0.0,descriptive_reference_not_treatment_CI
revision896_f2c6b9696988_global_gpt-6-luna_us_portuguese_s0,degree_preserving_rewire,prop_nodes_lcc,20,20,20,0.06,0.07300000000000002,-0.013000000000000025,0.06,0.09049999999999997,descriptive_reference_not_treatment_CI
revision896_f2c6b9696988_global_gpt-6-luna_us_portuguese_s0,degree_preserving_rewire,global_efficiency,20,20,20,0.024081632653061225,0.024268707482993198,-0.00018707482993197272,0.024081632653061225,0.02460374149659864,descriptive_reference_not_treatment_CI
revision896_f2c6b9696988_global_gpt-6-luna_us_portuguese_s0,degree_preserving_rewire,num_components,20,20,20,23.0,23.0,0.0,23.0,23.0,descriptive_reference_not_treatment_CI
revision896_f2c6b9696988_global_gpt-6-luna_us_portuguese_s0,degree_preserving_rewire,modularity,20,20,20,0.9492455418381343,0.9473251028806585,0.0019204389574757341,0.9436213991769545,0.9492455418381343,descriptive_reference_not_treatment_CI
revision896_f2c6b9696988_global_gpt-6-luna_us_portuguese_s0,degree_preserving_rewire,radius_lcc,20,20,20,1.0,1.6,-0.6000000000000001,1.0,2.0,descriptive_reference_not_treatment_CI
revision896_f2c6b9696988_global_gpt-6-luna_us_portuguese_s0,degree_preserving_rewire,diameter_lcc,20,20,20,2.0,2.65,-0.6499999999999999,2.0,3.5249999999999986,descriptive_reference_not_treatment_CI
revision896_f2c6b9696988_global_gpt-6-luna_us_portuguese_s0,degree_preserving_rewire,avg_shortest_path_lcc,20,20,20,1.3333333333333333,1.55,-0.21666666666666679,1.3333333333333333,1.8416666666666663,descriptive_reference_not_treatment_CI
revision896_f2c6b9696988_global_gpt-6-luna_us_portuguese_s0,degree_preserving_rewire,degree_one_share,20,20,20,0.88,0.8800000000000001,-1.1102230246251565e-16,0.88,0.88,descriptive_reference_not_treatment_CI
revision896_f2c6b9696988_global_gpt-6-luna_us_portuguese_s0,degree_preserving_rewire,isolate_share,20,20,20,0.02,0.020000000000000004,-3.469446951953614e-18,0.02,0.02,descriptive_reference_not_treatment_CI
revision896_f2c6b9696988_global_gpt-6-luna_us_portuguese_s0,degree_preserving_rewire,degree_gini,20,20,20,0.10148148148148148,0.10148148148148148,0.0,0.10148148148148148,0.10148148148148148,descriptive_reference_not_treatment_CI
revision896_f2c6b9696988_global_gpt-6-luna_us_portuguese_s0,degree_preserving_rewire,coleman_gender,20,20,20,0.3028973950026581,-0.024481658692185063,0.32737905369484316,-0.262905369484317,0.17143141945773507,descriptive_reference_not_treatment_CI
revision896_f2c6b9696988_global_gpt-6-luna_us_portuguese_s0,degree_preserving_rewire,coleman_religion,20,20,20,0.9128787878787878,-0.03303030303030304,0.9459090909090909,-0.16107954545454548,0.09751893939393932,descriptive_reference_not_treatment_CI
revision896_f2c6b9696988_global_gpt-6-luna_us_portuguese_s0,degree_preserving_rewire,coleman_political orientation,20,20,20,0.7784970447509147,-0.08499859273853089,0.8634956374894456,-0.30785720986959386,0.16844450698939858,descriptive_reference_not_treatment_CI
revision896_f2c6b9696988_global_gpt-6-luna_us_portuguese_s0,degree_preserving_rewire,age_assortativity,20,20,20,0.7404783678074616,-0.0802794102058743,0.8207577780133358,-0.412675686892406,0.2862767044974775,descriptive_reference_not_treatment_CI
revision896_f2c6b9696988_global_gpt-6-luna_us_portuguese_s0,equal_weight_demographic_similarity,density,1,1,1,0.022040816326530613,0.022040816326530613,0.0,,,descriptive_reference_not_treatment_CI
revision896_f2c6b9696988_global_gpt-6-luna_us_portuguese_s0,equal_weight_demographic_similarity,avg_clustering_coef,1,1,1,0.0,0.24666666666666667,-0.24666666666666667,,,descriptive_reference_not_treatment_CI
revision896_f2c6b9696988_global_gpt-6-luna_us_portuguese_s0,equal_weight_demographic_similarity,prop_nodes_lcc,1,1,1,0.06,0.08,-0.020000000000000004,,,descriptive_reference_not_treatment_CI
revision896_f2c6b9696988_global_gpt-6-luna_us_portuguese_s0,equal_weight_demographic_similarity,global_efficiency,1,1,1,0.024081632653061225,0.02326530612244898,0.0008163265306122443,,,descriptive_reference_not_treatment_CI
revision896_f2c6b9696988_global_gpt-6-luna_us_portuguese_s0,equal_weight_demographic_similarity,num_components,1,1,1,23.0,28.0,-5.0,,,descriptive_reference_not_treatment_CI
revision896_f2c6b9696988_global_gpt-6-luna_us_portuguese_s0,equal_weight_demographic_similarity,modularity,1,1,1,0.9492455418381343,0.9053497942386831,0.04389574759945114,,,descriptive_reference_not_treatment_CI
revision896_f2c6b9696988_global_gpt-6-luna_us_portuguese_s0,equal_weight_demographic_similarity,radius_lcc,1,1,1,1.0,1.0,0.0,,,descriptive_reference_not_treatment_CI
revision896_f2c6b9696988_global_gpt-6-luna_us_portuguese_s0,equal_weight_demographic_similarity,diameter_lcc,1,1,1,2.0,2.0,0.0,,,descriptive_reference_not_treatment_CI
revision896_f2c6b9696988_global_gpt-6-luna_us_portuguese_s0,equal_weight_demographic_similarity,avg_shortest_path_lcc,1,1,1,1.3333333333333333,1.1666666666666667,0.16666666666666652,,,descriptive_reference_not_treatment_CI
revision896_f2c6b9696988_global_gpt-6-luna_us_portuguese_s0,equal_weight_demographic_similarity,degree_one_share,1,1,1,0.88,0.44,0.44,,,descriptive_reference_not_treatment_CI
revision896_f2c6b9696988_global_gpt-6-luna_us_portuguese_s0,equal_weight_demographic_similarity,isolate_share,1,1,1,0.02,0.26,-0.24000000000000002,,,descriptive_reference_not_treatment_CI
revision896_f2c6b9696988_global_gpt-6-luna_us_portuguese_s0,equal_weight_demographic_similarity,degree_gini,1,1,1,0.10148148148148148,0.40814814814814815,-0.30666666666666664,,,descriptive_reference_not_treatment_CI
revision896_f2c6b9696988_global_gpt-6-luna_us_portuguese_s0,equal_weight_demographic_similarity,coleman_gender,1,1,1,0.3028973950026581,1.0,-0.6971026049973419,,,descriptive_reference_not_treatment_CI
revision896_f2c6b9696988_global_gpt-6-luna_us_portuguese_s0,equal_weight_demographic_similarity,coleman_religion,1,1,1,0.9128787878787878,1.0,-0.08712121212121215,,,descriptive_reference_not_treatment_CI
revision896_f2c6b9696988_global_gpt-6-luna_us_portuguese_s0,equal_weight_demographic_similarity,coleman_political orientation,1,1,1,0.7784970447509147,1.0,-0.22150295524908525,,,descriptive_reference_not_treatment_CI
revision896_f2c6b9696988_global_gpt-6-luna_us_portuguese_s0,equal_weight_demographic_similarity,age_assortativity,1,1,1,0.7404783678074616,0.06918505942275051,0.671293308384711,,,descriptive_reference_not_treatment_CI
revision896_f2c6b9696988_global_gpt-6-luna_us_portuguese_s0,uniform_edge_count,density,20,20,20,0.022040816326530613,0.02204081632653061,3.469446951953614e-18,0.022040816326530613,0.022040816326530613,descriptive_reference_not_treatment_CI
revision896_f2c6b9696988_global_gpt-6-luna_us_portuguese_s0,uniform_edge_count,avg_clustering_coef,20,20,20,0.0,0.0020666666666666667,-0.0020666666666666667,0.0,0.020866666666666655,descriptive_reference_not_treatment_CI
revision896_f2c6b9696988_global_gpt-6-luna_us_portuguese_s0,uniform_edge_count,prop_nodes_lcc,20,20,20,0.06,0.27799999999999997,-0.21799999999999997,0.18,0.40199999999999986,descriptive_reference_not_treatment_CI
revision896_f2c6b9696988_global_gpt-6-luna_us_portuguese_s0,uniform_edge_count,global_efficiency,20,20,20,0.024081632653061225,0.047675576464351964,-0.02359394381129074,0.03738124392614188,0.06309067791618808,descriptive_reference_not_treatment_CI
revision896_f2c6b9696988_global_gpt-6-luna_us_portuguese_s0,uniform_edge_count,num_components,20,20,20,23.0,23.5,-0.5,23.0,25.049999999999997,descriptive_reference_not_treatment_CI
revision896_f2c6b9696988_global_gpt-6-luna_us_portuguese_s0,uniform_edge_count,modularity,20,20,20,0.9492455418381343,0.7623799725651577,0.1868655692729766,0.655778463648834,0.8266117969821674,descriptive_reference_not_treatment_CI
revision896_f2c6b9696988_global_gpt-6-luna_us_portuguese_s0,uniform_edge_count,radius_lcc,20,20,20,1.0,4.15,-3.1500000000000004,3.0,5.524999999999999,descriptive_reference_not_treatment_CI
revision896_f2c6b9696988_global_gpt-6-luna_us_portuguese_s0,uniform_edge_count,diameter_lcc,20,20,20,2.0,7.65,-5.65,5.0,10.524999999999999,descriptive_reference_not_treatment_CI
revision896_f2c6b9696988_global_gpt-6-luna_us_portuguese_s0,uniform_edge_count,avg_shortest_path_lcc,20,20,20,1.3333333333333333,3.3845392271127563,-2.0512058937794233,2.5766666666666667,4.238532382650029,descriptive_reference_not_treatment_CI
revision896_f2c6b9696988_global_gpt-6-luna_us_portuguese_s0,uniform_edge_count,degree_one_share,20,20,20,0.88,0.385,0.495,0.2295,0.49049999999999994,descriptive_reference_not_treatment_CI
revision896_f2c6b9696988_global_gpt-6-luna_us_portuguese_s0,uniform_edge_count,isolate_share,20,20,20,0.02,0.326,-0.306,0.26,0.42,descriptive_reference_not_treatment_CI
revision896_f2c6b9696988_global_gpt-6-luna_us_portuguese_s0,uniform_edge_count,degree_gini,20,20,20,0.10148148148148148,0.4898148148148148,-0.3883333333333333,0.42133333333333334,0.5581666666666667,descriptive_reference_not_treatment_CI
revision896_f2c6b9696988_global_gpt-6-luna_us_portuguese_s0,uniform_edge_count,coleman_gender,20,20,20,0.3028973950026581,-0.05863225652974167,0.3615296515323998,-0.3313672438672439,0.13267770876466525,descriptive_reference_not_treatment_CI
revision896_f2c6b9696988_global_gpt-6-luna_us_portuguese_s0,uniform_edge_count,coleman_religion,20,20,20,0.9128787878787878,-0.0436544048057206,0.9565331926845084,-0.16210565476190478,0.1635008741258741,descriptive_reference_not_treatment_CI
revision896_f2c6b9696988_global_gpt-6-luna_us_portuguese_s0,uniform_edge_count,coleman_political orientation,20,20,20,0.7784970447509147,-0.02073107107941599,0.7992281158303307,-0.2658748094415551,0.2678673994850465,descriptive_reference_not_treatment_CI
revision896_f2c6b9696988_global_gpt-6-luna_us_portuguese_s0,uniform_edge_count,age_assortativity,20,20,20,0.7404783678074616,-0.0501967903153717,0.7906751581228333,-0.39372862901053196,0.16735012333013766,descriptive_reference_not_treatment_CI
revision896_f2c6b9696988_global_gpt-6-luna_us_portuguese_s1,degree_preserving_rewire,density,20,20,20,0.025306122448979593,0.025306122448979597,-3.469446951953614e-18,0.025306122448979593,0.025306122448979593,descriptive_reference_not_treatment_CI
revision896_f2c6b9696988_global_gpt-6-luna_us_portuguese_s1,degree_preserving_rewire,avg_clustering_coef,20,20,20,0.0,0.0,0.0,0.0,0.0,descriptive_reference_not_treatment_CI
revision896_f2c6b9696988_global_gpt-6-luna_us_portuguese_s1,degree_preserving_rewire,prop_nodes_lcc,20,20,20,0.12,0.11500000000000002,0.004999999999999977,0.1,0.14,descriptive_reference_not_treatment_CI
revision896_f2c6b9696988_global_gpt-6-luna_us_portuguese_s1,degree_preserving_rewire,global_efficiency,20,20,20,0.032680272108843535,0.033204081632653065,-0.0005238095238095306,0.03217006802721088,0.034204081632653066,descriptive_reference_not_treatment_CI
revision896_f2c6b9696988_global_gpt-6-luna_us_portuguese_s1,degree_preserving_rewire,num_components,20,20,20,19.0,19.0,0.0,19.0,19.0,descriptive_reference_not_treatment_CI
revision896_f2c6b9696988_global_gpt-6-luna_us_portuguese_s1,degree_preserving_rewire,modularity,20,20,20,0.9240374609781479,0.9198751300728407,0.0041623309053071544,0.9094693028095735,0.9292924037460978,descriptive_reference_not_treatment_CI
revision896_f2c6b9696988_global_gpt-6-luna_us_portuguese_s1,degree_preserving_rewire,radius_lcc,20,20,20,3.0,2.55,0.4500000000000002,2.0,3.0,descriptive_reference_not_treatment_CI
revision896_f2c6b9696988_global_gpt-6-luna_us_portuguese_s1,degree_preserving_rewire,diameter_lcc,20,20,20,5.0,4.75,0.25,4.0,6.0,descriptive_reference_not_treatment_CI
revision896_f2c6b9696988_global_gpt-6-luna_us_portuguese_s1,degree_preserving_rewire,avg_shortest_path_lcc,20,20,20,2.3333333333333335,2.25,0.08333333333333348,2.0,2.6666666666666665,descriptive_reference_not_treatment_CI
revision896_f2c6b9696988_global_gpt-6-luna_us_portuguese_s1,degree_preserving_rewire,degree_one_share,20,20,20,0.68,0.6799999999999999,1.1102230246251565e-16,0.68,0.68,descriptive_reference_not_treatment_CI
revision896_f2c6b9696988_global_gpt-6-luna_us_portuguese_s1,degree_preserving_rewire,isolate_share,20,20,20,0.04,0.04000000000000001,-6.938893903907228e-18,0.04,0.04,descriptive_reference_not_treatment_CI
revision896_f2c6b9696988_global_gpt-6-luna_us_portuguese_s1,degree_preserving_rewire,degree_gini,20,20,20,0.1935483870967742,0.19354838709677416,2.7755575615628914e-17,0.1935483870967742,0.1935483870967742,descriptive_reference_not_treatment_CI
revision896_f2c6b9696988_global_gpt-6-luna_us_portuguese_s1,degree_preserving_rewire,coleman_gender,20,20,20,0.21105006105006105,-0.05287545787545791,0.26392551892551896,-0.24420024420024428,0.192652625152625,descriptive_reference_not_treatment_CI
revision896_f2c6b9696988_global_gpt-6-luna_us_portuguese_s1,degree_preserving_rewire,coleman_religion,20,20,20,0.7966637529137529,-0.011399329836829846,0.8080630827505828,-0.09915865384615385,0.1305860285547785,descriptive_reference_not_treatment_CI
revision896_f2c6b9696988_global_gpt-6-luna_us_portuguese_s1,degree_preserving_rewire,coleman_political orientation,20,20,20,0.6568283453732371,-0.06163029677580767,0.7184586421490448,-0.20377114801263416,0.17129805797917225,descriptive_reference_not_treatment_CI
revision896_f2c6b9696988_global_gpt-6-luna_us_portuguese_s1,degree_preserving_rewire,age_assortativity,20,20,20,0.6566564095671494,-0.0867766127791999,0.7434330223463493,-0.3645644135941684,0.25740830967221734,descriptive_reference_not_treatment_CI
revision896_f2c6b9696988_global_gpt-6-luna_us_portuguese_s1,equal_weight_demographic_similarity,density,1,1,1,0.025306122448979593,0.025306122448979593,0.0,,,descriptive_reference_not_treatment_CI
revision896_f2c6b9696988_global_gpt-6-luna_us_portuguese_s1,equal_weight_demographic_similarity,avg_clustering_coef,1,1,1,0.0,0.38,-0.38,,,descriptive_reference_not_treatment_CI
revision896_f2c6b9696988_global_gpt-6-luna_us_portuguese_s1,equal_weight_demographic_similarity,prop_nodes_lcc,1,1,1,0.12,0.08,0.039999999999999994,,,descriptive_reference_not_treatment_CI
revision896_f2c6b9696988_global_gpt-6-luna_us_portuguese_s1,equal_weight_demographic_similarity,global_efficiency,1,1,1,0.032680272108843535,0.025714285714285714,0.006965986394557821,,,descriptive_reference_not_treatment_CI
revision896_f2c6b9696988_global_gpt-6-luna_us_portuguese_s1,equal_weight_demographic_similarity,num_components,1,1,1,19.0,27.0,-8.0,,,descriptive_reference_not_treatment_CI
revision896_f2c6b9696988_global_gpt-6-luna_us_portuguese_s1,equal_weight_demographic_similarity,modularity,1,1,1,0.9240374609781479,0.903225806451613,0.020811654526534884,,,descriptive_reference_not_treatment_CI
revision896_f2c6b9696988_global_gpt-6-luna_us_portuguese_s1,equal_weight_demographic_similarity,radius_lcc,1,1,1,3.0,1.0,2.0,,,descriptive_reference_not_treatment_CI
revision896_f2c6b9696988_global_gpt-6-luna_us_portuguese_s1,equal_weight_demographic_similarity,diameter_lcc,1,1,1,5.0,1.0,4.0,,,descriptive_reference_not_treatment_CI
revision896_f2c6b9696988_global_gpt-6-luna_us_portuguese_s1,equal_weight_demographic_similarity,avg_shortest_path_lcc,1,1,1,2.3333333333333335,1.0,1.3333333333333335,,,descriptive_reference_not_treatment_CI
revision896_f2c6b9696988_global_gpt-6-luna_us_portuguese_s1,equal_weight_demographic_similarity,degree_one_share,1,1,1,0.68,0.36,0.32000000000000006,,,descriptive_reference_not_treatment_CI
revision896_f2c6b9696988_global_gpt-6-luna_us_portuguese_s1,equal_weight_demographic_similarity,isolate_share,1,1,1,0.04,0.24,-0.19999999999999998,,,descriptive_reference_not_treatment_CI
revision896_f2c6b9696988_global_gpt-6-luna_us_portuguese_s1,equal_weight_demographic_similarity,degree_gini,1,1,1,0.1935483870967742,0.4,-0.20645161290322583,,,descriptive_reference_not_treatment_CI
revision896_f2c6b9696988_global_gpt-6-luna_us_portuguese_s1,equal_weight_demographic_similarity,coleman_gender,1,1,1,0.21105006105006105,1.0,-0.7889499389499389,,,descriptive_reference_not_treatment_CI
revision896_f2c6b9696988_global_gpt-6-luna_us_portuguese_s1,equal_weight_demographic_similarity,coleman_religion,1,1,1,0.7966637529137529,1.0,-0.2033362470862471,,,descriptive_reference_not_treatment_CI
revision896_f2c6b9696988_global_gpt-6-luna_us_portuguese_s1,equal_weight_demographic_similarity,coleman_political orientation,1,1,1,0.6568283453732371,1.0,-0.3431716546267629,,,descriptive_reference_not_treatment_CI
revision896_f2c6b9696988_global_gpt-6-luna_us_portuguese_s1,equal_weight_demographic_similarity,age_assortativity,1,1,1,0.6566564095671494,-0.17020997719348843,0.8268663867606378,,,descriptive_reference_not_treatment_CI
revision896_f2c6b9696988_global_gpt-6-luna_us_portuguese_s1,uniform_edge_count,density,20,20,20,0.025306122448979593,0.025306122448979597,-3.469446951953614e-18,0.025306122448979593,0.025306122448979593,descriptive_reference_not_treatment_CI
revision896_f2c6b9696988_global_gpt-6-luna_us_portuguese_s1,uniform_edge_count,avg_clustering_coef,20,20,20,0.0,0.013933333333333334,-0.013933333333333334,0.0,0.0597833333333333,descriptive_reference_not_treatment_CI
revision896_f2c6b9696988_global_gpt-6-luna_us_portuguese_s1,uniform_edge_count,prop_nodes_lcc,20,20,20,0.12,0.417,-0.297,0.2295,0.5409999999999999,descriptive_reference_not_treatment_CI
revision896_f2c6b9696988_global_gpt-6-luna_us_portuguese_s1,uniform_edge_count,global_efficiency,20,20,20,0.032680272108843535,0.07149622803500347,-0.03881595592615993,0.049893877551020406,0.09511933916423686,descriptive_reference_not_treatment_CI
revision896_f2c6b9696988_global_gpt-6-luna_us_portuguese_s1,uniform_edge_count,num_components,20,20,20,19.0,20.0,-1.0,19.0,21.0,descriptive_reference_not_treatment_CI
revision896_f2c6b9696988_global_gpt-6-luna_us_portuguese_s1,uniform_edge_count,modularity,20,20,20,0.9240374609781479,0.7298907388137357,0.1941467221644122,0.6636056191467221,0.8046956295525494,descriptive_reference_not_treatment_CI
revision896_f2c6b9696988_global_gpt-6-luna_us_portuguese_s1,uniform_edge_count,radius_lcc,20,20,20,3.0,5.05,-2.05,3.0,6.524999999999999,descriptive_reference_not_treatment_CI
revision896_f2c6b9696988_global_gpt-6-luna_us_portuguese_s1,uniform_edge_count,diameter_lcc,20,20,20,5.0,9.45,-4.449999999999999,6.0,12.524999999999999,descriptive_reference_not_treatment_CI
revision896_f2c6b9696988_global_gpt-6-luna_us_portuguese_s1,uniform_edge_count,avg_shortest_path_lcc,20,20,20,2.3333333333333335,4.1563166168695185,-1.822983283536185,2.988409090909091,5.144009425357251,descriptive_reference_not_treatment_CI
revision896_f2c6b9696988_global_gpt-6-luna_us_portuguese_s1,uniform_edge_count,degree_one_share,20,20,20,0.68,0.359,0.32100000000000006,0.2495,0.4705,descriptive_reference_not_treatment_CI
revision896_f2c6b9696988_global_gpt-6-luna_us_portuguese_s1,uniform_edge_count,isolate_share,20,20,20,0.04,0.28500000000000003,-0.24500000000000002,0.199,0.3505,descriptive_reference_not_treatment_CI
revision896_f2c6b9696988_global_gpt-6-luna_us_portuguese_s1,uniform_edge_count,degree_gini,20,20,20,0.1935483870967742,0.4690645161290322,-0.27551612903225803,0.38693548387096777,0.5345322580645161,descriptive_reference_not_treatment_CI
revision896_f2c6b9696988_global_gpt-6-luna_us_portuguese_s1,uniform_edge_count,coleman_gender,20,20,20,0.21105006105006105,-0.008494706610314784,0.21954476766037584,-0.209368530020704,0.24521870286576145,descriptive_reference_not_treatment_CI
revision896_f2c6b9696988_global_gpt-6-luna_us_portuguese_s1,uniform_edge_count,coleman_religion,20,20,20,0.7966637529137529,-0.04348548027050351,0.8401492331842564,-0.16735576923076925,0.07820045086492443,descriptive_reference_not_treatment_CI
revision896_f2c6b9696988_global_gpt-6-luna_us_portuguese_s1,uniform_edge_count,coleman_political orientation,20,20,20,0.6568283453732371,-0.012308583037019349,0.6691369284102564,-0.18718265697640146,0.18417417206116893,descriptive_reference_not_treatment_CI
revision896_f2c6b9696988_global_gpt-6-luna_us_portuguese_s1,uniform_edge_count,age_assortativity,20,20,20,0.6566564095671494,-0.013353280584462135,0.6700096901516116,-0.31047924091344054,0.4069165910266776,descriptive_reference_not_treatment_CI
revision896_f2c6b9696988_global_gpt-6-sol_us_english_s0,degree_preserving_rewire,density,20,20,20,0.06938775510204082,0.0693877551020408,1.3877787807814457e-17,0.06938775510204082,0.06938775510204082,descriptive_reference_not_treatment_CI
revision896_f2c6b9696988_global_gpt-6-sol_us_english_s0,degree_preserving_rewire,avg_clustering_coef,20,20,20,0.44866666666666677,0.04190000000000001,0.4067666666666668,0.006983333333333334,0.09168333333333334,descriptive_reference_not_treatment_CI
revision896_f2c6b9696988_global_gpt-6-sol_us_english_s0,degree_preserving_rewire,prop_nodes_lcc,20,20,20,1.0,1.0,0.0,1.0,1.0,descriptive_reference_not_treatment_CI
revision896_f2c6b9696988_global_gpt-6-sol_us_english_s0,degree_preserving_rewire,global_efficiency,20,20,20,0.3018545513443482,0.3610945092322694,-0.05923995788792119,0.35218491253644796,0.3686431000971872,descriptive_reference_not_treatment_CI
revision896_f2c6b9696988_global_gpt-6-sol_us_english_s0,degree_preserving_rewire,num_components,20,20,20,1.0,1.0,0.0,1.0,1.0,descriptive_reference_not_treatment_CI
revision896_f2c6b9696988_global_gpt-6-sol_us_english_s0,degree_preserving_rewire,modularity,20,20,20,0.6907266435986159,0.4805190311418685,0.2102076124567474,0.4411228373702422,0.5073425605536332,descriptive_reference_not_treatment_CI
revision896_f2c6b9696988_global_gpt-6-sol_us_english_s0,degree_preserving_rewire,radius_lcc,20,20,20,6.0,4.35,1.6500000000000004,4.0,5.0,descriptive_reference_not_treatment_CI
revision896_f2c6b9696988_global_gpt-6-sol_us_english_s0,degree_preserving_rewire,diameter_lcc,20,20,20,9.0,6.7,2.3,6.0,7.524999999999999,descriptive_reference_not_treatment_CI
revision896_f2c6b9696988_global_gpt-6-sol_us_english_s0,degree_preserving_rewire,avg_shortest_path_lcc,20,20,20,4.388571428571429,3.3283265306122454,1.0602448979591834,3.2152857142857143,3.4762857142857144,descriptive_reference_not_treatment_CI
revision896_f2c6b9696988_global_gpt-6-sol_us_english_s0,degree_preserving_rewire,degree_one_share,20,20,20,0.02,0.020000000000000004,-3.469446951953614e-18,0.02,0.02,descriptive_reference_not_treatment_CI
revision896_f2c6b9696988_global_gpt-6-sol_us_english_s0,degree_preserving_rewire,isolate_share,20,20,20,0.0,0.0,0.0,0.0,0.0,descriptive_reference_not_treatment_CI
revision896_f2c6b9696988_global_gpt-6-sol_us_english_s0,degree_preserving_rewire,degree_gini,20,20,20,0.1571764705882353,0.1571764705882353,0.0,0.1571764705882353,0.1571764705882353,descriptive_reference_not_treatment_CI
revision896_f2c6b9696988_global_gpt-6-sol_us_english_s0,degree_preserving_rewire,coleman_gender,20,20,20,0.11031746031746027,-0.022668650793650824,0.13298611111111108,-0.11120535714285719,0.11981646825396819,descriptive_reference_not_treatment_CI
revision896_f2c6b9696988_global_gpt-6-sol_us_english_s0,degree_preserving_rewire,coleman_religion,20,20,20,0.8104901358577828,-0.008628376872862175,0.8191185127306451,-0.07546326615719999,0.08268247985619302,descriptive_reference_not_treatment_CI
revision896_f2c6b9696988_global_gpt-6-sol_us_english_s0,degree_preserving_rewire,coleman_political orientation,20,20,20,0.36819535941572823,-0.004080584326414024,0.37227594374214223,-0.11406780713189849,0.09564770416394645,descriptive_reference_not_treatment_CI
revision896_f2c6b9696988_global_gpt-6-sol_us_english_s0,degree_preserving_rewire,age_assortativity,20,20,20,0.8377048056565072,-0.008955652540448281,0.8466604581969555,-0.20325196002429177,0.1572208571143529,descriptive_reference_not_treatment_CI
revision896_f2c6b9696988_global_gpt-6-sol_us_english_s0,equal_weight_demographic_similarity,density,1,1,1,0.06938775510204082,0.06938775510204082,0.0,,,descriptive_reference_not_treatment_CI
revision896_f2c6b9696988_global_gpt-6-sol_us_english_s0,equal_weight_demographic_similarity,avg_clustering_coef,1,1,1,0.44866666666666677,0.3100000000000001,0.13866666666666666,,,descriptive_reference_not_treatment_CI
revision896_f2c6b9696988_global_gpt-6-sol_us_english_s0,equal_weight_demographic_similarity,prop_nodes_lcc,1,1,1,1.0,0.94,0.06000000000000005,,,descriptive_reference_not_treatment_CI
revision896_f2c6b9696988_global_gpt-6-sol_us_english_s0,equal_weight_demographic_similarity,global_efficiency,1,1,1,0.3018545513443482,0.2862785876255276,0.015575963718820585,,,descriptive_reference_not_treatment_CI
revision896_f2c6b9696988_global_gpt-6-sol_us_english_s0,equal_weight_demographic_similarity,num_components,1,1,1,1.0,3.0,-2.0,,,descriptive_reference_not_treatment_CI
revision896_f2c6b9696988_global_gpt-6-sol_us_english_s0,equal_weight_demographic_similarity,modularity,1,1,1,0.6907266435986159,0.6408996539792388,0.04982698961937715,,,descriptive_reference_not_treatment_CI
revision896_f2c6b9696988_global_gpt-6-sol_us_english_s0,equal_weight_demographic_similarity,radius_lcc,1,1,1,6.0,6.0,0.0,,,descriptive_reference_not_treatment_CI
revision896_f2c6b9696988_global_gpt-6-sol_us_english_s0,equal_weight_demographic_similarity,diameter_lcc,1,1,1,9.0,9.0,0.0,,,descriptive_reference_not_treatment_CI
revision896_f2c6b9696988_global_gpt-6-sol_us_english_s0,equal_weight_demographic_similarity,avg_shortest_path_lcc,1,1,1,4.388571428571429,4.107308048103608,0.28126338046782084,,,descriptive_reference_not_treatment_CI
revision896_f2c6b9696988_global_gpt-6-sol_us_english_s0,equal_weight_demographic_similarity,degree_one_share,1,1,1,0.02,0.06,-0.039999999999999994,,,descriptive_reference_not_treatment_CI
revision896_f2c6b9696988_global_gpt-6-sol_us_english_s0,equal_weight_demographic_similarity,isolate_share,1,1,1,0.0,0.02,-0.02,,,descriptive_reference_not_treatment_CI
revision896_f2c6b9696988_global_gpt-6-sol_us_english_s0,equal_weight_demographic_similarity,degree_gini,1,1,1,0.1571764705882353,0.2407058823529412,-0.08352941176470588,,,descriptive_reference_not_treatment_CI
revision896_f2c6b9696988_global_gpt-6-sol_us_english_s0,equal_weight_demographic_similarity,coleman_gender,1,1,1,0.11031746031746027,0.7634680134680134,-0.6531505531505531,,,descriptive_reference_not_treatment_CI
revision896_f2c6b9696988_global_gpt-6-sol_us_english_s0,equal_weight_demographic_similarity,coleman_religion,1,1,1,0.8104901358577828,0.5813242122362141,0.22916592362156873,,,descriptive_reference_not_treatment_CI
revision896_f2c6b9696988_global_gpt-6-sol_us_english_s0,equal_weight_demographic_similarity,coleman_political orientation,1,1,1,0.36819535941572823,0.8058109353105791,-0.4376155758948509,,,descriptive_reference_not_treatment_CI
revision896_f2c6b9696988_global_gpt-6-sol_us_english_s0,equal_weight_demographic_similarity,age_assortativity,1,1,1,0.8377048056565072,0.43877480809932284,0.39892999755718433,,,descriptive_reference_not_treatment_CI
revision896_f2c6b9696988_global_gpt-6-sol_us_english_s0,uniform_edge_count,density,20,20,20,0.06938775510204082,0.0693877551020408,1.3877787807814457e-17,0.06938775510204082,0.06938775510204082,descriptive_reference_not_treatment_CI
revision896_f2c6b9696988_global_gpt-6-sol_us_english_s0,uniform_edge_count,avg_clustering_coef,20,20,20,0.44866666666666677,0.06770793650793651,0.3809587301587303,0.030225,0.12254523809523808,descriptive_reference_not_treatment_CI
revision896_f2c6b9696988_global_gpt-6-sol_us_english_s0,uniform_edge_count,prop_nodes_lcc,20,20,20,1.0,0.9670000000000002,0.03299999999999981,0.92,1.0,descriptive_reference_not_treatment_CI
revision896_f2c6b9696988_global_gpt-6-sol_us_english_s0,uniform_edge_count,global_efficiency,20,20,20,0.3018545513443482,0.35380476190476645,-0.051950210560418264,0.3351459183673507,0.3701722303207043,descriptive_reference_not_treatment_CI
revision896_f2c6b9696988_global_gpt-6-sol_us_english_s0,uniform_edge_count,num_components,20,20,20,1.0,2.4,-1.4,1.0,4.524999999999999,descriptive_reference_not_treatment_CI
revision896_f2c6b9696988_global_gpt-6-sol_us_english_s0,uniform_edge_count,modularity,20,20,20,0.6907266435986159,0.4605467128027681,0.2301799307958478,0.43151384083044975,0.488636678200692,descriptive_reference_not_treatment_CI
revision896_f2c6b9696988_global_gpt-6-sol_us_english_s0,uniform_edge_count,radius_lcc,20,20,20,6.0,4.0,2.0,3.475,4.524999999999999,descriptive_reference_not_treatment_CI
revision896_f2c6b9696988_global_gpt-6-sol_us_english_s0,uniform_edge_count,diameter_lcc,20,20,20,9.0,7.1,1.9000000000000004,6.0,8.0,descriptive_reference_not_treatment_CI
revision896_f2c6b9696988_global_gpt-6-sol_us_english_s0,uniform_edge_count,avg_shortest_path_lcc,20,20,20,4.388571428571429,3.179160476463173,1.2094109521082559,2.9761979648473638,3.348734693877551,descriptive_reference_not_treatment_CI
revision896_f2c6b9696988_global_gpt-6-sol_us_english_s0,uniform_edge_count,degree_one_share,20,20,20,0.02,0.12000000000000002,-0.10000000000000002,0.0695,0.18,descriptive_reference_not_treatment_CI
revision896_f2c6b9696988_global_gpt-6-sol_us_english_s0,uniform_edge_count,isolate_share,20,20,20,0.0,0.025,-0.025,0.0,0.07049999999999997,descriptive_reference_not_treatment_CI
revision896_f2c6b9696988_global_gpt-6-sol_us_english_s0,uniform_edge_count,degree_gini,20,20,20,0.1571764705882353,0.2868,-0.1296235294117647,0.24297058823529413,0.33352941176470585,descriptive_reference_not_treatment_CI
revision896_f2c6b9696988_global_gpt-6-sol_us_english_s0,uniform_edge_count,coleman_gender,20,20,20,0.11031746031746027,-0.035201112369879786,0.14551857268734006,-0.22228944083659816,0.15151497278514323,descriptive_reference_not_treatment_CI
revision896_f2c6b9696988_global_gpt-6-sol_us_english_s0,uniform_edge_count,coleman_religion,20,20,20,0.8104901358577828,-0.03231021412449792,0.8428003499822808,-0.12312005217178136,0.02586953884295459,descriptive_reference_not_treatment_CI
revision896_f2c6b9696988_global_gpt-6-sol_us_english_s0,uniform_edge_count,coleman_political orientation,20,20,20,0.36819535941572823,-0.035909023425538436,0.40410438284126665,-0.12572982529503401,0.07310895721925129,descriptive_reference_not_treatment_CI
revision896_f2c6b9696988_global_gpt-6-sol_us_english_s0,uniform_edge_count,age_assortativity,20,20,20,0.8377048056565072,0.0031813235779568514,0.8345234820785503,-0.23805112174394136,0.20079590270702735,descriptive_reference_not_treatment_CI
revision896_f2c6b9696988_iterative_gpt-4.1_us_english_s0,degree_preserving_rewire,density,20,20,20,0.17877551020408164,0.1787755102040816,2.7755575615628914e-17,0.17877551020408164,0.17877551020408164,descriptive_reference_not_treatment_CI
revision896_f2c6b9696988_iterative_gpt-4.1_us_english_s0,degree_preserving_rewire,avg_clustering_coef,20,20,20,0.6995724275724275,0.23829805945688295,0.46127436811554456,0.20764221856574797,0.2867157091274738,descriptive_reference_not_treatment_CI
revision896_f2c6b9696988_iterative_gpt-4.1_us_english_s0,degree_preserving_rewire,prop_nodes_lcc,20,20,20,0.9,0.8999999999999998,2.220446049250313e-16,0.9,0.9,descriptive_reference_not_treatment_CI
revision896_f2c6b9696988_iterative_gpt-4.1_us_english_s0,degree_preserving_rewire,global_efficiency,20,20,20,0.3962040816326588,0.46930408163265414,-0.07309999999999534,0.46674659863945706,0.4713639455782321,descriptive_reference_not_treatment_CI
revision896_f2c6b9696988_iterative_gpt-4.1_us_english_s0,degree_preserving_rewire,num_components,20,20,20,6.0,6.0,0.0,6.0,6.0,descriptive_reference_not_treatment_CI
revision896_f2c6b9696988_iterative_gpt-4.1_us_english_s0,degree_preserving_rewire,modularity,20,20,20,0.5948166218385772,0.20106544901065443,0.39375117282792277,0.1892688851358395,0.21944965701298969,descriptive_reference_not_treatment_CI
revision896_f2c6b9696988_iterative_gpt-4.1_us_english_s0,degree_preserving_rewire,radius_lcc,20,20,20,3.0,2.7,0.2999999999999998,2.0,3.0,descriptive_reference_not_treatment_CI
revision896_f2c6b9696988_iterative_gpt-4.1_us_english_s0,degree_preserving_rewire,diameter_lcc,20,20,20,6.0,4.05,1.9500000000000002,4.0,4.524999999999999,descriptive_reference_not_treatment_CI
revision896_f2c6b9696988_iterative_gpt-4.1_us_english_s0,degree_preserving_rewire,avg_shortest_path_lcc,20,20,20,2.703030303030303,1.9628282828282828,0.7402020202020203,1.9464646464646465,1.983989898989899,descriptive_reference_not_treatment_CI
revision896_f2c6b9696988_iterative_gpt-4.1_us_english_s0,degree_preserving_rewire,degree_one_share,20,20,20,0.06,0.06000000000000001,-1.3877787807814457e-17,0.06,0.06,descriptive_reference_not_treatment_CI
revision896_f2c6b9696988_iterative_gpt-4.1_us_english_s0,degree_preserving_rewire,isolate_share,20,20,20,0.1,0.10000000000000002,-1.3877787807814457e-17,0.1,0.1,descriptive_reference_not_treatment_CI
revision896_f2c6b9696988_iterative_gpt-4.1_us_english_s0,degree_preserving_rewire,degree_gini,20,20,20,0.32502283105022833,0.32502283105022833,0.0,0.32502283105022833,0.32502283105022833,descriptive_reference_not_treatment_CI
revision896_f2c6b9696988_iterative_gpt-4.1_us_english_s0,degree_preserving_rewire,coleman_gender,20,20,20,0.06760861758724726,-0.044065894604542646,0.11167451219178991,-0.1224928473011004,0.027242378423634885,descriptive_reference_not_treatment_CI
revision896_f2c6b9696988_iterative_gpt-4.1_us_english_s0,degree_preserving_rewire,coleman_religion,20,20,20,0.07548798935627321,-0.015592408143180008,0.09108039749945322,-0.06903362919491629,0.03140006242254133,descriptive_reference_not_treatment_CI
revision896_f2c6b9696988_iterative_gpt-4.1_us_english_s0,degree_preserving_rewire,coleman_political orientation,20,20,20,0.876826659034599,-0.032391865514097784,0.9092185245486968,-0.06835474706305922,0.0421456224667808,descriptive_reference_not_treatment_CI
revision896_f2c6b9696988_iterative_gpt-4.1_us_english_s0,degree_preserving_rewire,age_assortativity,20,20,20,-0.00857161640025213,-0.031781557177109544,0.023209940776857414,-0.10657846446943599,0.059909521001769835,descriptive_reference_not_treatment_CI
revision896_f2c6b9696988_iterative_gpt-4.1_us_english_s0,equal_weight_demographic_similarity,density,1,1,1,0.17877551020408164,0.17877551020408164,0.0,,,descriptive_reference_not_treatment_CI
revision896_f2c6b9696988_iterative_gpt-4.1_us_english_s0,equal_weight_demographic_similarity,avg_clustering_coef,1,1,1,0.6995724275724275,0.5933870573870575,0.10618537018537,,,descriptive_reference_not_treatment_CI
revision896_f2c6b9696988_iterative_gpt-4.1_us_english_s0,equal_weight_demographic_similarity,prop_nodes_lcc,1,1,1,0.9,1.0,-0.09999999999999998,,,descriptive_reference_not_treatment_CI
revision896_f2c6b9696988_iterative_gpt-4.1_us_english_s0,equal_weight_demographic_similarity,global_efficiency,1,1,1,0.3962040816326588,0.48515646258503553,-0.08895238095237673,,,descriptive_reference_not_treatment_CI
revision896_f2c6b9696988_iterative_gpt-4.1_us_english_s0,equal_weight_demographic_similarity,num_components,1,1,1,6.0,1.0,5.0,,,descriptive_reference_not_treatment_CI
revision896_f2c6b9696988_iterative_gpt-4.1_us_english_s0,equal_weight_demographic_similarity,modularity,1,1,1,0.5948166218385772,0.5648026521548758,0.030013969683701403,,,descriptive_reference_not_treatment_CI
revision896_f2c6b9696988_iterative_gpt-4.1_us_english_s0,equal_weight_demographic_similarity,radius_lcc,1,1,1,3.0,4.0,-1.0,,,descriptive_reference_not_treatment_CI
revision896_f2c6b9696988_iterative_gpt-4.1_us_english_s0,equal_weight_demographic_similarity,diameter_lcc,1,1,1,6.0,5.0,1.0,,,descriptive_reference_not_treatment_CI
revision896_f2c6b9696988_iterative_gpt-4.1_us_english_s0,equal_weight_demographic_similarity,avg_shortest_path_lcc,1,1,1,2.703030303030303,2.555918367346939,0.14711193568336434,,,descriptive_reference_not_treatment_CI
revision896_f2c6b9696988_iterative_gpt-4.1_us_english_s0,equal_weight_demographic_similarity,degree_one_share,1,1,1,0.06,0.0,0.06,,,descriptive_reference_not_treatment_CI
revision896_f2c6b9696988_iterative_gpt-4.1_us_english_s0,equal_weight_demographic_similarity,isolate_share,1,1,1,0.1,0.0,0.1,,,descriptive_reference_not_treatment_CI
revision896_f2c6b9696988_iterative_gpt-4.1_us_english_s0,equal_weight_demographic_similarity,degree_gini,1,1,1,0.32502283105022833,0.18429223744292236,0.14073059360730597,,,descriptive_reference_not_treatment_CI
revision896_f2c6b9696988_iterative_gpt-4.1_us_english_s0,equal_weight_demographic_similarity,coleman_gender,1,1,1,0.06760861758724726,0.7251070742874022,-0.6574984567001549,,,descriptive_reference_not_treatment_CI
revision896_f2c6b9696988_iterative_gpt-4.1_us_english_s0,equal_weight_demographic_similarity,coleman_religion,1,1,1,0.07548798935627321,0.34312933552391384,-0.2676413461676406,,,descriptive_reference_not_treatment_CI
revision896_f2c6b9696988_iterative_gpt-4.1_us_english_s0,equal_weight_demographic_similarity,coleman_political orientation,1,1,1,0.876826659034599,0.7652008035716117,0.11162585546298731,,,descriptive_reference_not_treatment_CI
revision896_f2c6b9696988_iterative_gpt-4.1_us_english_s0,equal_weight_demographic_similarity,age_assortativity,1,1,1,-0.00857161640025213,0.13490026831685661,-0.14347188471710876,,,descriptive_reference_not_treatment_CI
revision896_f2c6b9696988_iterative_gpt-4.1_us_english_s0,uniform_edge_count,density,20,20,20,0.17877551020408164,0.1787755102040816,2.7755575615628914e-17,0.17877551020408164,0.17877551020408164,descriptive_reference_not_treatment_CI
revision896_f2c6b9696988_iterative_gpt-4.1_us_english_s0,uniform_edge_count,avg_clustering_coef,20,20,20,0.6995724275724275,0.18637560051747362,0.513196827054954,0.15521196303696305,0.2192127733377733,descriptive_reference_not_treatment_CI
revision896_f2c6b9696988_iterative_gpt-4.1_us_english_s0,uniform_edge_count,prop_nodes_lcc,20,20,20,0.9,1.0,-0.09999999999999998,1.0,1.0,descriptive_reference_not_treatment_CI
revision896_f2c6b9696988_iterative_gpt-4.1_us_english_s0,uniform_edge_count,global_efficiency,20,20,20,0.3962040816326588,0.5598231292516994,-0.16361904761904061,0.5561411564625824,0.5642380952380941,descriptive_reference_not_treatment_CI
revision896_f2c6b9696988_iterative_gpt-4.1_us_english_s0,uniform_edge_count,num_components,20,20,20,6.0,1.0,5.0,1.0,1.0,descriptive_reference_not_treatment_CI
revision896_f2c6b9696988_iterative_gpt-4.1_us_english_s0,uniform_edge_count,modularity,20,20,20,0.5948166218385772,0.2478482517045099,0.34696837013406734,0.2302021434081858,0.26460796271970977,descriptive_reference_not_treatment_CI
revision896_f2c6b9696988_iterative_gpt-4.1_us_english_s0,uniform_edge_count,radius_lcc,20,20,20,3.0,2.8,0.20000000000000018,2.0,3.0,descriptive_reference_not_treatment_CI
revision896_f2c6b9696988_iterative_gpt-4.1_us_english_s0,uniform_edge_count,diameter_lcc,20,20,20,6.0,3.6,2.4,3.0,4.0,descriptive_reference_not_treatment_CI
revision896_f2c6b9696988_iterative_gpt-4.1_us_english_s0,uniform_edge_count,avg_shortest_path_lcc,20,20,20,2.703030303030303,1.9993877551020407,0.7036425479282624,1.9721224489795919,2.024142857142857,descriptive_reference_not_treatment_CI
revision896_f2c6b9696988_iterative_gpt-4.1_us_english_s0,uniform_edge_count,degree_one_share,20,20,20,0.06,0.001,0.059,0.0,0.010499999999999971,descriptive_reference_not_treatment_CI
revision896_f2c6b9696988_iterative_gpt-4.1_us_english_s0,uniform_edge_count,isolate_share,20,20,20,0.1,0.0,0.1,0.0,0.0,descriptive_reference_not_treatment_CI
revision896_f2c6b9696988_iterative_gpt-4.1_us_english_s0,uniform_edge_count,degree_gini,20,20,20,0.32502283105022833,0.17372602739726026,0.15129680365296808,0.14057534246575343,0.20368949771689496,descriptive_reference_not_treatment_CI
revision896_f2c6b9696988_iterative_gpt-4.1_us_english_s0,uniform_edge_count,coleman_gender,20,20,20,0.06760861758724726,-0.013004434086102445,0.0806130516733497,-0.06411229149064356,0.06485105956426546,descriptive_reference_not_treatment_CI
revision896_f2c6b9696988_iterative_gpt-4.1_us_english_s0,uniform_edge_count,coleman_religion,20,20,20,0.07548798935627321,-0.021398126579551126,0.09688611593582433,-0.06181428819922612,0.03678477601667341,descriptive_reference_not_treatment_CI
revision896_f2c6b9696988_iterative_gpt-4.1_us_english_s0,uniform_edge_count,coleman_political orientation,20,20,20,0.876826659034599,-0.010900208394977299,0.8877268674295763,-0.08555749920057582,0.050233331797685916,descriptive_reference_not_treatment_CI
revision896_f2c6b9696988_iterative_gpt-4.1_us_english_s0,uniform_edge_count,age_assortativity,20,20,20,-0.00857161640025213,0.002461571623868482,-0.011033188024120613,-0.04686251733778859,0.10563345152977618,descriptive_reference_not_treatment_CI
revision896_f2c6b9696988_iterative_gpt-5.6-luna_us_english_s0,degree_preserving_rewire,density,20,20,20,0.18285714285714286,0.18285714285714286,0.0,0.18285714285714286,0.18285714285714286,descriptive_reference_not_treatment_CI
revision896_f2c6b9696988_iterative_gpt-5.6-luna_us_english_s0,degree_preserving_rewire,avg_clustering_coef,20,20,20,0.7105701520701523,0.23096640026640025,0.47960375180375203,0.2076777666777667,0.2578991022866023,descriptive_reference_not_treatment_CI
revision896_f2c6b9696988_iterative_gpt-5.6-luna_us_english_s0,degree_preserving_rewire,prop_nodes_lcc,20,20,20,0.96,0.9600000000000002,-2.220446049250313e-16,0.96,0.96,descriptive_reference_not_treatment_CI
revision896_f2c6b9696988_iterative_gpt-5.6-luna_us_english_s0,degree_preserving_rewire,global_efficiency,20,20,20,0.39887657920311187,0.5254489795918362,-0.12657240038872436,0.5213214285714284,0.5276360544217679,descriptive_reference_not_treatment_CI
revision896_f2c6b9696988_iterative_gpt-5.6-luna_us_english_s0,degree_preserving_rewire,num_components,20,20,20,3.0,3.0,0.0,3.0,3.0,descriptive_reference_not_treatment_CI
revision896_f2c6b9696988_iterative_gpt-5.6-luna_us_english_s0,degree_preserving_rewire,modularity,20,20,20,0.6236746651785714,0.22352668606505102,0.4001479791135204,0.2075152961575255,0.2466034558354592,descriptive_reference_not_treatment_CI
revision896_f2c6b9696988_iterative_gpt-5.6-luna_us_english_s0,degree_preserving_rewire,radius_lcc,20,20,20,4.0,2.45,1.5499999999999998,2.0,3.0,descriptive_reference_not_treatment_CI
revision896_f2c6b9696988_iterative_gpt-5.6-luna_us_english_s0,degree_preserving_rewire,diameter_lcc,20,20,20,8.0,4.05,3.95,4.0,4.524999999999999,descriptive_reference_not_treatment_CI
revision896_f2c6b9696988_iterative_gpt-5.6-luna_us_english_s0,degree_preserving_rewire,avg_shortest_path_lcc,20,20,20,3.4317375886524824,1.9766400709219858,1.4550975177304966,1.959552304964539,2.014140070921986,descriptive_reference_not_treatment_CI
revision896_f2c6b9696988_iterative_gpt-5.6-luna_us_english_s0,degree_preserving_rewire,degree_one_share,20,20,20,0.02,0.020000000000000004,-3.469446951953614e-18,0.02,0.02,descriptive_reference_not_treatment_CI
revision896_f2c6b9696988_iterative_gpt-5.6-luna_us_english_s0,degree_preserving_rewire,isolate_share,20,20,20,0.04,0.04000000000000001,-6.938893903907228e-18,0.04,0.04,descriptive_reference_not_treatment_CI
revision896_f2c6b9696988_iterative_gpt-5.6-luna_us_english_s0,degree_preserving_rewire,degree_gini,20,20,20,0.265,0.26499999999999996,5.551115123125783e-17,0.265,0.265,descriptive_reference_not_treatment_CI
revision896_f2c6b9696988_iterative_gpt-5.6-luna_us_english_s0,degree_preserving_rewire,coleman_gender,20,20,20,0.1922961017000332,-0.0318914756771447,0.2241875773771779,-0.08669610773922765,0.03646273817072798,descriptive_reference_not_treatment_CI
revision896_f2c6b9696988_iterative_gpt-5.6-luna_us_english_s0,degree_preserving_rewire,coleman_religion,20,20,20,0.06629874896153705,-0.02362390383222785,0.0899226527937649,-0.053008444700014416,0.022117702676944073,descriptive_reference_not_treatment_CI
revision896_f2c6b9696988_iterative_gpt-5.6-luna_us_english_s0,degree_preserving_rewire,coleman_political orientation,20,20,20,0.9217145705777123,-0.031908830655486484,0.9536234012331988,-0.09411642644358183,0.017342975495450684,descriptive_reference_not_treatment_CI
revision896_f2c6b9696988_iterative_gpt-5.6-luna_us_english_s0,degree_preserving_rewire,age_assortativity,20,20,20,0.3277586986180805,-0.01898587233773561,0.3467445709558161,-0.0915323680150787,0.10935116250226132,descriptive_reference_not_treatment_CI
revision896_f2c6b9696988_iterative_gpt-5.6-luna_us_english_s0,equal_weight_demographic_similarity,density,1,1,1,0.18285714285714286,0.18285714285714286,0.0,,,descriptive_reference_not_treatment_CI
revision896_f2c6b9696988_iterative_gpt-5.6-luna_us_english_s0,equal_weight_demographic_similarity,avg_clustering_coef,1,1,1,0.7105701520701523,0.5939944499944501,0.11657570207570223,,,descriptive_reference_not_treatment_CI
revision896_f2c6b9696988_iterative_gpt-5.6-luna_us_english_s0,equal_weight_demographic_similarity,prop_nodes_lcc,1,1,1,0.96,1.0,-0.040000000000000036,,,descriptive_reference_not_treatment_CI
revision896_f2c6b9696988_iterative_gpt-5.6-luna_us_english_s0,equal_weight_demographic_similarity,global_efficiency,1,1,1,0.39887657920311187,0.4909523809523819,-0.09207580174927005,,,descriptive_reference_not_treatment_CI
revision896_f2c6b9696988_iterative_gpt-5.6-luna_us_english_s0,equal_weight_demographic_similarity,num_components,1,1,1,3.0,1.0,2.0,,,descriptive_reference_not_treatment_CI
revision896_f2c6b9696988_iterative_gpt-5.6-luna_us_english_s0,equal_weight_demographic_similarity,modularity,1,1,1,0.6236746651785714,0.5591218909438777,0.06455277423469374,,,descriptive_reference_not_treatment_CI
revision896_f2c6b9696988_iterative_gpt-5.6-luna_us_english_s0,equal_weight_demographic_similarity,radius_lcc,1,1,1,4.0,3.0,1.0,,,descriptive_reference_not_treatment_CI
revision896_f2c6b9696988_iterative_gpt-5.6-luna_us_english_s0,equal_weight_demographic_similarity,diameter_lcc,1,1,1,8.0,5.0,3.0,,,descriptive_reference_not_treatment_CI
revision896_f2c6b9696988_iterative_gpt-5.6-luna_us_english_s0,equal_weight_demographic_similarity,avg_shortest_path_lcc,1,1,1,3.4317375886524824,2.5175510204081633,0.9141865682443191,,,descriptive_reference_not_treatment_CI
revision896_f2c6b9696988_iterative_gpt-5.6-luna_us_english_s0,equal_weight_demographic_similarity,degree_one_share,1,1,1,0.02,0.0,0.02,,,descriptive_reference_not_treatment_CI
revision896_f2c6b9696988_iterative_gpt-5.6-luna_us_english_s0,equal_weight_demographic_similarity,isolate_share,1,1,1,0.04,0.0,0.04,,,descriptive_reference_not_treatment_CI
revision896_f2c6b9696988_iterative_gpt-5.6-luna_us_english_s0,equal_weight_demographic_similarity,degree_gini,1,1,1,0.265,0.17589285714285716,0.08910714285714286,,,descriptive_reference_not_treatment_CI
revision896_f2c6b9696988_iterative_gpt-5.6-luna_us_english_s0,equal_weight_demographic_similarity,coleman_gender,1,1,1,0.1922961017000332,0.7235148832851923,-0.5312187815851591,,,descriptive_reference_not_treatment_CI
revision896_f2c6b9696988_iterative_gpt-5.6-luna_us_english_s0,equal_weight_demographic_similarity,coleman_religion,1,1,1,0.06629874896153705,0.34215678957058265,-0.2758580406090456,,,descriptive_reference_not_treatment_CI
revision896_f2c6b9696988_iterative_gpt-5.6-luna_us_english_s0,equal_weight_demographic_similarity,coleman_political orientation,1,1,1,0.9217145705777123,0.7637761552571167,0.1579384153205956,,,descriptive_reference_not_treatment_CI
revision896_f2c6b9696988_iterative_gpt-5.6-luna_us_english_s0,equal_weight_demographic_similarity,age_assortativity,1,1,1,0.3277586986180805,0.08689802222850172,0.24086067638957875,,,descriptive_reference_not_treatment_CI
revision896_f2c6b9696988_iterative_gpt-5.6-luna_us_english_s0,uniform_edge_count,density,20,20,20,0.18285714285714286,0.18285714285714286,0.0,0.18285714285714286,0.18285714285714286,descriptive_reference_not_treatment_CI
revision896_f2c6b9696988_iterative_gpt-5.6-luna_us_english_s0,uniform_edge_count,avg_clustering_coef,20,20,20,0.7105701520701523,0.18267920931837342,0.5278909427517788,0.156337393815335,0.22176887001887,descriptive_reference_not_treatment_CI
revision896_f2c6b9696988_iterative_gpt-5.6-luna_us_english_s0,uniform_edge_count,prop_nodes_lcc,20,20,20,0.96,1.0,-0.040000000000000036,1.0,1.0,descriptive_reference_not_treatment_CI
revision896_f2c6b9696988_iterative_gpt-5.6-luna_us_english_s0,uniform_edge_count,global_efficiency,20,20,20,0.39887657920311187,0.56534013605442,-0.16646355685130815,0.5612108843537389,0.5687023809523803,descriptive_reference_not_treatment_CI
revision896_f2c6b9696988_iterative_gpt-5.6-luna_us_english_s0,uniform_edge_count,num_components,20,20,20,3.0,1.0,2.0,1.0,1.0,descriptive_reference_not_treatment_CI
revision896_f2c6b9696988_iterative_gpt-5.6-luna_us_english_s0,uniform_edge_count,modularity,20,20,20,0.6236746651785714,0.2437245894451531,0.3799500757334183,0.2295365314094388,0.2632966956313776,descriptive_reference_not_treatment_CI
revision896_f2c6b9696988_iterative_gpt-5.6-luna_us_english_s0,uniform_edge_count,radius_lcc,20,20,20,4.0,2.6,1.4,2.0,3.0,descriptive_reference_not_treatment_CI
revision896_f2c6b9696988_iterative_gpt-5.6-luna_us_english_s0,uniform_edge_count,diameter_lcc,20,20,20,8.0,3.3,4.7,3.0,4.0,descriptive_reference_not_treatment_CI
revision896_f2c6b9696988_iterative_gpt-5.6-luna_us_english_s0,uniform_edge_count,avg_shortest_path_lcc,20,20,20,3.4317375886524824,1.9738775510204083,1.457860037632074,1.9536938775510204,1.999265306122449,descriptive_reference_not_treatment_CI
revision896_f2c6b9696988_iterative_gpt-5.6-luna_us_english_s0,uniform_edge_count,degree_one_share,20,20,20,0.02,0.0,0.02,0.0,0.0,descriptive_reference_not_treatment_CI
revision896_f2c6b9696988_iterative_gpt-5.6-luna_us_english_s0,uniform_edge_count,isolate_share,20,20,20,0.04,0.0,0.04,0.0,0.0,descriptive_reference_not_treatment_CI
revision896_f2c6b9696988_iterative_gpt-5.6-luna_us_english_s0,uniform_edge_count,degree_gini,20,20,20,0.265,0.16412499999999997,0.10087500000000005,0.13868080357142856,0.1918973214285714,descriptive_reference_not_treatment_CI
revision896_f2c6b9696988_iterative_gpt-5.6-luna_us_english_s0,uniform_edge_count,coleman_gender,20,20,20,0.1922961017000332,-0.02706028902917636,0.21935639072920957,-0.10282775774063976,0.026254682616155,descriptive_reference_not_treatment_CI
revision896_f2c6b9696988_iterative_gpt-5.6-luna_us_english_s0,uniform_edge_count,coleman_religion,20,20,20,0.06629874896153705,-0.019945907658958442,0.08624465662049549,-0.06077009234371698,0.01834775026257551,descriptive_reference_not_treatment_CI
revision896_f2c6b9696988_iterative_gpt-5.6-luna_us_english_s0,uniform_edge_count,coleman_political orientation,20,20,20,0.9217145705777123,-0.013560062126688938,0.9352746327044013,-0.08888290383986382,0.08260064186709962,descriptive_reference_not_treatment_CI
revision896_f2c6b9696988_iterative_gpt-5.6-luna_us_english_s0,uniform_edge_count,age_assortativity,20,20,20,0.3277586986180805,-0.024573714917439052,0.35233241353551953,-0.0879948590331027,0.07543204263110435,descriptive_reference_not_treatment_CI
revision896_f2c6b9696988_iterative_gpt-6-luna_brazil_english_s0,degree_preserving_rewire,density,20,20,20,0.17469387755102042,0.1746938775510204,2.7755575615628914e-17,0.17469387755102042,0.17469387755102042,descriptive_reference_not_treatment_CI
revision896_f2c6b9696988_iterative_gpt-6-luna_brazil_english_s0,degree_preserving_rewire,avg_clustering_coef,20,20,20,0.6160923259746789,0.2021316449889979,0.41396068098568095,0.1763119422244422,0.2298110941346235,descriptive_reference_not_treatment_CI
revision896_f2c6b9696988_iterative_gpt-6-luna_brazil_english_s0,degree_preserving_rewire,prop_nodes_lcc,20,20,20,0.96,0.9600000000000002,-2.220446049250313e-16,0.96,0.96,descriptive_reference_not_treatment_CI
revision896_f2c6b9696988_iterative_gpt-6-luna_brazil_english_s0,degree_preserving_rewire,global_efficiency,20,20,20,0.45699319727891385,0.5191544217687063,-0.062161224489792444,0.5158173469387743,0.5215714285714279,descriptive_reference_not_treatment_CI
revision896_f2c6b9696988_iterative_gpt-6-luna_brazil_english_s0,degree_preserving_rewire,num_components,20,20,20,3.0,3.0,0.0,3.0,3.0,descriptive_reference_not_treatment_CI
revision896_f2c6b9696988_iterative_gpt-6-luna_brazil_english_s0,degree_preserving_rewire,modularity,20,20,20,0.5335946370862084,0.2331562800244563,0.30043835706175204,0.21598775002183596,0.249360752030745,descriptive_reference_not_treatment_CI
revision896_f2c6b9696988_iterative_gpt-6-luna_brazil_english_s0,degree_preserving_rewire,radius_lcc,20,20,20,3.0,2.9,0.10000000000000009,2.0,3.0,descriptive_reference_not_treatment_CI
revision896_f2c6b9696988_iterative_gpt-6-luna_brazil_english_s0,degree_preserving_rewire,diameter_lcc,20,20,20,5.0,4.05,0.9500000000000002,4.0,4.524999999999999,descriptive_reference_not_treatment_CI
revision896_f2c6b9696988_iterative_gpt-6-luna_brazil_english_s0,degree_preserving_rewire,avg_shortest_path_lcc,20,20,20,2.493794326241135,1.9993794326241137,0.4944148936170212,1.983488475177305,2.024822695035461,descriptive_reference_not_treatment_CI
revision896_f2c6b9696988_iterative_gpt-6-luna_brazil_english_s0,degree_preserving_rewire,degree_one_share,20,20,20,0.02,0.020000000000000004,-3.469446951953614e-18,0.02,0.02,descriptive_reference_not_treatment_CI
revision896_f2c6b9696988_iterative_gpt-6-luna_brazil_english_s0,degree_preserving_rewire,isolate_share,20,20,20,0.04,0.04000000000000001,-6.938893903907228e-18,0.04,0.04,descriptive_reference_not_treatment_CI
revision896_f2c6b9696988_iterative_gpt-6-luna_brazil_english_s0,degree_preserving_rewire,degree_gini,20,20,20,0.25149532710280376,0.25149532710280376,0.0,0.25149532710280376,0.25149532710280376,descriptive_reference_not_treatment_CI
revision896_f2c6b9696988_iterative_gpt-6-luna_brazil_english_s0,degree_preserving_rewire,coleman_gender,20,20,20,0.11602648559170298,-0.032264534981926316,0.1482910205736293,-0.1149429601195906,0.03863493843113403,descriptive_reference_not_treatment_CI
revision896_f2c6b9696988_iterative_gpt-6-luna_brazil_english_s0,degree_preserving_rewire,coleman_religion,20,20,20,0.27921164646234947,-0.02093951398542575,0.30015116044777523,-0.0683010260903404,0.028894928656717493,descriptive_reference_not_treatment_CI
revision896_f2c6b9696988_iterative_gpt-6-luna_brazil_english_s0,degree_preserving_rewire,coleman_political orientation,20,20,20,0.5318866938823743,-0.024022473199301765,0.555909167081676,-0.0750924222214559,0.02323217915334647,descriptive_reference_not_treatment_CI
revision896_f2c6b9696988_iterative_gpt-6-luna_brazil_english_s0,degree_preserving_rewire,age_assortativity,20,20,20,0.6393737371878541,-0.041487917726927774,0.6808616549147818,-0.1196090225119794,0.06996650335233287,descriptive_reference_not_treatment_CI
revision896_f2c6b9696988_iterative_gpt-6-luna_brazil_english_s0,equal_weight_demographic_similarity,density,1,1,1,0.17469387755102042,0.17469387755102042,0.0,,,descriptive_reference_not_treatment_CI
revision896_f2c6b9696988_iterative_gpt-6-luna_brazil_english_s0,equal_weight_demographic_similarity,avg_clustering_coef,1,1,1,0.6160923259746789,0.5951965811965814,0.020895744778097525,,,descriptive_reference_not_treatment_CI
revision896_f2c6b9696988_iterative_gpt-6-luna_brazil_english_s0,equal_weight_demographic_similarity,prop_nodes_lcc,1,1,1,0.96,1.0,-0.040000000000000036,,,descriptive_reference_not_treatment_CI
revision896_f2c6b9696988_iterative_gpt-6-luna_brazil_english_s0,equal_weight_demographic_similarity,global_efficiency,1,1,1,0.45699319727891385,0.4807346938775526,-0.023741496598638723,,,descriptive_reference_not_treatment_CI
revision896_f2c6b9696988_iterative_gpt-6-luna_brazil_english_s0,equal_weight_demographic_similarity,num_components,1,1,1,3.0,1.0,2.0,,,descriptive_reference_not_treatment_CI
revision896_f2c6b9696988_iterative_gpt-6-luna_brazil_english_s0,equal_weight_demographic_similarity,modularity,1,1,1,0.5335946370862084,0.5742750458555331,-0.04068040876932477,,,descriptive_reference_not_treatment_CI
revision896_f2c6b9696988_iterative_gpt-6-luna_brazil_english_s0,equal_weight_demographic_similarity,radius_lcc,1,1,1,3.0,4.0,-1.0,,,descriptive_reference_not_treatment_CI
revision896_f2c6b9696988_iterative_gpt-6-luna_brazil_english_s0,equal_weight_demographic_similarity,diameter_lcc,1,1,1,5.0,5.0,0.0,,,descriptive_reference_not_treatment_CI
revision896_f2c6b9696988_iterative_gpt-6-luna_brazil_english_s0,equal_weight_demographic_similarity,avg_shortest_path_lcc,1,1,1,2.493794326241135,2.580408163265306,-0.08661383702417114,,,descriptive_reference_not_treatment_CI
revision896_f2c6b9696988_iterative_gpt-6-luna_brazil_english_s0,equal_weight_demographic_similarity,degree_one_share,1,1,1,0.02,0.0,0.02,,,descriptive_reference_not_treatment_CI
revision896_f2c6b9696988_iterative_gpt-6-luna_brazil_english_s0,equal_weight_demographic_similarity,isolate_share,1,1,1,0.04,0.0,0.04,,,descriptive_reference_not_treatment_CI
revision896_f2c6b9696988_iterative_gpt-6-luna_brazil_english_s0,equal_weight_demographic_similarity,degree_gini,1,1,1,0.25149532710280376,0.18906542056074765,0.0624299065420561,,,descriptive_reference_not_treatment_CI
revision896_f2c6b9696988_iterative_gpt-6-luna_brazil_english_s0,equal_weight_demographic_similarity,coleman_gender,1,1,1,0.11602648559170298,0.7346136508746872,-0.6185871652829842,,,descriptive_reference_not_treatment_CI
revision896_f2c6b9696988_iterative_gpt-6-luna_brazil_english_s0,equal_weight_demographic_similarity,coleman_religion,1,1,1,0.27921164646234947,0.3336634846071179,-0.05445183814476845,,,descriptive_reference_not_treatment_CI
revision896_f2c6b9696988_iterative_gpt-6-luna_brazil_english_s0,equal_weight_demographic_similarity,coleman_political orientation,1,1,1,0.5318866938823743,0.7740325696530078,-0.2421458757706335,,,descriptive_reference_not_treatment_CI
revision896_f2c6b9696988_iterative_gpt-6-luna_brazil_english_s0,equal_weight_demographic_similarity,age_assortativity,1,1,1,0.6393737371878541,0.17798179102511136,0.4613919461627427,,,descriptive_reference_not_treatment_CI
revision896_f2c6b9696988_iterative_gpt-6-luna_brazil_english_s0,uniform_edge_count,density,20,20,20,0.17469387755102042,0.1746938775510204,2.7755575615628914e-17,0.17469387755102042,0.17469387755102042,descriptive_reference_not_treatment_CI
revision896_f2c6b9696988_iterative_gpt-6-luna_brazil_english_s0,uniform_edge_count,avg_clustering_coef,20,20,20,0.6160923259746789,0.1728917002931709,0.443200625681508,0.14628652597402603,0.20247816831860949,descriptive_reference_not_treatment_CI
revision896_f2c6b9696988_iterative_gpt-6-luna_brazil_english_s0,uniform_edge_count,prop_nodes_lcc,20,20,20,0.96,1.0,-0.040000000000000036,1.0,1.0,descriptive_reference_not_treatment_CI
revision896_f2c6b9696988_iterative_gpt-6-luna_brazil_english_s0,uniform_edge_count,global_efficiency,20,20,20,0.45699319727891385,0.5563945578231276,-0.09940136054421378,0.5529523809523786,0.559068027210883,descriptive_reference_not_treatment_CI
revision896_f2c6b9696988_iterative_gpt-6-luna_brazil_english_s0,uniform_edge_count,num_components,20,20,20,3.0,1.0,2.0,1.0,1.0,descriptive_reference_not_treatment_CI
revision896_f2c6b9696988_iterative_gpt-6-luna_brazil_english_s0,uniform_edge_count,modularity,20,20,20,0.5335946370862084,0.24986188750109178,0.2837327495851166,0.2296576120185169,0.26816943619530087,descriptive_reference_not_treatment_CI
revision896_f2c6b9696988_iterative_gpt-6-luna_brazil_english_s0,uniform_edge_count,radius_lcc,20,20,20,3.0,2.65,0.3500000000000001,2.0,3.0,descriptive_reference_not_treatment_CI
revision896_f2c6b9696988_iterative_gpt-6-luna_brazil_english_s0,uniform_edge_count,diameter_lcc,20,20,20,5.0,3.6,1.4,3.0,4.0,descriptive_reference_not_treatment_CI
revision896_f2c6b9696988_iterative_gpt-6-luna_brazil_english_s0,uniform_edge_count,avg_shortest_path_lcc,20,20,20,2.493794326241135,2.0115510204081635,0.48224330583297137,1.9953673469387754,2.0332448979591837,descriptive_reference_not_treatment_CI
revision896_f2c6b9696988_iterative_gpt-6-luna_brazil_english_s0,uniform_edge_count,degree_one_share,20,20,20,0.02,0.002,0.018000000000000002,0.0,0.02,descriptive_reference_not_treatment_CI
revision896_f2c6b9696988_iterative_gpt-6-luna_brazil_english_s0,uniform_edge_count,isolate_share,20,20,20,0.04,0.0,0.04,0.0,0.0,descriptive_reference_not_treatment_CI
revision896_f2c6b9696988_iterative_gpt-6-luna_brazil_english_s0,uniform_edge_count,degree_gini,20,20,20,0.25149532710280376,0.16984579439252337,0.08164953271028039,0.13066355140186917,0.198446261682243,descriptive_reference_not_treatment_CI
revision896_f2c6b9696988_iterative_gpt-6-luna_brazil_english_s0,uniform_edge_count,coleman_gender,20,20,20,0.11602648559170298,-0.034715065632523204,0.15074155122422617,-0.10480914509465132,0.025924863435825556,descriptive_reference_not_treatment_CI
revision896_f2c6b9696988_iterative_gpt-6-luna_brazil_english_s0,uniform_edge_count,coleman_religion,20,20,20,0.27921164646234947,-0.030366386575638227,0.3095780330379877,-0.06958722236884426,0.012176600582014092,descriptive_reference_not_treatment_CI
revision896_f2c6b9696988_iterative_gpt-6-luna_brazil_english_s0,uniform_edge_count,coleman_political orientation,20,20,20,0.5318866938823743,-0.024520120816348495,0.5564068146987228,-0.09051081322590525,0.05677397346253671,descriptive_reference_not_treatment_CI
revision896_f2c6b9696988_iterative_gpt-6-luna_brazil_english_s0,uniform_edge_count,age_assortativity,20,20,20,0.6393737371878541,-0.009210318829031016,0.6485840560168851,-0.13216748255122024,0.08474508403447872,descriptive_reference_not_treatment_CI
revision896_f2c6b9696988_iterative_gpt-6-luna_brazil_english_s1,degree_preserving_rewire,density,20,20,20,0.16489795918367348,0.1648979591836735,-2.7755575615628914e-17,0.16489795918367348,0.16489795918367348,descriptive_reference_not_treatment_CI
revision896_f2c6b9696988_iterative_gpt-6-luna_brazil_english_s1,degree_preserving_rewire,avg_clustering_coef,20,20,20,0.6104884559884564,0.20884791874791872,0.4016405372405376,0.17170429847929847,0.25245368104118104,descriptive_reference_not_treatment_CI
revision896_f2c6b9696988_iterative_gpt-6-luna_brazil_english_s1,degree_preserving_rewire,prop_nodes_lcc,20,20,20,0.94,0.9400000000000001,-1.1102230246251565e-16,0.94,0.94,descriptive_reference_not_treatment_CI
revision896_f2c6b9696988_iterative_gpt-6-luna_brazil_english_s1,degree_preserving_rewire,global_efficiency,20,20,20,0.4397414965986432,0.4937823129251699,-0.054040816326526686,0.4906360544217688,0.4962687074829928,descriptive_reference_not_treatment_CI
revision896_f2c6b9696988_iterative_gpt-6-luna_brazil_english_s1,degree_preserving_rewire,num_components,20,20,20,4.0,4.0,0.0,4.0,4.0,descriptive_reference_not_treatment_CI
revision896_f2c6b9696988_iterative_gpt-6-luna_brazil_english_s1,degree_preserving_rewire,modularity,20,20,20,0.4904543672189001,0.23162986471914518,0.25882450249975497,0.21192070630330362,0.2554106215076953,descriptive_reference_not_treatment_CI
revision896_f2c6b9696988_iterative_gpt-6-luna_brazil_english_s1,degree_preserving_rewire,radius_lcc,20,20,20,3.0,2.7,0.2999999999999998,2.0,3.0,descriptive_reference_not_treatment_CI
revision896_f2c6b9696988_iterative_gpt-6-luna_brazil_english_s1,degree_preserving_rewire,diameter_lcc,20,20,20,5.0,3.95,1.0499999999999998,3.475,4.0,descriptive_reference_not_treatment_CI
revision896_f2c6b9696988_iterative_gpt-6-luna_brazil_english_s1,degree_preserving_rewire,avg_shortest_path_lcc,20,20,20,2.463459759481961,2.0197039777983354,0.4437557816836257,1.9999537465309898,2.0447271045328397,descriptive_reference_not_treatment_CI
revision896_f2c6b9696988_iterative_gpt-6-luna_brazil_english_s1,degree_preserving_rewire,degree_one_share,20,20,20,0.02,0.020000000000000004,-3.469446951953614e-18,0.02,0.02,descriptive_reference_not_treatment_CI
revision896_f2c6b9696988_iterative_gpt-6-luna_brazil_english_s1,degree_preserving_rewire,isolate_share,20,20,20,0.06,0.06000000000000001,-1.3877787807814457e-17,0.06,0.06,descriptive_reference_not_treatment_CI
revision896_f2c6b9696988_iterative_gpt-6-luna_brazil_english_s1,degree_preserving_rewire,degree_gini,20,20,20,0.2969306930693069,0.29693069306930686,5.551115123125783e-17,0.2969306930693069,0.2969306930693069,descriptive_reference_not_treatment_CI
revision896_f2c6b9696988_iterative_gpt-6-luna_brazil_english_s1,degree_preserving_rewire,coleman_gender,20,20,20,0.2526633374947982,-0.032487168816756874,0.2851505063115551,-0.1347610625606881,0.04905534748231374,descriptive_reference_not_treatment_CI
revision896_f2c6b9696988_iterative_gpt-6-luna_brazil_english_s1,degree_preserving_rewire,coleman_religion,20,20,20,0.2210703176427423,-0.026186263381246844,0.24725658102398915,-0.06108311700092807,0.025139663560113053,descriptive_reference_not_treatment_CI
revision896_f2c6b9696988_iterative_gpt-6-luna_brazil_english_s1,degree_preserving_rewire,coleman_political orientation,20,20,20,0.7144470769641769,-0.03751081382180338,0.7519578907859803,-0.13080740466741386,0.04412421950041642,descriptive_reference_not_treatment_CI
revision896_f2c6b9696988_iterative_gpt-6-luna_brazil_english_s1,degree_preserving_rewire,age_assortativity,20,20,20,0.5024385279592261,0.00559118220472697,0.49684734575449907,-0.08552009847617852,0.09426159528694186,descriptive_reference_not_treatment_CI
revision896_f2c6b9696988_iterative_gpt-6-luna_brazil_english_s1,equal_weight_demographic_similarity,density,1,1,1,0.16489795918367348,0.16489795918367348,0.0,,,descriptive_reference_not_treatment_CI
revision896_f2c6b9696988_iterative_gpt-6-luna_brazil_english_s1,equal_weight_demographic_similarity,avg_clustering_coef,1,1,1,0.6104884559884564,0.5744095904095906,0.03607886557886575,,,descriptive_reference_not_treatment_CI
revision896_f2c6b9696988_iterative_gpt-6-luna_brazil_english_s1,equal_weight_demographic_similarity,prop_nodes_lcc,1,1,1,0.94,1.0,-0.06000000000000005,,,descriptive_reference_not_treatment_CI
revision896_f2c6b9696988_iterative_gpt-6-luna_brazil_english_s1,equal_weight_demographic_similarity,global_efficiency,1,1,1,0.4397414965986432,0.47125170068027405,-0.031510204081630855,,,descriptive_reference_not_treatment_CI
revision896_f2c6b9696988_iterative_gpt-6-luna_brazil_english_s1,equal_weight_demographic_similarity,num_components,1,1,1,4.0,1.0,3.0,,,descriptive_reference_not_treatment_CI
revision896_f2c6b9696988_iterative_gpt-6-luna_brazil_english_s1,equal_weight_demographic_similarity,modularity,1,1,1,0.4904543672189001,0.5766223899617685,-0.08616802274286839,,,descriptive_reference_not_treatment_CI
revision896_f2c6b9696988_iterative_gpt-6-luna_brazil_english_s1,equal_weight_demographic_similarity,radius_lcc,1,1,1,3.0,4.0,-1.0,,,descriptive_reference_not_treatment_CI
revision896_f2c6b9696988_iterative_gpt-6-luna_brazil_english_s1,equal_weight_demographic_similarity,diameter_lcc,1,1,1,5.0,5.0,0.0,,,descriptive_reference_not_treatment_CI
revision896_f2c6b9696988_iterative_gpt-6-luna_brazil_english_s1,equal_weight_demographic_similarity,avg_shortest_path_lcc,1,1,1,2.463459759481961,2.630204081632653,-0.1667443221506919,,,descriptive_reference_not_treatment_CI
revision896_f2c6b9696988_iterative_gpt-6-luna_brazil_english_s1,equal_weight_demographic_similarity,degree_one_share,1,1,1,0.02,0.0,0.02,,,descriptive_reference_not_treatment_CI
revision896_f2c6b9696988_iterative_gpt-6-luna_brazil_english_s1,equal_weight_demographic_similarity,isolate_share,1,1,1,0.06,0.0,0.06,,,descriptive_reference_not_treatment_CI
revision896_f2c6b9696988_iterative_gpt-6-luna_brazil_english_s1,equal_weight_demographic_similarity,degree_gini,1,1,1,0.2969306930693069,0.19445544554455446,0.10247524752475246,,,descriptive_reference_not_treatment_CI
revision896_f2c6b9696988_iterative_gpt-6-luna_brazil_english_s1,equal_weight_demographic_similarity,coleman_gender,1,1,1,0.2526633374947982,0.7282144639535412,-0.475551126458743,,,descriptive_reference_not_treatment_CI
revision896_f2c6b9696988_iterative_gpt-6-luna_brazil_english_s1,equal_weight_demographic_similarity,coleman_religion,1,1,1,0.2210703176427423,0.35718942999808045,-0.13611911235533816,,,descriptive_reference_not_treatment_CI
revision896_f2c6b9696988_iterative_gpt-6-luna_brazil_english_s1,equal_weight_demographic_similarity,coleman_political orientation,1,1,1,0.7144470769641769,0.7675011050626348,-0.05305402809845794,,,descriptive_reference_not_treatment_CI
revision896_f2c6b9696988_iterative_gpt-6-luna_brazil_english_s1,equal_weight_demographic_similarity,age_assortativity,1,1,1,0.5024385279592261,0.27675557452295313,0.22568295343627293,,,descriptive_reference_not_treatment_CI
revision896_f2c6b9696988_iterative_gpt-6-luna_brazil_english_s1,uniform_edge_count,density,20,20,20,0.16489795918367348,0.1648979591836735,-2.7755575615628914e-17,0.16489795918367348,0.16489795918367348,descriptive_reference_not_treatment_CI
revision896_f2c6b9696988_iterative_gpt-6-luna_brazil_english_s1,uniform_edge_count,avg_clustering_coef,20,20,20,0.6104884559884564,0.16827559874765757,0.4422128572407988,0.14428595571095576,0.19119570429570426,descriptive_reference_not_treatment_CI
revision896_f2c6b9696988_iterative_gpt-6-luna_brazil_english_s1,uniform_edge_count,prop_nodes_lcc,20,20,20,0.94,0.999,-0.05900000000000005,0.9895,1.0,descriptive_reference_not_treatment_CI
revision896_f2c6b9696988_iterative_gpt-6-luna_brazil_english_s1,uniform_edge_count,global_efficiency,20,20,20,0.4397414965986432,0.5443142857142845,-0.10457278911564133,0.5351183673469377,0.5495272108843537,descriptive_reference_not_treatment_CI
revision896_f2c6b9696988_iterative_gpt-6-luna_brazil_english_s1,uniform_edge_count,num_components,20,20,20,4.0,1.05,2.95,1.0,1.5249999999999986,descriptive_reference_not_treatment_CI
revision896_f2c6b9696988_iterative_gpt-6-luna_brazil_english_s1,uniform_edge_count,modularity,20,20,20,0.4904543672189001,0.2622910744044702,0.22816329281442993,0.23869657386530735,0.2871284065287717,descriptive_reference_not_treatment_CI
revision896_f2c6b9696988_iterative_gpt-6-luna_brazil_english_s1,uniform_edge_count,radius_lcc,20,20,20,3.0,2.95,0.04999999999999982,2.475,3.0,descriptive_reference_not_treatment_CI
revision896_f2c6b9696988_iterative_gpt-6-luna_brazil_english_s1,uniform_edge_count,diameter_lcc,20,20,20,5.0,3.8,1.2000000000000002,3.0,4.524999999999999,descriptive_reference_not_treatment_CI
revision896_f2c6b9696988_iterative_gpt-6-luna_brazil_english_s1,uniform_edge_count,avg_shortest_path_lcc,20,20,20,2.463459759481961,2.059556122448979,0.40390363703298204,2.0236862244897957,2.092163265306122,descriptive_reference_not_treatment_CI
revision896_f2c6b9696988_iterative_gpt-6-luna_brazil_english_s1,uniform_edge_count,degree_one_share,20,20,20,0.02,0.002,0.018000000000000002,0.0,0.020999999999999942,descriptive_reference_not_treatment_CI
revision896_f2c6b9696988_iterative_gpt-6-luna_brazil_english_s1,uniform_edge_count,isolate_share,20,20,20,0.06,0.001,0.059,0.0,0.010499999999999971,descriptive_reference_not_treatment_CI
revision896_f2c6b9696988_iterative_gpt-6-luna_brazil_english_s1,uniform_edge_count,degree_gini,20,20,20,0.2969306930693069,0.17663366336633662,0.12029702970297029,0.14957673267326732,0.20423019801980197,descriptive_reference_not_treatment_CI
revision896_f2c6b9696988_iterative_gpt-6-luna_brazil_english_s1,uniform_edge_count,coleman_gender,20,20,20,0.2526633374947982,-0.032003973491517,0.2846673109863152,-0.09790784765493908,0.04449601863906576,descriptive_reference_not_treatment_CI
revision896_f2c6b9696988_iterative_gpt-6-luna_brazil_english_s1,uniform_edge_count,coleman_religion,20,20,20,0.2210703176427423,-0.0186108734726192,0.23968119111536149,-0.06537509607842482,0.02267195616416775,descriptive_reference_not_treatment_CI
revision896_f2c6b9696988_iterative_gpt-6-luna_brazil_english_s1,uniform_edge_count,coleman_political orientation,20,20,20,0.7144470769641769,-0.01801582638100134,0.7324629033451782,-0.07735584203006428,0.04102948483962381,descriptive_reference_not_treatment_CI
revision896_f2c6b9696988_iterative_gpt-6-luna_brazil_english_s1,uniform_edge_count,age_assortativity,20,20,20,0.5024385279592261,-0.034457080541306445,0.5368956085005325,-0.12116904872454412,0.05323701704003282,descriptive_reference_not_treatment_CI
revision896_f2c6b9696988_iterative_gpt-6-luna_india_english_s0,degree_preserving_rewire,density,20,20,20,0.1820408163265306,0.1820408163265306,0.0,0.1820408163265306,0.1820408163265306,descriptive_reference_not_treatment_CI
revision896_f2c6b9696988_iterative_gpt-6-luna_india_english_s0,degree_preserving_rewire,avg_clustering_coef,20,20,20,0.641913086913087,0.2073356643356643,0.4345774225774227,0.18421364746364752,0.22933938977688975,descriptive_reference_not_treatment_CI
revision896_f2c6b9696988_iterative_gpt-6-luna_india_english_s0,degree_preserving_rewire,prop_nodes_lcc,20,20,20,0.96,0.9600000000000002,-2.220446049250313e-16,0.96,0.96,descriptive_reference_not_treatment_CI
revision896_f2c6b9696988_iterative_gpt-6-luna_india_english_s0,degree_preserving_rewire,global_efficiency,20,20,20,0.4365986394557853,0.5247176870748297,-0.08811904761904438,0.5226853741496595,0.5269268707482994,descriptive_reference_not_treatment_CI
revision896_f2c6b9696988_iterative_gpt-6-luna_india_english_s0,degree_preserving_rewire,num_components,20,20,20,3.0,3.0,0.0,3.0,3.0,descriptive_reference_not_treatment_CI
revision896_f2c6b9696988_iterative_gpt-6-luna_india_english_s0,degree_preserving_rewire,modularity,20,20,20,0.5732671077238634,0.22621056124193126,0.34705654648193207,0.2078027911279133,0.24324463592672288,descriptive_reference_not_treatment_CI
revision896_f2c6b9696988_iterative_gpt-6-luna_india_english_s0,degree_preserving_rewire,radius_lcc,20,20,20,3.0,2.7,0.2999999999999998,2.0,3.0,descriptive_reference_not_treatment_CI
revision896_f2c6b9696988_iterative_gpt-6-luna_india_english_s0,degree_preserving_rewire,diameter_lcc,20,20,20,5.0,4.0,1.0,4.0,4.0,descriptive_reference_not_treatment_CI
revision896_f2c6b9696988_iterative_gpt-6-luna_india_english_s0,degree_preserving_rewire,avg_shortest_path_lcc,20,20,20,2.749113475177305,1.9809397163120566,0.7681737588652484,1.9648271276595746,1.997938829787234,descriptive_reference_not_treatment_CI
revision896_f2c6b9696988_iterative_gpt-6-luna_india_english_s0,degree_preserving_rewire,degree_one_share,20,20,20,0.04,0.04000000000000001,-6.938893903907228e-18,0.04,0.04,descriptive_reference_not_treatment_CI
revision896_f2c6b9696988_iterative_gpt-6-luna_india_english_s0,degree_preserving_rewire,isolate_share,20,20,20,0.04,0.04000000000000001,-6.938893903907228e-18,0.04,0.04,descriptive_reference_not_treatment_CI
revision896_f2c6b9696988_iterative_gpt-6-luna_india_english_s0,degree_preserving_rewire,degree_gini,20,20,20,0.2433183856502242,0.2433183856502242,0.0,0.2433183856502242,0.2433183856502242,descriptive_reference_not_treatment_CI
revision896_f2c6b9696988_iterative_gpt-6-luna_india_english_s0,degree_preserving_rewire,coleman_gender,20,20,20,0.1130466624816907,-0.029502633418368517,0.14254929590005921,-0.09290991616691825,0.03337685263096965,descriptive_reference_not_treatment_CI
revision896_f2c6b9696988_iterative_gpt-6-luna_india_english_s0,degree_preserving_rewire,coleman_religion,20,20,20,0.17704017186661608,-0.01764508228925272,0.1946852541558688,-0.06771165343821146,0.025464106745929353,descriptive_reference_not_treatment_CI
revision896_f2c6b9696988_iterative_gpt-6-luna_india_english_s0,degree_preserving_rewire,coleman_political orientation,20,20,20,0.6246313401393616,-0.02822788619580067,0.6528592263351622,-0.07759474037548907,0.009684237331296116,descriptive_reference_not_treatment_CI
revision896_f2c6b9696988_iterative_gpt-6-luna_india_english_s0,degree_preserving_rewire,age_assortativity,20,20,20,0.7374521388067385,-0.026808964911264454,0.764261103718003,-0.11399001488369102,0.11088117346027054,descriptive_reference_not_treatment_CI
revision896_f2c6b9696988_iterative_gpt-6-luna_india_english_s0,equal_weight_demographic_similarity,density,1,1,1,0.1820408163265306,0.1820408163265306,0.0,,,descriptive_reference_not_treatment_CI
revision896_f2c6b9696988_iterative_gpt-6-luna_india_english_s0,equal_weight_demographic_similarity,avg_clustering_coef,1,1,1,0.641913086913087,0.5897319347319347,0.05218115218115227,,,descriptive_reference_not_treatment_CI
revision896_f2c6b9696988_iterative_gpt-6-luna_india_english_s0,equal_weight_demographic_similarity,prop_nodes_lcc,1,1,1,0.96,1.0,-0.040000000000000036,,,descriptive_reference_not_treatment_CI
revision896_f2c6b9696988_iterative_gpt-6-luna_india_english_s0,equal_weight_demographic_similarity,global_efficiency,1,1,1,0.4365986394557853,0.49027210884353856,-0.05367346938775325,,,descriptive_reference_not_treatment_CI
revision896_f2c6b9696988_iterative_gpt-6-luna_india_english_s0,equal_weight_demographic_similarity,num_components,1,1,1,3.0,1.0,2.0,,,descriptive_reference_not_treatment_CI
revision896_f2c6b9696988_iterative_gpt-6-luna_india_english_s0,equal_weight_demographic_similarity,modularity,1,1,1,0.5732671077238634,0.5587182529308854,0.014548854792977961,,,descriptive_reference_not_treatment_CI
revision896_f2c6b9696988_iterative_gpt-6-luna_india_english_s0,equal_weight_demographic_similarity,radius_lcc,1,1,1,3.0,3.0,0.0,,,descriptive_reference_not_treatment_CI
revision896_f2c6b9696988_iterative_gpt-6-luna_india_english_s0,equal_weight_demographic_similarity,diameter_lcc,1,1,1,5.0,5.0,0.0,,,descriptive_reference_not_treatment_CI
revision896_f2c6b9696988_iterative_gpt-6-luna_india_english_s0,equal_weight_demographic_similarity,avg_shortest_path_lcc,1,1,1,2.749113475177305,2.52,0.22911347517730496,,,descriptive_reference_not_treatment_CI
revision896_f2c6b9696988_iterative_gpt-6-luna_india_english_s0,equal_weight_demographic_similarity,degree_one_share,1,1,1,0.04,0.0,0.04,,,descriptive_reference_not_treatment_CI
revision896_f2c6b9696988_iterative_gpt-6-luna_india_english_s0,equal_weight_demographic_similarity,isolate_share,1,1,1,0.04,0.0,0.04,,,descriptive_reference_not_treatment_CI
revision896_f2c6b9696988_iterative_gpt-6-luna_india_english_s0,equal_weight_demographic_similarity,degree_gini,1,1,1,0.2433183856502242,0.1747085201793722,0.06860986547085202,,,descriptive_reference_not_treatment_CI
revision896_f2c6b9696988_iterative_gpt-6-luna_india_english_s0,equal_weight_demographic_similarity,coleman_gender,1,1,1,0.1130466624816907,0.7225176257434323,-0.6094709632617415,,,descriptive_reference_not_treatment_CI
revision896_f2c6b9696988_iterative_gpt-6-luna_india_english_s0,equal_weight_demographic_similarity,coleman_religion,1,1,1,0.17704017186661608,0.3446505542961133,-0.16761038242949722,,,descriptive_reference_not_treatment_CI
revision896_f2c6b9696988_iterative_gpt-6-luna_india_english_s0,equal_weight_demographic_similarity,coleman_political orientation,1,1,1,0.6246313401393616,0.7626617787070954,-0.13803043856773378,,,descriptive_reference_not_treatment_CI
revision896_f2c6b9696988_iterative_gpt-6-luna_india_english_s0,equal_weight_demographic_similarity,age_assortativity,1,1,1,0.7374521388067385,0.09665447546809175,0.6407976633386467,,,descriptive_reference_not_treatment_CI
revision896_f2c6b9696988_iterative_gpt-6-luna_india_english_s0,uniform_edge_count,density,20,20,20,0.1820408163265306,0.1820408163265306,0.0,0.1820408163265306,0.1820408163265306,descriptive_reference_not_treatment_CI
revision896_f2c6b9696988_iterative_gpt-6-luna_india_english_s0,uniform_edge_count,avg_clustering_coef,20,20,20,0.641913086913087,0.18164031557537752,0.4602727713377095,0.14586618936618942,0.21553503718503716,descriptive_reference_not_treatment_CI
revision896_f2c6b9696988_iterative_gpt-6-luna_india_english_s0,uniform_edge_count,prop_nodes_lcc,20,20,20,0.96,1.0,-0.040000000000000036,1.0,1.0,descriptive_reference_not_treatment_CI
revision896_f2c6b9696988_iterative_gpt-6-luna_india_english_s0,uniform_edge_count,global_efficiency,20,20,20,0.4365986394557853,0.5641496598639442,-0.12755102040815886,0.560999999999999,0.5667380952380943,descriptive_reference_not_treatment_CI
revision896_f2c6b9696988_iterative_gpt-6-luna_india_english_s0,uniform_edge_count,num_components,20,20,20,3.0,1.0,2.0,1.0,1.0,descriptive_reference_not_treatment_CI
revision896_f2c6b9696988_iterative_gpt-6-luna_india_english_s0,uniform_edge_count,modularity,20,20,20,0.5732671077238634,0.2434605562146836,0.32980655150917976,0.21956931569104549,0.2680163988819401,descriptive_reference_not_treatment_CI
revision896_f2c6b9696988_iterative_gpt-6-luna_india_english_s0,uniform_edge_count,radius_lcc,20,20,20,3.0,2.35,0.6499999999999999,2.0,3.0,descriptive_reference_not_treatment_CI
revision896_f2c6b9696988_iterative_gpt-6-luna_india_english_s0,uniform_edge_count,diameter_lcc,20,20,20,5.0,3.25,1.75,3.0,4.0,descriptive_reference_not_treatment_CI
revision896_f2c6b9696988_iterative_gpt-6-luna_india_english_s0,uniform_edge_count,avg_shortest_path_lcc,20,20,20,2.749113475177305,1.9796734693877553,0.7694400057895496,1.9636530612244898,2.001918367346939,descriptive_reference_not_treatment_CI
revision896_f2c6b9696988_iterative_gpt-6-luna_india_english_s0,uniform_edge_count,degree_one_share,20,20,20,0.04,0.002,0.038,0.0,0.02,descriptive_reference_not_treatment_CI
revision896_f2c6b9696988_iterative_gpt-6-luna_india_english_s0,uniform_edge_count,isolate_share,20,20,20,0.04,0.0,0.04,0.0,0.0,descriptive_reference_not_treatment_CI
revision896_f2c6b9696988_iterative_gpt-6-luna_india_english_s0,uniform_edge_count,degree_gini,20,20,20,0.2433183856502242,0.16710313901345294,0.07621524663677126,0.1405538116591928,0.19316816143497756,descriptive_reference_not_treatment_CI
revision896_f2c6b9696988_iterative_gpt-6-luna_india_english_s0,uniform_edge_count,coleman_gender,20,20,20,0.1130466624816907,-0.03856014791975816,0.15160681040144885,-0.14818271089653795,0.0725174972211696,descriptive_reference_not_treatment_CI
revision896_f2c6b9696988_iterative_gpt-6-luna_india_english_s0,uniform_edge_count,coleman_religion,20,20,20,0.17704017186661608,-0.021383614471460515,0.19842378633807659,-0.07696801020258605,0.03905646792431956,descriptive_reference_not_treatment_CI
revision896_f2c6b9696988_iterative_gpt-6-luna_india_english_s0,uniform_edge_count,coleman_political orientation,20,20,20,0.6246313401393616,-0.021549039816428132,0.6461803799557897,-0.10604898472908973,0.0596679731454572,descriptive_reference_not_treatment_CI
revision896_f2c6b9696988_iterative_gpt-6-luna_india_english_s0,uniform_edge_count,age_assortativity,20,20,20,0.7374521388067385,-0.01625526606549743,0.753707404872236,-0.16224826993619412,0.09086216885929788,descriptive_reference_not_treatment_CI
revision896_f2c6b9696988_iterative_gpt-6-luna_india_english_s1,degree_preserving_rewire,density,20,20,20,0.16081632653061226,0.16081632653061229,-2.7755575615628914e-17,0.16081632653061226,0.16081632653061226,descriptive_reference_not_treatment_CI
revision896_f2c6b9696988_iterative_gpt-6-luna_india_english_s1,degree_preserving_rewire,avg_clustering_coef,20,20,20,0.6138489288489288,0.18322939282939282,0.430619536019536,0.16434031801531804,0.21226278443778437,descriptive_reference_not_treatment_CI
revision896_f2c6b9696988_iterative_gpt-6-luna_india_english_s1,degree_preserving_rewire,prop_nodes_lcc,20,20,20,0.98,0.9800000000000001,-1.1102230246251565e-16,0.98,0.98,descriptive_reference_not_treatment_CI
revision896_f2c6b9696988_iterative_gpt-6-luna_india_english_s1,degree_preserving_rewire,global_efficiency,20,20,20,0.43098833819242355,0.5141292517006775,-0.08314091350825392,0.5106010204081611,0.5172547619047589,descriptive_reference_not_treatment_CI
revision896_f2c6b9696988_iterative_gpt-6-luna_india_english_s1,degree_preserving_rewire,num_components,20,20,20,2.0,2.0,0.0,2.0,2.0,descriptive_reference_not_treatment_CI
revision896_f2c6b9696988_iterative_gpt-6-luna_india_english_s1,degree_preserving_rewire,modularity,20,20,20,0.5541369270014687,0.24834187946094982,0.30579504754051884,0.2282982040248396,0.268590726377902,descriptive_reference_not_treatment_CI
revision896_f2c6b9696988_iterative_gpt-6-luna_india_english_s1,degree_preserving_rewire,radius_lcc,20,20,20,4.0,3.0,1.0,3.0,3.0,descriptive_reference_not_treatment_CI
revision896_f2c6b9696988_iterative_gpt-6-luna_india_english_s1,degree_preserving_rewire,diameter_lcc,20,20,20,8.0,4.55,3.45,4.0,5.0,descriptive_reference_not_treatment_CI
revision896_f2c6b9696988_iterative_gpt-6-luna_india_english_s1,degree_preserving_rewire,avg_shortest_path_lcc,20,20,20,2.943877551020408,2.137585034013606,0.8062925170068023,2.113732993197279,2.1691539115646257,descriptive_reference_not_treatment_CI
revision896_f2c6b9696988_iterative_gpt-6-luna_india_english_s1,degree_preserving_rewire,degree_one_share,20,20,20,0.08,0.08000000000000002,-1.3877787807814457e-17,0.08,0.08,descriptive_reference_not_treatment_CI
revision896_f2c6b9696988_iterative_gpt-6-luna_india_english_s1,degree_preserving_rewire,isolate_share,20,20,20,0.02,0.020000000000000004,-3.469446951953614e-18,0.02,0.02,descriptive_reference_not_treatment_CI
revision896_f2c6b9696988_iterative_gpt-6-luna_india_english_s1,degree_preserving_rewire,degree_gini,20,20,20,0.26203045685279186,0.2620304568527919,-5.551115123125783e-17,0.26203045685279186,0.26203045685279186,descriptive_reference_not_treatment_CI
revision896_f2c6b9696988_iterative_gpt-6-luna_india_english_s1,degree_preserving_rewire,coleman_gender,20,20,20,0.26034661855557373,-0.031420507353343216,0.29176712590891696,-0.0997977147230879,0.04101163140342242,descriptive_reference_not_treatment_CI
revision896_f2c6b9696988_iterative_gpt-6-luna_india_english_s1,degree_preserving_rewire,coleman_religion,20,20,20,0.21373772446689115,-0.02262805134680136,0.2363657758136925,-0.06581565656565658,0.03409285563973059,descriptive_reference_not_treatment_CI
revision896_f2c6b9696988_iterative_gpt-6-luna_india_english_s1,degree_preserving_rewire,coleman_political orientation,20,20,20,0.683392637472935,-0.03497833073368593,0.7183709682066209,-0.10998890602421747,0.031310630816978435,descriptive_reference_not_treatment_CI
revision896_f2c6b9696988_iterative_gpt-6-luna_india_english_s1,degree_preserving_rewire,age_assortativity,20,20,20,0.5513540791444544,-0.037036632365053154,0.5883907115095076,-0.20307104915544524,0.09737922276182932,descriptive_reference_not_treatment_CI
revision896_f2c6b9696988_iterative_gpt-6-luna_india_english_s1,equal_weight_demographic_similarity,density,1,1,1,0.16081632653061226,0.16081632653061226,0.0,,,descriptive_reference_not_treatment_CI
revision896_f2c6b9696988_iterative_gpt-6-luna_india_english_s1,equal_weight_demographic_similarity,avg_clustering_coef,1,1,1,0.6138489288489288,0.561958041958042,0.051890886890886834,,,descriptive_reference_not_treatment_CI
revision896_f2c6b9696988_iterative_gpt-6-luna_india_english_s1,equal_weight_demographic_similarity,prop_nodes_lcc,1,1,1,0.98,1.0,-0.020000000000000018,,,descriptive_reference_not_treatment_CI
revision896_f2c6b9696988_iterative_gpt-6-luna_india_english_s1,equal_weight_demographic_similarity,global_efficiency,1,1,1,0.43098833819242355,0.46853061224489956,-0.03754227405247601,,,descriptive_reference_not_treatment_CI
revision896_f2c6b9696988_iterative_gpt-6-luna_india_english_s1,equal_weight_demographic_similarity,num_components,1,1,1,2.0,1.0,1.0,,,descriptive_reference_not_treatment_CI
revision896_f2c6b9696988_iterative_gpt-6-luna_india_english_s1,equal_weight_demographic_similarity,modularity,1,1,1,0.5541369270014687,0.5738230822747301,-0.019686155273261452,,,descriptive_reference_not_treatment_CI
revision896_f2c6b9696988_iterative_gpt-6-luna_india_english_s1,equal_weight_demographic_similarity,radius_lcc,1,1,1,4.0,4.0,0.0,,,descriptive_reference_not_treatment_CI
revision896_f2c6b9696988_iterative_gpt-6-luna_india_english_s1,equal_weight_demographic_similarity,diameter_lcc,1,1,1,8.0,5.0,3.0,,,descriptive_reference_not_treatment_CI
revision896_f2c6b9696988_iterative_gpt-6-luna_india_english_s1,equal_weight_demographic_similarity,avg_shortest_path_lcc,1,1,1,2.943877551020408,2.6383673469387756,0.30551020408163243,,,descriptive_reference_not_treatment_CI
revision896_f2c6b9696988_iterative_gpt-6-luna_india_english_s1,equal_weight_demographic_similarity,degree_one_share,1,1,1,0.08,0.0,0.08,,,descriptive_reference_not_treatment_CI
revision896_f2c6b9696988_iterative_gpt-6-luna_india_english_s1,equal_weight_demographic_similarity,isolate_share,1,1,1,0.02,0.0,0.02,,,descriptive_reference_not_treatment_CI
revision896_f2c6b9696988_iterative_gpt-6-luna_india_english_s1,equal_weight_demographic_similarity,degree_gini,1,1,1,0.26203045685279186,0.19065989847715736,0.0713705583756345,,,descriptive_reference_not_treatment_CI
revision896_f2c6b9696988_iterative_gpt-6-luna_india_english_s1,equal_weight_demographic_similarity,coleman_gender,1,1,1,0.26034661855557373,0.7224840948525159,-0.46213747629694213,,,descriptive_reference_not_treatment_CI
revision896_f2c6b9696988_iterative_gpt-6-luna_india_english_s1,equal_weight_demographic_similarity,coleman_religion,1,1,1,0.21373772446689115,0.37233392566512763,-0.15859620119823647,,,descriptive_reference_not_treatment_CI
revision896_f2c6b9696988_iterative_gpt-6-luna_india_english_s1,equal_weight_demographic_similarity,coleman_political orientation,1,1,1,0.683392637472935,0.7617125338055573,-0.07831989633262226,,,descriptive_reference_not_treatment_CI
revision896_f2c6b9696988_iterative_gpt-6-luna_india_english_s1,equal_weight_demographic_similarity,age_assortativity,1,1,1,0.5513540791444544,0.3148237351318567,0.23653034401259776,,,descriptive_reference_not_treatment_CI
revision896_f2c6b9696988_iterative_gpt-6-luna_india_english_s1,uniform_edge_count,density,20,20,20,0.16081632653061226,0.16081632653061229,-2.7755575615628914e-17,0.16081632653061226,0.16081632653061226,descriptive_reference_not_treatment_CI
revision896_f2c6b9696988_iterative_gpt-6-luna_india_english_s1,uniform_edge_count,avg_clustering_coef,20,20,20,0.6138489288489288,0.1550615884115884,0.45878734043734043,0.1334404179154179,0.18544700299700298,descriptive_reference_not_treatment_CI
revision896_f2c6b9696988_iterative_gpt-6-luna_india_english_s1,uniform_edge_count,prop_nodes_lcc,20,20,20,0.98,1.0,-0.020000000000000018,1.0,1.0,descriptive_reference_not_treatment_CI
revision896_f2c6b9696988_iterative_gpt-6-luna_india_english_s1,uniform_edge_count,global_efficiency,20,20,20,0.43098833819242355,0.5404863945578214,-0.10949805636539789,0.5352704081632645,0.5440527210884339,descriptive_reference_not_treatment_CI
revision896_f2c6b9696988_iterative_gpt-6-luna_india_english_s1,uniform_edge_count,num_components,20,20,20,2.0,1.0,1.0,1.0,1.0,descriptive_reference_not_treatment_CI
revision896_f2c6b9696988_iterative_gpt-6-luna_india_english_s1,uniform_edge_count,modularity,20,20,20,0.5541369270014687,0.2661998505501301,0.28793707645133854,0.24244956066891699,0.2882517586126929,descriptive_reference_not_treatment_CI
revision896_f2c6b9696988_iterative_gpt-6-luna_india_english_s1,uniform_edge_count,radius_lcc,20,20,20,4.0,2.95,1.0499999999999998,2.475,3.0,descriptive_reference_not_treatment_CI
revision896_f2c6b9696988_iterative_gpt-6-luna_india_english_s1,uniform_edge_count,diameter_lcc,20,20,20,8.0,3.85,4.15,3.0,4.0,descriptive_reference_not_treatment_CI
revision896_f2c6b9696988_iterative_gpt-6-luna_india_english_s1,uniform_edge_count,avg_shortest_path_lcc,20,20,20,2.943877551020408,2.080448979591836,0.8634285714285719,2.05834693877551,2.115551020408163,descriptive_reference_not_treatment_CI
revision896_f2c6b9696988_iterative_gpt-6-luna_india_english_s1,uniform_edge_count,degree_one_share,20,20,20,0.08,0.002,0.078,0.0,0.02,descriptive_reference_not_treatment_CI
revision896_f2c6b9696988_iterative_gpt-6-luna_india_english_s1,uniform_edge_count,isolate_share,20,20,20,0.02,0.0,0.02,0.0,0.0,descriptive_reference_not_treatment_CI
revision896_f2c6b9696988_iterative_gpt-6-luna_india_english_s1,uniform_edge_count,degree_gini,20,20,20,0.26203045685279186,0.17365989847715735,0.08837055837563451,0.14569543147208122,0.21359390862944158,descriptive_reference_not_treatment_CI
revision896_f2c6b9696988_iterative_gpt-6-luna_india_english_s1,uniform_edge_count,coleman_gender,20,20,20,0.26034661855557373,-0.05331990107513722,0.31366651963071096,-0.11679832322067212,0.028821851720318037,descriptive_reference_not_treatment_CI
revision896_f2c6b9696988_iterative_gpt-6-luna_india_english_s1,uniform_edge_count,coleman_religion,20,20,20,0.21373772446689115,-0.017860509206445115,0.23159823367333626,-0.05578627493746261,0.043164132004688015,descriptive_reference_not_treatment_CI
revision896_f2c6b9696988_iterative_gpt-6-luna_india_english_s1,uniform_edge_count,coleman_political orientation,20,20,20,0.683392637472935,-0.014135981806862976,0.6975286192797979,-0.08335652325109658,0.04240236520191992,descriptive_reference_not_treatment_CI
revision896_f2c6b9696988_iterative_gpt-6-luna_india_english_s1,uniform_edge_count,age_assortativity,20,20,20,0.5513540791444544,-0.02725837439107238,0.5786124535355268,-0.14187993219696834,0.07208859789000503,descriptive_reference_not_treatment_CI
revision896_f2c6b9696988_iterative_gpt-6-luna_japan_english_s0,degree_preserving_rewire,density,20,20,20,0.17959183673469387,0.17959183673469387,0.0,0.17959183673469387,0.17959183673469387,descriptive_reference_not_treatment_CI
revision896_f2c6b9696988_iterative_gpt-6-luna_japan_english_s0,degree_preserving_rewire,avg_clustering_coef,20,20,20,0.6185117660117659,0.19207071539571544,0.42644105061605053,0.1652416847041847,0.22236540404040403,descriptive_reference_not_treatment_CI
revision896_f2c6b9696988_iterative_gpt-6-luna_japan_english_s0,degree_preserving_rewire,prop_nodes_lcc,20,20,20,0.98,0.9800000000000001,-1.1102230246251565e-16,0.98,0.98,descriptive_reference_not_treatment_CI
revision896_f2c6b9696988_iterative_gpt-6-luna_japan_english_s0,degree_preserving_rewire,global_efficiency,20,20,20,0.43641982507289145,0.5365040816326526,-0.10008425655976116,0.5342448979591833,0.5386496598639448,descriptive_reference_not_treatment_CI
revision896_f2c6b9696988_iterative_gpt-6-luna_japan_english_s0,degree_preserving_rewire,num_components,20,20,20,2.0,2.0,0.0,2.0,2.0,descriptive_reference_not_treatment_CI
revision896_f2c6b9696988_iterative_gpt-6-luna_japan_english_s0,degree_preserving_rewire,modularity,20,20,20,0.5819421487603306,0.23258367768595037,0.34935847107438023,0.21644731404958675,0.24952608471074378,descriptive_reference_not_treatment_CI
revision896_f2c6b9696988_iterative_gpt-6-luna_japan_english_s0,degree_preserving_rewire,radius_lcc,20,20,20,4.0,2.9,1.1,2.0,3.0,descriptive_reference_not_treatment_CI
revision896_f2c6b9696988_iterative_gpt-6-luna_japan_english_s0,degree_preserving_rewire,diameter_lcc,20,20,20,7.0,4.15,2.8499999999999996,4.0,5.0,descriptive_reference_not_treatment_CI
revision896_f2c6b9696988_iterative_gpt-6-luna_japan_english_s0,degree_preserving_rewire,avg_shortest_path_lcc,20,20,20,2.9702380952380953,2.029294217687075,0.9409438775510202,2.0127551020408165,2.048107993197279,descriptive_reference_not_treatment_CI
revision896_f2c6b9696988_iterative_gpt-6-luna_japan_english_s0,degree_preserving_rewire,degree_one_share,20,20,20,0.06,0.06000000000000001,-1.3877787807814457e-17,0.06,0.06,descriptive_reference_not_treatment_CI
revision896_f2c6b9696988_iterative_gpt-6-luna_japan_english_s0,degree_preserving_rewire,isolate_share,20,20,20,0.02,0.020000000000000004,-3.469446951953614e-18,0.02,0.02,descriptive_reference_not_treatment_CI
revision896_f2c6b9696988_iterative_gpt-6-luna_japan_english_s0,degree_preserving_rewire,degree_gini,20,20,20,0.22718181818181818,0.2271818181818182,-2.7755575615628914e-17,0.22718181818181818,0.22718181818181818,descriptive_reference_not_treatment_CI
revision896_f2c6b9696988_iterative_gpt-6-luna_japan_english_s0,degree_preserving_rewire,coleman_gender,20,20,20,0.16452188162714484,-0.009464767688451933,0.17398664931559676,-0.07887868710237134,0.05987143339117018,descriptive_reference_not_treatment_CI
revision896_f2c6b9696988_iterative_gpt-6-luna_japan_english_s0,degree_preserving_rewire,coleman_religion,20,20,20,0.14038313639238686,-0.01600178882036687,0.15638492521275374,-0.07805300020484734,0.027180289912885902,descriptive_reference_not_treatment_CI
revision896_f2c6b9696988_iterative_gpt-6-luna_japan_english_s0,degree_preserving_rewire,coleman_political orientation,20,20,20,0.5808323738688683,-0.01622754173391836,0.5970599156027867,-0.10337627856161906,0.04878097309532371,descriptive_reference_not_treatment_CI
revision896_f2c6b9696988_iterative_gpt-6-luna_japan_english_s0,degree_preserving_rewire,age_assortativity,20,20,20,0.7530521903413628,-0.022420608910924244,0.7754727992522871,-0.11176797837040348,0.05940670036545328,descriptive_reference_not_treatment_CI
revision896_f2c6b9696988_iterative_gpt-6-luna_japan_english_s0,equal_weight_demographic_similarity,density,1,1,1,0.17959183673469387,0.17959183673469387,0.0,,,descriptive_reference_not_treatment_CI
revision896_f2c6b9696988_iterative_gpt-6-luna_japan_english_s0,equal_weight_demographic_similarity,avg_clustering_coef,1,1,1,0.6185117660117659,0.5907203907203908,0.027791375291375098,,,descriptive_reference_not_treatment_CI
revision896_f2c6b9696988_iterative_gpt-6-luna_japan_english_s0,equal_weight_demographic_similarity,prop_nodes_lcc,1,1,1,0.98,1.0,-0.020000000000000018,,,descriptive_reference_not_treatment_CI
revision896_f2c6b9696988_iterative_gpt-6-luna_japan_english_s0,equal_weight_demographic_similarity,global_efficiency,1,1,1,0.43641982507289145,0.48829931972789253,-0.05187949465500108,,,descriptive_reference_not_treatment_CI
revision896_f2c6b9696988_iterative_gpt-6-luna_japan_english_s0,equal_weight_demographic_similarity,num_components,1,1,1,2.0,1.0,1.0,,,descriptive_reference_not_treatment_CI
revision896_f2c6b9696988_iterative_gpt-6-luna_japan_english_s0,equal_weight_demographic_similarity,modularity,1,1,1,0.5819421487603306,0.5610020661157025,0.0209400826446281,,,descriptive_reference_not_treatment_CI
revision896_f2c6b9696988_iterative_gpt-6-luna_japan_english_s0,equal_weight_demographic_similarity,radius_lcc,1,1,1,4.0,3.0,1.0,,,descriptive_reference_not_treatment_CI
revision896_f2c6b9696988_iterative_gpt-6-luna_japan_english_s0,equal_weight_demographic_similarity,diameter_lcc,1,1,1,7.0,5.0,2.0,,,descriptive_reference_not_treatment_CI
revision896_f2c6b9696988_iterative_gpt-6-luna_japan_english_s0,equal_weight_demographic_similarity,avg_shortest_path_lcc,1,1,1,2.9702380952380953,2.5281632653061226,0.4420748299319728,,,descriptive_reference_not_treatment_CI
revision896_f2c6b9696988_iterative_gpt-6-luna_japan_english_s0,equal_weight_demographic_similarity,degree_one_share,1,1,1,0.06,0.0,0.06,,,descriptive_reference_not_treatment_CI
revision896_f2c6b9696988_iterative_gpt-6-luna_japan_english_s0,equal_weight_demographic_similarity,isolate_share,1,1,1,0.02,0.0,0.02,,,descriptive_reference_not_treatment_CI
revision896_f2c6b9696988_iterative_gpt-6-luna_japan_english_s0,equal_weight_demographic_similarity,degree_gini,1,1,1,0.22718181818181818,0.17981818181818182,0.04736363636363636,,,descriptive_reference_not_treatment_CI
revision896_f2c6b9696988_iterative_gpt-6-luna_japan_english_s0,equal_weight_demographic_similarity,coleman_gender,1,1,1,0.16452188162714484,0.7195727233166644,-0.5550508416895196,,,descriptive_reference_not_treatment_CI
revision896_f2c6b9696988_iterative_gpt-6-luna_japan_english_s0,equal_weight_demographic_similarity,coleman_religion,1,1,1,0.14038313639238686,0.3466354330848895,-0.2062522966925026,,,descriptive_reference_not_treatment_CI
revision896_f2c6b9696988_iterative_gpt-6-luna_japan_english_s0,equal_weight_demographic_similarity,coleman_political orientation,1,1,1,0.5808323738688683,0.7663158501412037,-0.1854834762723354,,,descriptive_reference_not_treatment_CI
revision896_f2c6b9696988_iterative_gpt-6-luna_japan_english_s0,equal_weight_demographic_similarity,age_assortativity,1,1,1,0.7530521903413628,0.12560388650716992,0.6274483038341929,,,descriptive_reference_not_treatment_CI
revision896_f2c6b9696988_iterative_gpt-6-luna_japan_english_s0,uniform_edge_count,density,20,20,20,0.17959183673469387,0.17959183673469387,0.0,0.17959183673469387,0.17959183673469387,descriptive_reference_not_treatment_CI
revision896_f2c6b9696988_iterative_gpt-6-luna_japan_english_s0,uniform_edge_count,avg_clustering_coef,20,20,20,0.6185117660117659,0.17774547407357005,0.4407662919381959,0.14782860195360195,0.20468773171273172,descriptive_reference_not_treatment_CI
revision896_f2c6b9696988_iterative_gpt-6-luna_japan_english_s0,uniform_edge_count,prop_nodes_lcc,20,20,20,0.98,1.0,-0.020000000000000018,1.0,1.0,descriptive_reference_not_treatment_CI
revision896_f2c6b9696988_iterative_gpt-6-luna_japan_english_s0,uniform_edge_count,global_efficiency,20,20,20,0.43641982507289145,0.561772108843536,-0.12535228377064456,0.5582261904761884,0.5655085034013594,descriptive_reference_not_treatment_CI
revision896_f2c6b9696988_iterative_gpt-6-luna_japan_english_s0,uniform_edge_count,num_components,20,20,20,2.0,1.0,1.0,1.0,1.0,descriptive_reference_not_treatment_CI
revision896_f2c6b9696988_iterative_gpt-6-luna_japan_english_s0,uniform_edge_count,modularity,20,20,20,0.5819421487603306,0.2446931818181818,0.3372489669421488,0.2198422004132231,0.2688579545454545,descriptive_reference_not_treatment_CI
revision896_f2c6b9696988_iterative_gpt-6-luna_japan_english_s0,uniform_edge_count,radius_lcc,20,20,20,4.0,2.65,1.35,2.0,3.0,descriptive_reference_not_treatment_CI
revision896_f2c6b9696988_iterative_gpt-6-luna_japan_english_s0,uniform_edge_count,diameter_lcc,20,20,20,7.0,3.25,3.75,3.0,4.0,descriptive_reference_not_treatment_CI
revision896_f2c6b9696988_iterative_gpt-6-luna_japan_english_s0,uniform_edge_count,avg_shortest_path_lcc,20,20,20,2.9702380952380953,1.9888163265306127,0.9814217687074827,1.966326530612245,2.0104693877551023,descriptive_reference_not_treatment_CI
revision896_f2c6b9696988_iterative_gpt-6-luna_japan_english_s0,uniform_edge_count,degree_one_share,20,20,20,0.06,0.0,0.06,0.0,0.0,descriptive_reference_not_treatment_CI
revision896_f2c6b9696988_iterative_gpt-6-luna_japan_english_s0,uniform_edge_count,isolate_share,20,20,20,0.02,0.0,0.02,0.0,0.0,descriptive_reference_not_treatment_CI
revision896_f2c6b9696988_iterative_gpt-6-luna_japan_english_s0,uniform_edge_count,degree_gini,20,20,20,0.22718181818181818,0.16795454545454544,0.05922727272727274,0.14074090909090908,0.19071136363636362,descriptive_reference_not_treatment_CI
revision896_f2c6b9696988_iterative_gpt-6-luna_japan_english_s0,uniform_edge_count,coleman_gender,20,20,20,0.16452188162714484,-0.032499756827721306,0.19702163845486614,-0.12229739534766425,0.08807129425862081,descriptive_reference_not_treatment_CI
revision896_f2c6b9696988_iterative_gpt-6-luna_japan_english_s0,uniform_edge_count,coleman_religion,20,20,20,0.14038313639238686,-0.0176995110053984,0.15808264739778527,-0.06170145290836418,0.03942687591027475,descriptive_reference_not_treatment_CI
revision896_f2c6b9696988_iterative_gpt-6-luna_japan_english_s0,uniform_edge_count,coleman_political orientation,20,20,20,0.5808323738688683,-0.013629754693106011,0.5944621285619743,-0.12273392710068157,0.0734205862648143,descriptive_reference_not_treatment_CI
revision896_f2c6b9696988_iterative_gpt-6-luna_japan_english_s0,uniform_edge_count,age_assortativity,20,20,20,0.7530521903413628,-0.006841602327912051,0.7598937926692749,-0.11312602872018104,0.10473595556460005,descriptive_reference_not_treatment_CI
revision896_f2c6b9696988_iterative_gpt-6-luna_japan_english_s1,degree_preserving_rewire,density,20,20,20,0.16489795918367348,0.1648979591836735,-2.7755575615628914e-17,0.16489795918367348,0.16489795918367348,descriptive_reference_not_treatment_CI
revision896_f2c6b9696988_iterative_gpt-6-luna_japan_english_s1,degree_preserving_rewire,avg_clustering_coef,20,20,20,0.6115592185592186,0.2153691336441336,0.396190084915085,0.1895201423576424,0.24739762598512596,descriptive_reference_not_treatment_CI
revision896_f2c6b9696988_iterative_gpt-6-luna_japan_english_s1,degree_preserving_rewire,prop_nodes_lcc,20,20,20,0.96,0.9600000000000002,-2.220446049250313e-16,0.96,0.96,descriptive_reference_not_treatment_CI
revision896_f2c6b9696988_iterative_gpt-6-luna_japan_english_s1,degree_preserving_rewire,global_efficiency,20,20,20,0.42491156462585533,0.5080700680272092,-0.08315850340135389,0.5037697278911546,0.5110085034013582,descriptive_reference_not_treatment_CI
revision896_f2c6b9696988_iterative_gpt-6-luna_japan_english_s1,degree_preserving_rewire,num_components,20,20,20,3.0,3.0,0.0,3.0,3.0,descriptive_reference_not_treatment_CI
revision896_f2c6b9696988_iterative_gpt-6-luna_japan_english_s1,degree_preserving_rewire,modularity,20,20,20,0.5035168120772474,0.2317658807960004,0.271750931281247,0.2043034996568964,0.24992770316635624,descriptive_reference_not_treatment_CI
revision896_f2c6b9696988_iterative_gpt-6-luna_japan_english_s1,degree_preserving_rewire,radius_lcc,20,20,20,4.0,2.85,1.15,2.0,3.0,descriptive_reference_not_treatment_CI
revision896_f2c6b9696988_iterative_gpt-6-luna_japan_english_s1,degree_preserving_rewire,diameter_lcc,20,20,20,6.0,4.05,1.9500000000000002,4.0,4.524999999999999,descriptive_reference_not_treatment_CI
revision896_f2c6b9696988_iterative_gpt-6-luna_japan_english_s1,degree_preserving_rewire,avg_shortest_path_lcc,20,20,20,2.8368794326241136,2.0525265957446805,0.784352836879433,2.031781914893617,2.088940602836879,descriptive_reference_not_treatment_CI
revision896_f2c6b9696988_iterative_gpt-6-luna_japan_english_s1,degree_preserving_rewire,degree_one_share,20,20,20,0.02,0.020000000000000004,-3.469446951953614e-18,0.02,0.02,descriptive_reference_not_treatment_CI
revision896_f2c6b9696988_iterative_gpt-6-luna_japan_english_s1,degree_preserving_rewire,isolate_share,20,20,20,0.04,0.04000000000000001,-6.938893903907228e-18,0.04,0.04,descriptive_reference_not_treatment_CI
revision896_f2c6b9696988_iterative_gpt-6-luna_japan_english_s1,degree_preserving_rewire,degree_gini,20,20,20,0.29316831683168315,0.29316831683168315,0.0,0.29316831683168315,0.29316831683168315,descriptive_reference_not_treatment_CI
revision896_f2c6b9696988_iterative_gpt-6-luna_japan_english_s1,degree_preserving_rewire,coleman_gender,20,20,20,0.16490985656007373,-0.0347335175681011,0.19964337412817484,-0.12546914067640483,0.06658902487169353,descriptive_reference_not_treatment_CI
revision896_f2c6b9696988_iterative_gpt-6-luna_japan_english_s1,degree_preserving_rewire,coleman_religion,20,20,20,0.2824699749434134,-0.032077533735346574,0.31454750867875997,-0.09126511819101976,0.007196925304069514,descriptive_reference_not_treatment_CI
revision896_f2c6b9696988_iterative_gpt-6-luna_japan_english_s1,degree_preserving_rewire,coleman_political orientation,20,20,20,0.5526700700027415,-0.01831983869710357,0.570989908699845,-0.08550648889028972,0.052421249154309416,descriptive_reference_not_treatment_CI
revision896_f2c6b9696988_iterative_gpt-6-luna_japan_english_s1,degree_preserving_rewire,age_assortativity,20,20,20,0.5621436338090638,-0.044492349152731495,0.6066359829617953,-0.1160074939245182,0.053077481470455164,descriptive_reference_not_treatment_CI
revision896_f2c6b9696988_iterative_gpt-6-luna_japan_english_s1,equal_weight_demographic_similarity,density,1,1,1,0.16489795918367348,0.16489795918367348,0.0,,,descriptive_reference_not_treatment_CI
revision896_f2c6b9696988_iterative_gpt-6-luna_japan_english_s1,equal_weight_demographic_similarity,avg_clustering_coef,1,1,1,0.6115592185592186,0.5744095904095906,0.03714962814962797,,,descriptive_reference_not_treatment_CI
revision896_f2c6b9696988_iterative_gpt-6-luna_japan_english_s1,equal_weight_demographic_similarity,prop_nodes_lcc,1,1,1,0.96,1.0,-0.040000000000000036,,,descriptive_reference_not_treatment_CI
revision896_f2c6b9696988_iterative_gpt-6-luna_japan_english_s1,equal_weight_demographic_similarity,global_efficiency,1,1,1,0.42491156462585533,0.47125170068027405,-0.046340136054418724,,,descriptive_reference_not_treatment_CI
revision896_f2c6b9696988_iterative_gpt-6-luna_japan_english_s1,equal_weight_demographic_similarity,num_components,1,1,1,3.0,1.0,2.0,,,descriptive_reference_not_treatment_CI
revision896_f2c6b9696988_iterative_gpt-6-luna_japan_english_s1,equal_weight_demographic_similarity,modularity,1,1,1,0.5035168120772474,0.5766223899617685,-0.0731055778845211,,,descriptive_reference_not_treatment_CI
revision896_f2c6b9696988_iterative_gpt-6-luna_japan_english_s1,equal_weight_demographic_similarity,radius_lcc,1,1,1,4.0,4.0,0.0,,,descriptive_reference_not_treatment_CI
revision896_f2c6b9696988_iterative_gpt-6-luna_japan_english_s1,equal_weight_demographic_similarity,diameter_lcc,1,1,1,6.0,5.0,1.0,,,descriptive_reference_not_treatment_CI
revision896_f2c6b9696988_iterative_gpt-6-luna_japan_english_s1,equal_weight_demographic_similarity,avg_shortest_path_lcc,1,1,1,2.8368794326241136,2.630204081632653,0.2066753509914605,,,descriptive_reference_not_treatment_CI
revision896_f2c6b9696988_iterative_gpt-6-luna_japan_english_s1,equal_weight_demographic_similarity,degree_one_share,1,1,1,0.02,0.0,0.02,,,descriptive_reference_not_treatment_CI
revision896_f2c6b9696988_iterative_gpt-6-luna_japan_english_s1,equal_weight_demographic_similarity,isolate_share,1,1,1,0.04,0.0,0.04,,,descriptive_reference_not_treatment_CI
revision896_f2c6b9696988_iterative_gpt-6-luna_japan_english_s1,equal_weight_demographic_similarity,degree_gini,1,1,1,0.29316831683168315,0.19445544554455446,0.09871287128712869,,,descriptive_reference_not_treatment_CI
revision896_f2c6b9696988_iterative_gpt-6-luna_japan_english_s1,equal_weight_demographic_similarity,coleman_gender,1,1,1,0.16490985656007373,0.7282144639535412,-0.5633046073934674,,,descriptive_reference_not_treatment_CI
revision896_f2c6b9696988_iterative_gpt-6-luna_japan_english_s1,equal_weight_demographic_similarity,coleman_religion,1,1,1,0.2824699749434134,0.35718942999808045,-0.07471945505466704,,,descriptive_reference_not_treatment_CI
revision896_f2c6b9696988_iterative_gpt-6-luna_japan_english_s1,equal_weight_demographic_similarity,coleman_political orientation,1,1,1,0.5526700700027415,0.7675011050626348,-0.21483103505989332,,,descriptive_reference_not_treatment_CI
revision896_f2c6b9696988_iterative_gpt-6-luna_japan_english_s1,equal_weight_demographic_similarity,age_assortativity,1,1,1,0.5621436338090638,0.27675557452295313,0.2853880592861107,,,descriptive_reference_not_treatment_CI
revision896_f2c6b9696988_iterative_gpt-6-luna_japan_english_s1,uniform_edge_count,density,20,20,20,0.16489795918367348,0.1648979591836735,-2.7755575615628914e-17,0.16489795918367348,0.16489795918367348,descriptive_reference_not_treatment_CI
revision896_f2c6b9696988_iterative_gpt-6-luna_japan_english_s1,uniform_edge_count,avg_clustering_coef,20,20,20,0.6115592185592186,0.1624995192715781,0.44905969928764045,0.1391504218004218,0.18533151831828307,descriptive_reference_not_treatment_CI
revision896_f2c6b9696988_iterative_gpt-6-luna_japan_english_s1,uniform_edge_count,prop_nodes_lcc,20,20,20,0.96,1.0,-0.040000000000000036,1.0,1.0,descriptive_reference_not_treatment_CI
revision896_f2c6b9696988_iterative_gpt-6-luna_japan_english_s1,uniform_edge_count,global_efficiency,20,20,20,0.42491156462585533,0.5463333333333324,-0.12142176870747712,0.5434880952380937,0.5488503401360536,descriptive_reference_not_treatment_CI
revision896_f2c6b9696988_iterative_gpt-6-luna_japan_english_s1,uniform_edge_count,num_components,20,20,20,3.0,1.0,2.0,1.0,1.0,descriptive_reference_not_treatment_CI
revision896_f2c6b9696988_iterative_gpt-6-luna_japan_english_s1,uniform_edge_count,modularity,20,20,20,0.5035168120772474,0.262824723066366,0.2406920890108814,0.2411399617684541,0.2846798108028625,descriptive_reference_not_treatment_CI
revision896_f2c6b9696988_iterative_gpt-6-luna_japan_english_s1,uniform_edge_count,radius_lcc,20,20,20,4.0,2.85,1.15,2.0,3.0,descriptive_reference_not_treatment_CI
revision896_f2c6b9696988_iterative_gpt-6-luna_japan_english_s1,uniform_edge_count,diameter_lcc,20,20,20,6.0,3.75,2.25,3.0,4.0,descriptive_reference_not_treatment_CI
revision896_f2c6b9696988_iterative_gpt-6-luna_japan_english_s1,uniform_edge_count,avg_shortest_path_lcc,20,20,20,2.8368794326241136,2.052489795918367,0.7843896367057464,2.0366938775510204,2.0698979591836735,descriptive_reference_not_treatment_CI
revision896_f2c6b9696988_iterative_gpt-6-luna_japan_english_s1,uniform_edge_count,degree_one_share,20,20,20,0.02,0.0,0.02,0.0,0.0,descriptive_reference_not_treatment_CI
revision896_f2c6b9696988_iterative_gpt-6-luna_japan_english_s1,uniform_edge_count,isolate_share,20,20,20,0.04,0.0,0.04,0.0,0.0,descriptive_reference_not_treatment_CI
revision896_f2c6b9696988_iterative_gpt-6-luna_japan_english_s1,uniform_edge_count,degree_gini,20,20,20,0.29316831683168315,0.17399009900990098,0.11917821782178217,0.13694554455445546,0.20518069306930692,descriptive_reference_not_treatment_CI
revision896_f2c6b9696988_iterative_gpt-6-luna_japan_english_s1,uniform_edge_count,coleman_gender,20,20,20,0.16490985656007373,-0.006781890287986134,0.17169174684805988,-0.10951340718432237,0.06523964344631238,descriptive_reference_not_treatment_CI
revision896_f2c6b9696988_iterative_gpt-6-luna_japan_english_s1,uniform_edge_count,coleman_religion,20,20,20,0.2824699749434134,-0.027670388376634648,0.3101403633200481,-0.10112576681454796,0.017069987990373355,descriptive_reference_not_treatment_CI
revision896_f2c6b9696988_iterative_gpt-6-luna_japan_english_s1,uniform_edge_count,coleman_political orientation,20,20,20,0.5526700700027415,-0.015143364033131513,0.567813434035873,-0.09253974984383982,0.05601785024778654,descriptive_reference_not_treatment_CI
revision896_f2c6b9696988_iterative_gpt-6-luna_japan_english_s1,uniform_edge_count,age_assortativity,20,20,20,0.5621436338090638,-0.03586552614708639,0.5980091599561502,-0.11457108174965859,0.09545426840615473,descriptive_reference_not_treatment_CI
revision896_f2c6b9696988_iterative_gpt-6-luna_us_english_s0,degree_preserving_rewire,density,20,20,20,0.1820408163265306,0.1820408163265306,0.0,0.1820408163265306,0.1820408163265306,descriptive_reference_not_treatment_CI
revision896_f2c6b9696988_iterative_gpt-6-luna_us_english_s0,degree_preserving_rewire,avg_clustering_coef,20,20,20,0.6023325759208112,0.2050664484208602,0.39726612749995105,0.17620552682611512,0.23455321859513037,descriptive_reference_not_treatment_CI
revision896_f2c6b9696988_iterative_gpt-6-luna_us_english_s0,degree_preserving_rewire,prop_nodes_lcc,20,20,20,1.0,1.0,0.0,1.0,1.0,descriptive_reference_not_treatment_CI
revision896_f2c6b9696988_iterative_gpt-6-luna_us_english_s0,degree_preserving_rewire,global_efficiency,20,20,20,0.48707482993197376,0.553049659863943,-0.06597482993196929,0.5498493197278889,0.5570244897959156,descriptive_reference_not_treatment_CI
revision896_f2c6b9696988_iterative_gpt-6-luna_us_english_s0,degree_preserving_rewire,num_components,20,20,20,1.0,1.0,0.0,1.0,1.0,descriptive_reference_not_treatment_CI
revision896_f2c6b9696988_iterative_gpt-6-luna_us_english_s0,degree_preserving_rewire,modularity,20,20,20,0.517997546703131,0.23064660459691527,0.28735094210621576,0.20618753644754573,0.2509421062156891,descriptive_reference_not_treatment_CI
revision896_f2c6b9696988_iterative_gpt-6-luna_us_english_s0,degree_preserving_rewire,radius_lcc,20,20,20,4.0,2.9,1.1,2.0,3.0,descriptive_reference_not_treatment_CI
revision896_f2c6b9696988_iterative_gpt-6-luna_us_english_s0,degree_preserving_rewire,diameter_lcc,20,20,20,5.0,4.35,0.6500000000000004,4.0,5.0,descriptive_reference_not_treatment_CI
revision896_f2c6b9696988_iterative_gpt-6-luna_us_english_s0,degree_preserving_rewire,avg_shortest_path_lcc,20,20,20,2.543673469387755,2.054897959183673,0.48877551020408205,2.026469387755102,2.0818367346938778,descriptive_reference_not_treatment_CI
revision896_f2c6b9696988_iterative_gpt-6-luna_us_english_s0,degree_preserving_rewire,degree_one_share,20,20,20,0.08,0.08000000000000002,-1.3877787807814457e-17,0.08,0.08,descriptive_reference_not_treatment_CI
revision896_f2c6b9696988_iterative_gpt-6-luna_us_english_s0,degree_preserving_rewire,isolate_share,20,20,20,0.0,0.0,0.0,0.0,0.0,descriptive_reference_not_treatment_CI
revision896_f2c6b9696988_iterative_gpt-6-luna_us_english_s0,degree_preserving_rewire,degree_gini,20,20,20,0.23820627802690583,0.23820627802690578,5.551115123125783e-17,0.23820627802690583,0.23820627802690583,descriptive_reference_not_treatment_CI
revision896_f2c6b9696988_iterative_gpt-6-luna_us_english_s0,degree_preserving_rewire,coleman_gender,20,20,20,0.25681682658426846,-0.015790643465062103,0.27260747004933056,-0.10569652246977833,0.0811354149726242,descriptive_reference_not_treatment_CI
revision896_f2c6b9696988_iterative_gpt-6-luna_us_english_s0,degree_preserving_rewire,coleman_religion,20,20,20,0.21422296651175393,-0.024898429866918797,0.23912139637867272,-0.0852751147261189,0.013623075255170543,descriptive_reference_not_treatment_CI
revision896_f2c6b9696988_iterative_gpt-6-luna_us_english_s0,degree_preserving_rewire,coleman_political orientation,20,20,20,0.5511814679555831,-0.02893303016317888,0.5801144981187619,-0.10264296189310018,0.047357839994404564,descriptive_reference_not_treatment_CI
revision896_f2c6b9696988_iterative_gpt-6-luna_us_english_s0,degree_preserving_rewire,age_assortativity,20,20,20,0.6886058585403727,-0.02562662686889834,0.7142324854092711,-0.09519272270664186,0.06768877486014281,descriptive_reference_not_treatment_CI
revision896_f2c6b9696988_iterative_gpt-6-luna_us_english_s0,equal_weight_demographic_similarity,density,1,1,1,0.1820408163265306,0.1820408163265306,0.0,,,descriptive_reference_not_treatment_CI
revision896_f2c6b9696988_iterative_gpt-6-luna_us_english_s0,equal_weight_demographic_similarity,avg_clustering_coef,1,1,1,0.6023325759208112,0.5897319347319347,0.012600641188876494,,,descriptive_reference_not_treatment_CI
revision896_f2c6b9696988_iterative_gpt-6-luna_us_english_s0,equal_weight_demographic_similarity,prop_nodes_lcc,1,1,1,1.0,1.0,0.0,,,descriptive_reference_not_treatment_CI
revision896_f2c6b9696988_iterative_gpt-6-luna_us_english_s0,equal_weight_demographic_similarity,global_efficiency,1,1,1,0.48707482993197376,0.49027210884353856,-0.0031972789115647937,,,descriptive_reference_not_treatment_CI
revision896_f2c6b9696988_iterative_gpt-6-luna_us_english_s0,equal_weight_demographic_similarity,num_components,1,1,1,1.0,1.0,0.0,,,descriptive_reference_not_treatment_CI
revision896_f2c6b9696988_iterative_gpt-6-luna_us_english_s0,equal_weight_demographic_similarity,modularity,1,1,1,0.517997546703131,0.5587182529308854,-0.040720706227754366,,,descriptive_reference_not_treatment_CI
revision896_f2c6b9696988_iterative_gpt-6-luna_us_english_s0,equal_weight_demographic_similarity,radius_lcc,1,1,1,4.0,3.0,1.0,,,descriptive_reference_not_treatment_CI
revision896_f2c6b9696988_iterative_gpt-6-luna_us_english_s0,equal_weight_demographic_similarity,diameter_lcc,1,1,1,5.0,5.0,0.0,,,descriptive_reference_not_treatment_CI
revision896_f2c6b9696988_iterative_gpt-6-luna_us_english_s0,equal_weight_demographic_similarity,avg_shortest_path_lcc,1,1,1,2.543673469387755,2.52,0.023673469387754942,,,descriptive_reference_not_treatment_CI
revision896_f2c6b9696988_iterative_gpt-6-luna_us_english_s0,equal_weight_demographic_similarity,degree_one_share,1,1,1,0.08,0.0,0.08,,,descriptive_reference_not_treatment_CI
revision896_f2c6b9696988_iterative_gpt-6-luna_us_english_s0,equal_weight_demographic_similarity,isolate_share,1,1,1,0.0,0.0,0.0,,,descriptive_reference_not_treatment_CI
revision896_f2c6b9696988_iterative_gpt-6-luna_us_english_s0,equal_weight_demographic_similarity,degree_gini,1,1,1,0.23820627802690583,0.1747085201793722,0.06349775784753364,,,descriptive_reference_not_treatment_CI
revision896_f2c6b9696988_iterative_gpt-6-luna_us_english_s0,equal_weight_demographic_similarity,coleman_gender,1,1,1,0.25681682658426846,0.7225176257434323,-0.4657007991591638,,,descriptive_reference_not_treatment_CI
revision896_f2c6b9696988_iterative_gpt-6-luna_us_english_s0,equal_weight_demographic_similarity,coleman_religion,1,1,1,0.21422296651175393,0.3446505542961133,-0.13042758778435937,,,descriptive_reference_not_treatment_CI
revision896_f2c6b9696988_iterative_gpt-6-luna_us_english_s0,equal_weight_demographic_similarity,coleman_political orientation,1,1,1,0.5511814679555831,0.7626617787070954,-0.2114803107515123,,,descriptive_reference_not_treatment_CI
revision896_f2c6b9696988_iterative_gpt-6-luna_us_english_s0,equal_weight_demographic_similarity,age_assortativity,1,1,1,0.6886058585403727,0.09665447546809175,0.5919513830722809,,,descriptive_reference_not_treatment_CI
revision896_f2c6b9696988_iterative_gpt-6-luna_us_english_s0,uniform_edge_count,density,20,20,20,0.1820408163265306,0.1820408163265306,0.0,0.1820408163265306,0.1820408163265306,descriptive_reference_not_treatment_CI
revision896_f2c6b9696988_iterative_gpt-6-luna_us_english_s0,uniform_edge_count,avg_clustering_coef,20,20,20,0.6023325759208112,0.1789671558833324,0.42336542003747885,0.1444172993672994,0.20219276001776,descriptive_reference_not_treatment_CI
revision896_f2c6b9696988_iterative_gpt-6-luna_us_english_s0,uniform_edge_count,prop_nodes_lcc,20,20,20,1.0,1.0,0.0,1.0,1.0,descriptive_reference_not_treatment_CI
revision896_f2c6b9696988_iterative_gpt-6-luna_us_english_s0,uniform_edge_count,global_efficiency,20,20,20,0.48707482993197376,0.5636156462585021,-0.07654081632652837,0.5581598639455764,0.5671802721088424,descriptive_reference_not_treatment_CI
revision896_f2c6b9696988_iterative_gpt-6-luna_us_english_s0,uniform_edge_count,num_components,20,20,20,1.0,1.0,0.0,1.0,1.0,descriptive_reference_not_treatment_CI
revision896_f2c6b9696988_iterative_gpt-6-luna_us_english_s0,uniform_edge_count,modularity,20,20,20,0.517997546703131,0.24257576062257433,0.2754217860805567,0.2260124876832432,0.2613485089183374,descriptive_reference_not_treatment_CI
revision896_f2c6b9696988_iterative_gpt-6-luna_us_english_s0,uniform_edge_count,radius_lcc,20,20,20,4.0,2.85,1.15,2.0,3.0,descriptive_reference_not_treatment_CI
revision896_f2c6b9696988_iterative_gpt-6-luna_us_english_s0,uniform_edge_count,diameter_lcc,20,20,20,5.0,3.35,1.65,3.0,4.0,descriptive_reference_not_treatment_CI
revision896_f2c6b9696988_iterative_gpt-6-luna_us_english_s0,uniform_edge_count,avg_shortest_path_lcc,20,20,20,2.543673469387755,1.9832244897959186,0.5604489795918364,1.961,2.0193265306122448,descriptive_reference_not_treatment_CI
revision896_f2c6b9696988_iterative_gpt-6-luna_us_english_s0,uniform_edge_count,degree_one_share,20,20,20,0.08,0.004,0.076,0.0,0.03049999999999997,descriptive_reference_not_treatment_CI
revision896_f2c6b9696988_iterative_gpt-6-luna_us_english_s0,uniform_edge_count,isolate_share,20,20,20,0.0,0.0,0.0,0.0,0.0,descriptive_reference_not_treatment_CI
revision896_f2c6b9696988_iterative_gpt-6-luna_us_english_s0,uniform_edge_count,degree_gini,20,20,20,0.23820627802690583,0.16355156950672647,0.07465470852017936,0.14280493273542602,0.1945695067264574,descriptive_reference_not_treatment_CI
revision896_f2c6b9696988_iterative_gpt-6-luna_us_english_s0,uniform_edge_count,coleman_gender,20,20,20,0.25681682658426846,-0.028570909462052357,0.28538773604632084,-0.10832845109926943,0.04170545389662561,descriptive_reference_not_treatment_CI
revision896_f2c6b9696988_iterative_gpt-6-luna_us_english_s0,uniform_edge_count,coleman_religion,20,20,20,0.21422296651175393,-0.021708284386423287,0.2359312508981772,-0.06910423427794282,0.0389125965613423,descriptive_reference_not_treatment_CI
revision896_f2c6b9696988_iterative_gpt-6-luna_us_english_s0,uniform_edge_count,coleman_political orientation,20,20,20,0.5511814679555831,-0.020739948160242855,0.5719214161158259,-0.09465240096315704,0.07967096712214225,descriptive_reference_not_treatment_CI
revision896_f2c6b9696988_iterative_gpt-6-luna_us_english_s0,uniform_edge_count,age_assortativity,20,20,20,0.6886058585403727,-0.00950328151786024,0.698109140058233,-0.12092202047044343,0.1087941395414389,descriptive_reference_not_treatment_CI
revision896_f2c6b9696988_iterative_gpt-6-luna_us_english_s1,degree_preserving_rewire,density,20,20,20,0.15755102040816327,0.1575510204081633,-2.7755575615628914e-17,0.15755102040816327,0.15755102040816327,descriptive_reference_not_treatment_CI
revision896_f2c6b9696988_iterative_gpt-6-luna_us_english_s1,degree_preserving_rewire,avg_clustering_coef,20,20,20,0.6513716283716283,0.20270073815073814,0.4486708902208902,0.16981704961704963,0.23137542457542457,descriptive_reference_not_treatment_CI
revision896_f2c6b9696988_iterative_gpt-6-luna_us_english_s1,degree_preserving_rewire,prop_nodes_lcc,20,20,20,0.96,0.9600000000000002,-2.220446049250313e-16,0.96,0.96,descriptive_reference_not_treatment_CI
revision896_f2c6b9696988_iterative_gpt-6-luna_us_english_s1,degree_preserving_rewire,global_efficiency,20,20,20,0.4255374149659912,0.5015387755102023,-0.07600136054421114,0.49883231292516855,0.5045561224489775,descriptive_reference_not_treatment_CI
revision896_f2c6b9696988_iterative_gpt-6-luna_us_english_s1,degree_preserving_rewire,num_components,20,20,20,3.0,3.0,0.0,3.0,3.0,descriptive_reference_not_treatment_CI
revision896_f2c6b9696988_iterative_gpt-6-luna_us_english_s1,degree_preserving_rewire,modularity,20,20,20,0.5136111036537894,0.2476643668286397,0.2659467368251497,0.22872224757711615,0.26252382614298364,descriptive_reference_not_treatment_CI
revision896_f2c6b9696988_iterative_gpt-6-luna_us_english_s1,degree_preserving_rewire,radius_lcc,20,20,20,3.0,2.95,0.04999999999999982,2.475,3.0,descriptive_reference_not_treatment_CI
revision896_f2c6b9696988_iterative_gpt-6-luna_us_english_s1,degree_preserving_rewire,diameter_lcc,20,20,20,6.0,4.05,1.9500000000000002,4.0,4.524999999999999,descriptive_reference_not_treatment_CI
revision896_f2c6b9696988_iterative_gpt-6-luna_us_english_s1,degree_preserving_rewire,avg_shortest_path_lcc,20,20,20,2.766843971631206,2.0790336879432623,0.6878102836879436,2.0583333333333336,2.101130319148936,descriptive_reference_not_treatment_CI
revision896_f2c6b9696988_iterative_gpt-6-luna_us_english_s1,degree_preserving_rewire,degree_one_share,20,20,20,0.02,0.020000000000000004,-3.469446951953614e-18,0.02,0.02,descriptive_reference_not_treatment_CI
revision896_f2c6b9696988_iterative_gpt-6-luna_us_english_s1,degree_preserving_rewire,isolate_share,20,20,20,0.04,0.04000000000000001,-6.938893903907228e-18,0.04,0.04,descriptive_reference_not_treatment_CI
revision896_f2c6b9696988_iterative_gpt-6-luna_us_english_s1,degree_preserving_rewire,degree_gini,20,20,20,0.28518134715025906,0.2851813471502591,-5.551115123125783e-17,0.28518134715025906,0.28518134715025906,descriptive_reference_not_treatment_CI
revision896_f2c6b9696988_iterative_gpt-6-luna_us_english_s1,degree_preserving_rewire,coleman_gender,20,20,20,0.24430907353683057,-0.029670187900312683,0.27397926143714324,-0.08974802075157239,0.036061928034425955,descriptive_reference_not_treatment_CI
revision896_f2c6b9696988_iterative_gpt-6-luna_us_english_s1,degree_preserving_rewire,coleman_religion,20,20,20,0.22639992596094438,-0.034466646781177085,0.26086657274212144,-0.0861483620109608,0.03803564192611597,descriptive_reference_not_treatment_CI
revision896_f2c6b9696988_iterative_gpt-6-luna_us_english_s1,degree_preserving_rewire,coleman_political orientation,20,20,20,0.6919916724496878,-0.029324692171571416,0.7213163646212593,-0.1098533957186854,0.05407400841437657,descriptive_reference_not_treatment_CI
revision896_f2c6b9696988_iterative_gpt-6-luna_us_english_s1,degree_preserving_rewire,age_assortativity,20,20,20,0.61363409040458,-0.04082006748594476,0.6544541578905247,-0.18400492593194803,0.10659149514472918,descriptive_reference_not_treatment_CI
revision896_f2c6b9696988_iterative_gpt-6-luna_us_english_s1,equal_weight_demographic_similarity,density,1,1,1,0.15755102040816327,0.15755102040816327,0.0,,,descriptive_reference_not_treatment_CI
revision896_f2c6b9696988_iterative_gpt-6-luna_us_english_s1,equal_weight_demographic_similarity,avg_clustering_coef,1,1,1,0.6513716283716283,0.5538945498945501,0.0974770784770782,,,descriptive_reference_not_treatment_CI
revision896_f2c6b9696988_iterative_gpt-6-luna_us_english_s1,equal_weight_demographic_similarity,prop_nodes_lcc,1,1,1,0.96,1.0,-0.040000000000000036,,,descriptive_reference_not_treatment_CI
revision896_f2c6b9696988_iterative_gpt-6-luna_us_english_s1,equal_weight_demographic_similarity,global_efficiency,1,1,1,0.4255374149659912,0.463469387755104,-0.03793197278911281,,,descriptive_reference_not_treatment_CI
revision896_f2c6b9696988_iterative_gpt-6-luna_us_english_s1,equal_weight_demographic_similarity,num_components,1,1,1,3.0,1.0,2.0,,,descriptive_reference_not_treatment_CI
revision896_f2c6b9696988_iterative_gpt-6-luna_us_english_s1,equal_weight_demographic_similarity,modularity,1,1,1,0.5136111036537894,0.5763107734435824,-0.06269966978979302,,,descriptive_reference_not_treatment_CI
revision896_f2c6b9696988_iterative_gpt-6-luna_us_english_s1,equal_weight_demographic_similarity,radius_lcc,1,1,1,3.0,4.0,-1.0,,,descriptive_reference_not_treatment_CI
revision896_f2c6b9696988_iterative_gpt-6-luna_us_english_s1,equal_weight_demographic_similarity,diameter_lcc,1,1,1,6.0,5.0,1.0,,,descriptive_reference_not_treatment_CI
revision896_f2c6b9696988_iterative_gpt-6-luna_us_english_s1,equal_weight_demographic_similarity,avg_shortest_path_lcc,1,1,1,2.766843971631206,2.6751020408163266,0.09174193081487925,,,descriptive_reference_not_treatment_CI
revision896_f2c6b9696988_iterative_gpt-6-luna_us_english_s1,equal_weight_demographic_similarity,degree_one_share,1,1,1,0.02,0.0,0.02,,,descriptive_reference_not_treatment_CI
revision896_f2c6b9696988_iterative_gpt-6-luna_us_english_s1,equal_weight_demographic_similarity,isolate_share,1,1,1,0.04,0.0,0.04,,,descriptive_reference_not_treatment_CI
revision896_f2c6b9696988_iterative_gpt-6-luna_us_english_s1,equal_weight_demographic_similarity,degree_gini,1,1,1,0.28518134715025906,0.19088082901554404,0.09430051813471502,,,descriptive_reference_not_treatment_CI
revision896_f2c6b9696988_iterative_gpt-6-luna_us_english_s1,equal_weight_demographic_similarity,coleman_gender,1,1,1,0.24430907353683057,0.717828221479907,-0.4735191479430764,,,descriptive_reference_not_treatment_CI
revision896_f2c6b9696988_iterative_gpt-6-luna_us_english_s1,equal_weight_demographic_similarity,coleman_religion,1,1,1,0.22639992596094438,0.38584277855944193,-0.15944285259849755,,,descriptive_reference_not_treatment_CI
revision896_f2c6b9696988_iterative_gpt-6-luna_us_english_s1,equal_weight_demographic_similarity,coleman_political orientation,1,1,1,0.6919916724496878,0.7563409917710303,-0.06434931932134247,,,descriptive_reference_not_treatment_CI
revision896_f2c6b9696988_iterative_gpt-6-luna_us_english_s1,equal_weight_demographic_similarity,age_assortativity,1,1,1,0.61363409040458,0.3392802156915051,0.2743538747130748,,,descriptive_reference_not_treatment_CI
revision896_f2c6b9696988_iterative_gpt-6-luna_us_english_s1,uniform_edge_count,density,20,20,20,0.15755102040816327,0.1575510204081633,-2.7755575615628914e-17,0.15755102040816327,0.15755102040816327,descriptive_reference_not_treatment_CI
revision896_f2c6b9696988_iterative_gpt-6-luna_us_english_s1,uniform_edge_count,avg_clustering_coef,20,20,20,0.6513716283716283,0.16253098845598848,0.48884063991563986,0.12839483849483851,0.20527868936618937,descriptive_reference_not_treatment_CI
revision896_f2c6b9696988_iterative_gpt-6-luna_us_english_s1,uniform_edge_count,prop_nodes_lcc,20,20,20,0.96,1.0,-0.040000000000000036,1.0,1.0,descriptive_reference_not_treatment_CI
revision896_f2c6b9696988_iterative_gpt-6-luna_us_english_s1,uniform_edge_count,global_efficiency,20,20,20,0.4255374149659912,0.536473469387754,-0.1109360544217628,0.5304656462585012,0.5397840136054406,descriptive_reference_not_treatment_CI
revision896_f2c6b9696988_iterative_gpt-6-luna_us_english_s1,uniform_edge_count,num_components,20,20,20,3.0,1.0,2.0,1.0,1.0,descriptive_reference_not_treatment_CI
revision896_f2c6b9696988_iterative_gpt-6-luna_us_english_s1,uniform_edge_count,modularity,20,20,20,0.5136111036537894,0.26704676635614377,0.2465643372976456,0.2503157802894037,0.28288108405594775,descriptive_reference_not_treatment_CI
revision896_f2c6b9696988_iterative_gpt-6-luna_us_english_s1,uniform_edge_count,radius_lcc,20,20,20,3.0,2.95,0.04999999999999982,2.475,3.0,descriptive_reference_not_treatment_CI
revision896_f2c6b9696988_iterative_gpt-6-luna_us_english_s1,uniform_edge_count,diameter_lcc,20,20,20,6.0,4.0,2.0,3.475,4.524999999999999,descriptive_reference_not_treatment_CI
revision896_f2c6b9696988_iterative_gpt-6-luna_us_english_s1,uniform_edge_count,avg_shortest_path_lcc,20,20,20,2.766843971631206,2.099183673469388,0.667660298161818,2.0781632653061224,2.144612244897959,descriptive_reference_not_treatment_CI
revision896_f2c6b9696988_iterative_gpt-6-luna_us_english_s1,uniform_edge_count,degree_one_share,20,20,20,0.02,0.005,0.015,0.0,0.02,descriptive_reference_not_treatment_CI
revision896_f2c6b9696988_iterative_gpt-6-luna_us_english_s1,uniform_edge_count,isolate_share,20,20,20,0.04,0.0,0.04,0.0,0.0,descriptive_reference_not_treatment_CI
revision896_f2c6b9696988_iterative_gpt-6-luna_us_english_s1,uniform_edge_count,degree_gini,20,20,20,0.28518134715025906,0.184,0.10118134715025906,0.15213730569948186,0.21869430051813468,descriptive_reference_not_treatment_CI
revision896_f2c6b9696988_iterative_gpt-6-luna_us_english_s1,uniform_edge_count,coleman_gender,20,20,20,0.24430907353683057,-0.021256071184631836,0.2655651447214624,-0.10963161247067735,0.051818498429130944,descriptive_reference_not_treatment_CI
revision896_f2c6b9696988_iterative_gpt-6-luna_us_english_s1,uniform_edge_count,coleman_religion,20,20,20,0.22639992596094438,-0.015435504942387258,0.24183543090333165,-0.06087775845088616,0.05846616392204777,descriptive_reference_not_treatment_CI
revision896_f2c6b9696988_iterative_gpt-6-luna_us_english_s1,uniform_edge_count,coleman_political orientation,20,20,20,0.6919916724496878,-0.0262957037304966,0.7182873761801845,-0.09880359724199239,0.07428680482682067,descriptive_reference_not_treatment_CI
revision896_f2c6b9696988_iterative_gpt-6-luna_us_english_s1,uniform_edge_count,age_assortativity,20,20,20,0.61363409040458,-0.03942308290427704,0.653057173308857,-0.1449833299123779,0.03549113163031854,descriptive_reference_not_treatment_CI
revision896_f2c6b9696988_iterative_gpt-6-luna_us_hindi_s0,degree_preserving_rewire,density,20,20,20,0.1763265306122449,0.17632653061224488,2.7755575615628914e-17,0.1763265306122449,0.1763265306122449,descriptive_reference_not_treatment_CI
revision896_f2c6b9696988_iterative_gpt-6-luna_us_hindi_s0,degree_preserving_rewire,avg_clustering_coef,20,20,20,0.6445717615717617,0.22795301365301368,0.416618747918748,0.1962185009435009,0.26898040570540566,descriptive_reference_not_treatment_CI
revision896_f2c6b9696988_iterative_gpt-6-luna_us_hindi_s0,degree_preserving_rewire,prop_nodes_lcc,20,20,20,0.96,0.9600000000000002,-2.220446049250313e-16,0.96,0.96,descriptive_reference_not_treatment_CI
revision896_f2c6b9696988_iterative_gpt-6-luna_us_hindi_s0,degree_preserving_rewire,global_efficiency,20,20,20,0.4417414965986428,0.5176285714285694,-0.07588707482992663,0.514352040816325,0.5199030612244879,descriptive_reference_not_treatment_CI
revision896_f2c6b9696988_iterative_gpt-6-luna_us_hindi_s0,degree_preserving_rewire,num_components,20,20,20,3.0,3.0,0.0,3.0,3.0,descriptive_reference_not_treatment_CI
revision896_f2c6b9696988_iterative_gpt-6-luna_us_hindi_s0,degree_preserving_rewire,modularity,20,20,20,0.5487611454046639,0.22569765946502057,0.32306348593964335,0.20945376800411525,0.25046644590192046,descriptive_reference_not_treatment_CI
revision896_f2c6b9696988_iterative_gpt-6-luna_us_hindi_s0,degree_preserving_rewire,radius_lcc,20,20,20,3.0,2.9,0.10000000000000009,2.0,3.0,descriptive_reference_not_treatment_CI
revision896_f2c6b9696988_iterative_gpt-6-luna_us_hindi_s0,degree_preserving_rewire,diameter_lcc,20,20,20,5.0,4.1,0.9000000000000004,4.0,5.0,descriptive_reference_not_treatment_CI
revision896_f2c6b9696988_iterative_gpt-6-luna_us_hindi_s0,degree_preserving_rewire,avg_shortest_path_lcc,20,20,20,2.649822695035461,2.0141400709219863,0.6356826241134748,1.9981826241134752,2.0384308510638296,descriptive_reference_not_treatment_CI
revision896_f2c6b9696988_iterative_gpt-6-luna_us_hindi_s0,degree_preserving_rewire,degree_one_share,20,20,20,0.02,0.020000000000000004,-3.469446951953614e-18,0.02,0.02,descriptive_reference_not_treatment_CI
revision896_f2c6b9696988_iterative_gpt-6-luna_us_hindi_s0,degree_preserving_rewire,isolate_share,20,20,20,0.04,0.04000000000000001,-6.938893903907228e-18,0.04,0.04,descriptive_reference_not_treatment_CI
revision896_f2c6b9696988_iterative_gpt-6-luna_us_hindi_s0,degree_preserving_rewire,degree_gini,20,20,20,0.2747222222222222,0.27472222222222226,-5.551115123125783e-17,0.2747222222222222,0.2747222222222222,descriptive_reference_not_treatment_CI
revision896_f2c6b9696988_iterative_gpt-6-luna_us_hindi_s0,degree_preserving_rewire,coleman_gender,20,20,20,0.09076400615867307,-0.03034068924268431,0.12110469540135738,-0.1262764332260108,0.06145500820867219,descriptive_reference_not_treatment_CI
revision896_f2c6b9696988_iterative_gpt-6-luna_us_hindi_s0,degree_preserving_rewire,coleman_religion,20,20,20,0.13828427409642025,-0.026013013998360972,0.16429728809478122,-0.07049183325209349,0.022066015122587594,descriptive_reference_not_treatment_CI
revision896_f2c6b9696988_iterative_gpt-6-luna_us_hindi_s0,degree_preserving_rewire,coleman_political orientation,20,20,20,0.6838151568680015,-0.02918805768462749,0.713003214552629,-0.0944016523853383,0.050229189032782874,descriptive_reference_not_treatment_CI
revision896_f2c6b9696988_iterative_gpt-6-luna_us_hindi_s0,degree_preserving_rewire,age_assortativity,20,20,20,0.6367063040633785,-0.009187123904567194,0.6458934279679457,-0.12756128454106772,0.07649729895593307,descriptive_reference_not_treatment_CI
revision896_f2c6b9696988_iterative_gpt-6-luna_us_hindi_s0,equal_weight_demographic_similarity,density,1,1,1,0.1763265306122449,0.1763265306122449,0.0,,,descriptive_reference_not_treatment_CI
revision896_f2c6b9696988_iterative_gpt-6-luna_us_hindi_s0,equal_weight_demographic_similarity,avg_clustering_coef,1,1,1,0.6445717615717617,0.5930248640248643,0.05154689754689734,,,descriptive_reference_not_treatment_CI
revision896_f2c6b9696988_iterative_gpt-6-luna_us_hindi_s0,equal_weight_demographic_similarity,prop_nodes_lcc,1,1,1,0.96,1.0,-0.040000000000000036,,,descriptive_reference_not_treatment_CI
revision896_f2c6b9696988_iterative_gpt-6-luna_us_hindi_s0,equal_weight_demographic_similarity,global_efficiency,1,1,1,0.4417414965986428,0.48257142857143015,-0.04082993197278734,,,descriptive_reference_not_treatment_CI
revision896_f2c6b9696988_iterative_gpt-6-luna_us_hindi_s0,equal_weight_demographic_similarity,num_components,1,1,1,3.0,1.0,2.0,,,descriptive_reference_not_treatment_CI
revision896_f2c6b9696988_iterative_gpt-6-luna_us_hindi_s0,equal_weight_demographic_similarity,modularity,1,1,1,0.5487611454046639,0.5664651920438958,-0.017704046639231863,,,descriptive_reference_not_treatment_CI
revision896_f2c6b9696988_iterative_gpt-6-luna_us_hindi_s0,equal_weight_demographic_similarity,radius_lcc,1,1,1,3.0,4.0,-1.0,,,descriptive_reference_not_treatment_CI
revision896_f2c6b9696988_iterative_gpt-6-luna_us_hindi_s0,equal_weight_demographic_similarity,diameter_lcc,1,1,1,5.0,5.0,0.0,,,descriptive_reference_not_treatment_CI
revision896_f2c6b9696988_iterative_gpt-6-luna_us_hindi_s0,equal_weight_demographic_similarity,avg_shortest_path_lcc,1,1,1,2.649822695035461,2.569795918367347,0.08002677666811397,,,descriptive_reference_not_treatment_CI
revision896_f2c6b9696988_iterative_gpt-6-luna_us_hindi_s0,equal_weight_demographic_similarity,degree_one_share,1,1,1,0.02,0.0,0.02,,,descriptive_reference_not_treatment_CI
revision896_f2c6b9696988_iterative_gpt-6-luna_us_hindi_s0,equal_weight_demographic_similarity,isolate_share,1,1,1,0.04,0.0,0.04,,,descriptive_reference_not_treatment_CI
revision896_f2c6b9696988_iterative_gpt-6-luna_us_hindi_s0,equal_weight_demographic_similarity,degree_gini,1,1,1,0.2747222222222222,0.18722222222222223,0.08749999999999997,,,descriptive_reference_not_treatment_CI
revision896_f2c6b9696988_iterative_gpt-6-luna_us_hindi_s0,equal_weight_demographic_similarity,coleman_gender,1,1,1,0.09076400615867307,0.7220796647900888,-0.6313156586314157,,,descriptive_reference_not_treatment_CI
revision896_f2c6b9696988_iterative_gpt-6-luna_us_hindi_s0,equal_weight_demographic_similarity,coleman_religion,1,1,1,0.13828427409642025,0.3400238869213044,-0.20173961282488417,,,descriptive_reference_not_treatment_CI
revision896_f2c6b9696988_iterative_gpt-6-luna_us_hindi_s0,equal_weight_demographic_similarity,coleman_political orientation,1,1,1,0.6838151568680015,0.7759180529178012,-0.09210289604979971,,,descriptive_reference_not_treatment_CI
revision896_f2c6b9696988_iterative_gpt-6-luna_us_hindi_s0,equal_weight_demographic_similarity,age_assortativity,1,1,1,0.6367063040633785,0.16081548670046042,0.47589081736291805,,,descriptive_reference_not_treatment_CI
revision896_f2c6b9696988_iterative_gpt-6-luna_us_hindi_s0,uniform_edge_count,density,20,20,20,0.1763265306122449,0.17632653061224488,2.7755575615628914e-17,0.1763265306122449,0.1763265306122449,descriptive_reference_not_treatment_CI
revision896_f2c6b9696988_iterative_gpt-6-luna_us_hindi_s0,uniform_edge_count,avg_clustering_coef,20,20,20,0.6445717615717617,0.18304129710159123,0.46153046447017043,0.16123500388500392,0.20837631673881676,descriptive_reference_not_treatment_CI
revision896_f2c6b9696988_iterative_gpt-6-luna_us_hindi_s0,uniform_edge_count,prop_nodes_lcc,20,20,20,0.96,1.0,-0.040000000000000036,1.0,1.0,descriptive_reference_not_treatment_CI
revision896_f2c6b9696988_iterative_gpt-6-luna_us_hindi_s0,uniform_edge_count,global_efficiency,20,20,20,0.4417414965986428,0.5593979591836719,-0.11765646258502904,0.5557653061224467,0.5625204081632634,descriptive_reference_not_treatment_CI
revision896_f2c6b9696988_iterative_gpt-6-luna_us_hindi_s0,uniform_edge_count,num_components,20,20,20,3.0,1.0,2.0,1.0,1.0,descriptive_reference_not_treatment_CI
revision896_f2c6b9696988_iterative_gpt-6-luna_us_hindi_s0,uniform_edge_count,modularity,20,20,20,0.5487611454046639,0.24941379458161866,0.29934735082304526,0.2332309885116598,0.2733434606481481,descriptive_reference_not_treatment_CI
revision896_f2c6b9696988_iterative_gpt-6-luna_us_hindi_s0,uniform_edge_count,radius_lcc,20,20,20,3.0,2.65,0.3500000000000001,2.0,3.0,descriptive_reference_not_treatment_CI
revision896_f2c6b9696988_iterative_gpt-6-luna_us_hindi_s0,uniform_edge_count,diameter_lcc,20,20,20,5.0,3.4,1.6,3.0,4.0,descriptive_reference_not_treatment_CI
revision896_f2c6b9696988_iterative_gpt-6-luna_us_hindi_s0,uniform_edge_count,avg_shortest_path_lcc,20,20,20,2.649822695035461,1.9968571428571429,0.6529655521783182,1.977530612244898,2.0200612244897957,descriptive_reference_not_treatment_CI
revision896_f2c6b9696988_iterative_gpt-6-luna_us_hindi_s0,uniform_edge_count,degree_one_share,20,20,20,0.02,0.002,0.018000000000000002,0.0,0.02,descriptive_reference_not_treatment_CI
revision896_f2c6b9696988_iterative_gpt-6-luna_us_hindi_s0,uniform_edge_count,isolate_share,20,20,20,0.04,0.0,0.04,0.0,0.0,descriptive_reference_not_treatment_CI
revision896_f2c6b9696988_iterative_gpt-6-luna_us_hindi_s0,uniform_edge_count,degree_gini,20,20,20,0.2747222222222222,0.1657824074074074,0.1089398148148148,0.14253935185185185,0.18759490740740742,descriptive_reference_not_treatment_CI
revision896_f2c6b9696988_iterative_gpt-6-luna_us_hindi_s0,uniform_edge_count,coleman_gender,20,20,20,0.09076400615867307,-0.022268132166911443,0.11303213832558451,-0.11383921127126606,0.04484050378029106,descriptive_reference_not_treatment_CI
revision896_f2c6b9696988_iterative_gpt-6-luna_us_hindi_s0,uniform_edge_count,coleman_religion,20,20,20,0.13828427409642025,-0.021480120158939686,0.15976439425535993,-0.06900017755376275,0.0364970278993952,descriptive_reference_not_treatment_CI
revision896_f2c6b9696988_iterative_gpt-6-luna_us_hindi_s0,uniform_edge_count,coleman_political orientation,20,20,20,0.6838151568680015,-0.024937342246504034,0.7087524991145056,-0.1114173922293517,0.06947924715203109,descriptive_reference_not_treatment_CI
revision896_f2c6b9696988_iterative_gpt-6-luna_us_hindi_s0,uniform_edge_count,age_assortativity,20,20,20,0.6367063040633785,-0.02371267148114246,0.6604189755445209,-0.09980616649388602,0.0868190804205658,descriptive_reference_not_treatment_CI
revision896_f2c6b9696988_iterative_gpt-6-luna_us_hindi_s1,degree_preserving_rewire,density,20,20,20,0.16489795918367348,0.1648979591836735,-2.7755575615628914e-17,0.16489795918367348,0.16489795918367348,descriptive_reference_not_treatment_CI
revision896_f2c6b9696988_iterative_gpt-6-luna_us_hindi_s1,degree_preserving_rewire,avg_clustering_coef,20,20,20,0.5910130425130427,0.20238323620823623,0.3886298063048064,0.17170807387057388,0.2558000624375624,descriptive_reference_not_treatment_CI
revision896_f2c6b9696988_iterative_gpt-6-luna_us_hindi_s1,degree_preserving_rewire,prop_nodes_lcc,20,20,20,0.96,0.9600000000000002,-2.220446049250313e-16,0.96,0.96,descriptive_reference_not_treatment_CI
revision896_f2c6b9696988_iterative_gpt-6-luna_us_hindi_s1,degree_preserving_rewire,global_efficiency,20,20,20,0.4446666666666707,0.5089993197278893,-0.06433265306121855,0.5061785714285698,0.5111598639455762,descriptive_reference_not_treatment_CI
revision896_f2c6b9696988_iterative_gpt-6-luna_us_hindi_s1,degree_preserving_rewire,num_components,20,20,20,3.0,3.0,0.0,3.0,3.0,descriptive_reference_not_treatment_CI
revision896_f2c6b9696988_iterative_gpt-6-luna_us_hindi_s1,degree_preserving_rewire,modularity,20,20,20,0.5417483580041172,0.23852563474169203,0.3032227232624252,0.22059387560043137,0.2638693510440153,descriptive_reference_not_treatment_CI
revision896_f2c6b9696988_iterative_gpt-6-luna_us_hindi_s1,degree_preserving_rewire,radius_lcc,20,20,20,3.0,2.8,0.20000000000000018,2.0,3.0,descriptive_reference_not_treatment_CI
revision896_f2c6b9696988_iterative_gpt-6-luna_us_hindi_s1,degree_preserving_rewire,diameter_lcc,20,20,20,5.0,4.1,0.9000000000000004,4.0,5.0,descriptive_reference_not_treatment_CI
revision896_f2c6b9696988_iterative_gpt-6-luna_us_hindi_s1,degree_preserving_rewire,avg_shortest_path_lcc,20,20,20,2.5886524822695036,2.045656028368794,0.5429964539007095,2.0296764184397165,2.0683067375886526,descriptive_reference_not_treatment_CI
revision896_f2c6b9696988_iterative_gpt-6-luna_us_hindi_s1,degree_preserving_rewire,degree_one_share,20,20,20,0.02,0.020000000000000004,-3.469446951953614e-18,0.02,0.02,descriptive_reference_not_treatment_CI
revision896_f2c6b9696988_iterative_gpt-6-luna_us_hindi_s1,degree_preserving_rewire,isolate_share,20,20,20,0.04,0.04000000000000001,-6.938893903907228e-18,0.04,0.04,descriptive_reference_not_treatment_CI
revision896_f2c6b9696988_iterative_gpt-6-luna_us_hindi_s1,degree_preserving_rewire,degree_gini,20,20,20,0.26881188118811883,0.26881188118811894,-1.1102230246251565e-16,0.26881188118811883,0.26881188118811883,descriptive_reference_not_treatment_CI
revision896_f2c6b9696988_iterative_gpt-6-luna_us_hindi_s1,degree_preserving_rewire,coleman_gender,20,20,20,0.20353158547744654,-0.010872316447231845,0.2144039019246784,-0.09733097280398202,0.06089633643039413,descriptive_reference_not_treatment_CI
revision896_f2c6b9696988_iterative_gpt-6-luna_us_hindi_s1,degree_preserving_rewire,coleman_religion,20,20,20,0.1822906929022191,-0.024005789702134912,0.20629648260435401,-0.06525640719117623,0.04626612050196546,descriptive_reference_not_treatment_CI
revision896_f2c6b9696988_iterative_gpt-6-luna_us_hindi_s1,degree_preserving_rewire,coleman_political orientation,20,20,20,0.7012478415795289,-0.018780833439220483,0.7200286750187493,-0.08220866187004242,0.051978666658357826,descriptive_reference_not_treatment_CI
revision896_f2c6b9696988_iterative_gpt-6-luna_us_hindi_s1,degree_preserving_rewire,age_assortativity,20,20,20,0.5149766879110514,-0.06934132433835233,0.5843180122494038,-0.15299224213403714,0.023833447371874907,descriptive_reference_not_treatment_CI
revision896_f2c6b9696988_iterative_gpt-6-luna_us_hindi_s1,equal_weight_demographic_similarity,density,1,1,1,0.16489795918367348,0.16489795918367348,0.0,,,descriptive_reference_not_treatment_CI
revision896_f2c6b9696988_iterative_gpt-6-luna_us_hindi_s1,equal_weight_demographic_similarity,avg_clustering_coef,1,1,1,0.5910130425130427,0.5744095904095906,0.016603452103452043,,,descriptive_reference_not_treatment_CI
revision896_f2c6b9696988_iterative_gpt-6-luna_us_hindi_s1,equal_weight_demographic_similarity,prop_nodes_lcc,1,1,1,0.96,1.0,-0.040000000000000036,,,descriptive_reference_not_treatment_CI
revision896_f2c6b9696988_iterative_gpt-6-luna_us_hindi_s1,equal_weight_demographic_similarity,global_efficiency,1,1,1,0.4446666666666707,0.47125170068027405,-0.026585034013603348,,,descriptive_reference_not_treatment_CI
revision896_f2c6b9696988_iterative_gpt-6-luna_us_hindi_s1,equal_weight_demographic_similarity,num_components,1,1,1,3.0,1.0,2.0,,,descriptive_reference_not_treatment_CI
revision896_f2c6b9696988_iterative_gpt-6-luna_us_hindi_s1,equal_weight_demographic_similarity,modularity,1,1,1,0.5417483580041172,0.5766223899617685,-0.034874031957651264,,,descriptive_reference_not_treatment_CI
revision896_f2c6b9696988_iterative_gpt-6-luna_us_hindi_s1,equal_weight_demographic_similarity,radius_lcc,1,1,1,3.0,4.0,-1.0,,,descriptive_reference_not_treatment_CI
revision896_f2c6b9696988_iterative_gpt-6-luna_us_hindi_s1,equal_weight_demographic_similarity,diameter_lcc,1,1,1,5.0,5.0,0.0,,,descriptive_reference_not_treatment_CI
revision896_f2c6b9696988_iterative_gpt-6-luna_us_hindi_s1,equal_weight_demographic_similarity,avg_shortest_path_lcc,1,1,1,2.5886524822695036,2.630204081632653,-0.04155159936314945,,,descriptive_reference_not_treatment_CI
revision896_f2c6b9696988_iterative_gpt-6-luna_us_hindi_s1,equal_weight_demographic_similarity,degree_one_share,1,1,1,0.02,0.0,0.02,,,descriptive_reference_not_treatment_CI
revision896_f2c6b9696988_iterative_gpt-6-luna_us_hindi_s1,equal_weight_demographic_similarity,isolate_share,1,1,1,0.04,0.0,0.04,,,descriptive_reference_not_treatment_CI
revision896_f2c6b9696988_iterative_gpt-6-luna_us_hindi_s1,equal_weight_demographic_similarity,degree_gini,1,1,1,0.26881188118811883,0.19445544554455446,0.07435643564356437,,,descriptive_reference_not_treatment_CI
revision896_f2c6b9696988_iterative_gpt-6-luna_us_hindi_s1,equal_weight_demographic_similarity,coleman_gender,1,1,1,0.20353158547744654,0.7282144639535412,-0.5246828784760946,,,descriptive_reference_not_treatment_CI
revision896_f2c6b9696988_iterative_gpt-6-luna_us_hindi_s1,equal_weight_demographic_similarity,coleman_religion,1,1,1,0.1822906929022191,0.35718942999808045,-0.17489873709586135,,,descriptive_reference_not_treatment_CI
revision896_f2c6b9696988_iterative_gpt-6-luna_us_hindi_s1,equal_weight_demographic_similarity,coleman_political orientation,1,1,1,0.7012478415795289,0.7675011050626348,-0.0662532634831059,,,descriptive_reference_not_treatment_CI
revision896_f2c6b9696988_iterative_gpt-6-luna_us_hindi_s1,equal_weight_demographic_similarity,age_assortativity,1,1,1,0.5149766879110514,0.27675557452295313,0.23822111338809832,,,descriptive_reference_not_treatment_CI
revision896_f2c6b9696988_iterative_gpt-6-luna_us_hindi_s1,uniform_edge_count,density,20,20,20,0.16489795918367348,0.1648979591836735,-2.7755575615628914e-17,0.16489795918367348,0.16489795918367348,descriptive_reference_not_treatment_CI
revision896_f2c6b9696988_iterative_gpt-6-luna_us_hindi_s1,uniform_edge_count,avg_clustering_coef,20,20,20,0.5910130425130427,0.16431160359248595,0.4267014389205567,0.13613004218004218,0.19778037518037517,descriptive_reference_not_treatment_CI
revision896_f2c6b9696988_iterative_gpt-6-luna_us_hindi_s1,uniform_edge_count,prop_nodes_lcc,20,20,20,0.96,1.0,-0.040000000000000036,1.0,1.0,descriptive_reference_not_treatment_CI
revision896_f2c6b9696988_iterative_gpt-6-luna_us_hindi_s1,uniform_edge_count,global_efficiency,20,20,20,0.4446666666666707,0.5460476190476177,-0.10138095238094696,0.5422380952380936,0.5488248299319717,descriptive_reference_not_treatment_CI
revision896_f2c6b9696988_iterative_gpt-6-luna_us_hindi_s1,uniform_edge_count,num_components,20,20,20,3.0,1.0,2.0,1.0,1.0,descriptive_reference_not_treatment_CI
revision896_f2c6b9696988_iterative_gpt-6-luna_us_hindi_s1,uniform_edge_count,modularity,20,20,20,0.5417483580041172,0.2637535535731791,0.27799480443093816,0.24794291000882263,0.28366214096657194,descriptive_reference_not_treatment_CI
revision896_f2c6b9696988_iterative_gpt-6-luna_us_hindi_s1,uniform_edge_count,radius_lcc,20,20,20,3.0,2.9,0.10000000000000009,2.0,3.0,descriptive_reference_not_treatment_CI
revision896_f2c6b9696988_iterative_gpt-6-luna_us_hindi_s1,uniform_edge_count,diameter_lcc,20,20,20,5.0,3.8,1.2000000000000002,3.0,4.0,descriptive_reference_not_treatment_CI
revision896_f2c6b9696988_iterative_gpt-6-luna_us_hindi_s1,uniform_edge_count,avg_shortest_path_lcc,20,20,20,2.5886524822695036,2.054408163265306,0.5342443190041974,2.0370408163265306,2.0776530612244897,descriptive_reference_not_treatment_CI
revision896_f2c6b9696988_iterative_gpt-6-luna_us_hindi_s1,uniform_edge_count,degree_one_share,20,20,20,0.02,0.001,0.019,0.0,0.010499999999999971,descriptive_reference_not_treatment_CI
revision896_f2c6b9696988_iterative_gpt-6-luna_us_hindi_s1,uniform_edge_count,isolate_share,20,20,20,0.04,0.0,0.04,0.0,0.0,descriptive_reference_not_treatment_CI
revision896_f2c6b9696988_iterative_gpt-6-luna_us_hindi_s1,uniform_edge_count,degree_gini,20,20,20,0.26881188118811883,0.1698960396039604,0.09891584158415842,0.14579207920792078,0.19993316831683167,descriptive_reference_not_treatment_CI
revision896_f2c6b9696988_iterative_gpt-6-luna_us_hindi_s1,uniform_edge_count,coleman_gender,20,20,20,0.20353158547744654,-0.027166111384125568,0.2306976968615721,-0.11312526151359466,0.04288313783136889,descriptive_reference_not_treatment_CI
revision896_f2c6b9696988_iterative_gpt-6-luna_us_hindi_s1,uniform_edge_count,coleman_religion,20,20,20,0.1822906929022191,-0.020051181907370184,0.2023418748095893,-0.08539446809396403,0.04194453719253843,descriptive_reference_not_treatment_CI
revision896_f2c6b9696988_iterative_gpt-6-luna_us_hindi_s1,uniform_edge_count,coleman_political orientation,20,20,20,0.7012478415795289,-0.015725511999298863,0.7169733535788277,-0.09205284440213037,0.05639125488713778,descriptive_reference_not_treatment_CI
revision896_f2c6b9696988_iterative_gpt-6-luna_us_hindi_s1,uniform_edge_count,age_assortativity,20,20,20,0.5149766879110514,-0.03114718235872303,0.5461238702697745,-0.09928245096361536,0.08312563059566819,descriptive_reference_not_treatment_CI
revision896_f2c6b9696988_iterative_gpt-6-luna_us_japanese_s0,degree_preserving_rewire,density,20,20,20,0.17142857142857143,0.1714285714285714,2.7755575615628914e-17,0.17142857142857143,0.17142857142857143,descriptive_reference_not_treatment_CI
revision896_f2c6b9696988_iterative_gpt-6-luna_us_japanese_s0,degree_preserving_rewire,avg_clustering_coef,20,20,20,0.5608881118881118,0.19342425907425911,0.36746385281385274,0.1567567238317239,0.2394558746808747,descriptive_reference_not_treatment_CI
revision896_f2c6b9696988_iterative_gpt-6-luna_us_japanese_s0,degree_preserving_rewire,prop_nodes_lcc,20,20,20,0.98,0.9800000000000001,-1.1102230246251565e-16,0.98,0.98,descriptive_reference_not_treatment_CI
revision896_f2c6b9696988_iterative_gpt-6-luna_us_japanese_s0,degree_preserving_rewire,global_efficiency,20,20,20,0.4648843537414987,0.5340102040816304,-0.06912585034013163,0.5318299319727868,0.5359540816326506,descriptive_reference_not_treatment_CI
revision896_f2c6b9696988_iterative_gpt-6-luna_us_japanese_s0,degree_preserving_rewire,num_components,20,20,20,2.0,2.0,0.0,2.0,2.0,descriptive_reference_not_treatment_CI
revision896_f2c6b9696988_iterative_gpt-6-luna_us_japanese_s0,degree_preserving_rewire,modularity,20,20,20,0.5099206349206349,0.2427165532879818,0.2672040816326531,0.22238973922902494,0.26665702947845804,descriptive_reference_not_treatment_CI
revision896_f2c6b9696988_iterative_gpt-6-luna_us_japanese_s0,degree_preserving_rewire,radius_lcc,20,20,20,3.0,2.85,0.1499999999999999,2.0,3.0,descriptive_reference_not_treatment_CI
revision896_f2c6b9696988_iterative_gpt-6-luna_us_japanese_s0,degree_preserving_rewire,diameter_lcc,20,20,20,6.0,3.95,2.05,3.475,4.0,descriptive_reference_not_treatment_CI
revision896_f2c6b9696988_iterative_gpt-6-luna_us_japanese_s0,degree_preserving_rewire,avg_shortest_path_lcc,20,20,20,2.5799319727891157,2.02108843537415,0.5588435374149658,2.0080569727891158,2.0349064625850337,descriptive_reference_not_treatment_CI
revision896_f2c6b9696988_iterative_gpt-6-luna_us_japanese_s0,degree_preserving_rewire,degree_one_share,20,20,20,0.0,0.0,0.0,0.0,0.0,descriptive_reference_not_treatment_CI
revision896_f2c6b9696988_iterative_gpt-6-luna_us_japanese_s0,degree_preserving_rewire,isolate_share,20,20,20,0.02,0.020000000000000004,-3.469446951953614e-18,0.02,0.02,descriptive_reference_not_treatment_CI
revision896_f2c6b9696988_iterative_gpt-6-luna_us_japanese_s0,degree_preserving_rewire,degree_gini,20,20,20,0.23914285714285713,0.23914285714285716,-2.7755575615628914e-17,0.23914285714285713,0.23914285714285713,descriptive_reference_not_treatment_CI
revision896_f2c6b9696988_iterative_gpt-6-luna_us_japanese_s0,degree_preserving_rewire,coleman_gender,20,20,20,0.2582505175983437,-0.027347826086956555,0.2855983436853003,-0.10966821946169776,0.04799534161490676,descriptive_reference_not_treatment_CI
revision896_f2c6b9696988_iterative_gpt-6-luna_us_japanese_s0,degree_preserving_rewire,coleman_religion,20,20,20,0.18599983090050287,-0.031186004617991297,0.21718583551849416,-0.07854979301558153,0.03277585565496331,descriptive_reference_not_treatment_CI
revision896_f2c6b9696988_iterative_gpt-6-luna_us_japanese_s0,degree_preserving_rewire,coleman_political orientation,20,20,20,0.6541488154139967,-0.03129396727510495,0.6854427826891016,-0.0920914547971338,0.03768675788605915,descriptive_reference_not_treatment_CI
revision896_f2c6b9696988_iterative_gpt-6-luna_us_japanese_s0,degree_preserving_rewire,age_assortativity,20,20,20,0.5314651915295384,-0.039046977054267296,0.5705121685838057,-0.15229330646023098,0.06093479586597697,descriptive_reference_not_treatment_CI
revision896_f2c6b9696988_iterative_gpt-6-luna_us_japanese_s0,equal_weight_demographic_similarity,density,1,1,1,0.17142857142857143,0.17142857142857143,0.0,,,descriptive_reference_not_treatment_CI
revision896_f2c6b9696988_iterative_gpt-6-luna_us_japanese_s0,equal_weight_demographic_similarity,avg_clustering_coef,1,1,1,0.5608881118881118,0.5837005217005218,-0.02281240981240995,,,descriptive_reference_not_treatment_CI
revision896_f2c6b9696988_iterative_gpt-6-luna_us_japanese_s0,equal_weight_demographic_similarity,prop_nodes_lcc,1,1,1,0.98,1.0,-0.020000000000000018,,,descriptive_reference_not_treatment_CI
revision896_f2c6b9696988_iterative_gpt-6-luna_us_japanese_s0,equal_weight_demographic_similarity,global_efficiency,1,1,1,0.4648843537414987,0.47821768707483164,-0.01333333333333292,,,descriptive_reference_not_treatment_CI
revision896_f2c6b9696988_iterative_gpt-6-luna_us_japanese_s0,equal_weight_demographic_similarity,num_components,1,1,1,2.0,1.0,1.0,,,descriptive_reference_not_treatment_CI
revision896_f2c6b9696988_iterative_gpt-6-luna_us_japanese_s0,equal_weight_demographic_similarity,modularity,1,1,1,0.5099206349206349,0.5719614512471655,-0.06204081632653058,,,descriptive_reference_not_treatment_CI
revision896_f2c6b9696988_iterative_gpt-6-luna_us_japanese_s0,equal_weight_demographic_similarity,radius_lcc,1,1,1,3.0,4.0,-1.0,,,descriptive_reference_not_treatment_CI
revision896_f2c6b9696988_iterative_gpt-6-luna_us_japanese_s0,equal_weight_demographic_similarity,diameter_lcc,1,1,1,6.0,5.0,1.0,,,descriptive_reference_not_treatment_CI
revision896_f2c6b9696988_iterative_gpt-6-luna_us_japanese_s0,equal_weight_demographic_similarity,avg_shortest_path_lcc,1,1,1,2.5799319727891157,2.590204081632653,-0.010272108843537353,,,descriptive_reference_not_treatment_CI
revision896_f2c6b9696988_iterative_gpt-6-luna_us_japanese_s0,equal_weight_demographic_similarity,degree_one_share,1,1,1,0.0,0.0,0.0,,,descriptive_reference_not_treatment_CI
revision896_f2c6b9696988_iterative_gpt-6-luna_us_japanese_s0,equal_weight_demographic_similarity,isolate_share,1,1,1,0.02,0.0,0.02,,,descriptive_reference_not_treatment_CI
revision896_f2c6b9696988_iterative_gpt-6-luna_us_japanese_s0,equal_weight_demographic_similarity,degree_gini,1,1,1,0.23914285714285713,0.18666666666666668,0.052476190476190454,,,descriptive_reference_not_treatment_CI
revision896_f2c6b9696988_iterative_gpt-6-luna_us_japanese_s0,equal_weight_demographic_similarity,coleman_gender,1,1,1,0.2582505175983437,0.7302576335812986,-0.47200711598295486,,,descriptive_reference_not_treatment_CI
revision896_f2c6b9696988_iterative_gpt-6-luna_us_japanese_s0,equal_weight_demographic_similarity,coleman_religion,1,1,1,0.18599983090050287,0.34486910183082714,-0.15886927093032427,,,descriptive_reference_not_treatment_CI
revision896_f2c6b9696988_iterative_gpt-6-luna_us_japanese_s0,equal_weight_demographic_similarity,coleman_political orientation,1,1,1,0.6541488154139967,0.7692215279069741,-0.11507271249297735,,,descriptive_reference_not_treatment_CI
revision896_f2c6b9696988_iterative_gpt-6-luna_us_japanese_s0,equal_weight_demographic_similarity,age_assortativity,1,1,1,0.5314651915295384,0.21239073584997165,0.31907445567956677,,,descriptive_reference_not_treatment_CI
revision896_f2c6b9696988_iterative_gpt-6-luna_us_japanese_s0,uniform_edge_count,density,20,20,20,0.17142857142857143,0.1714285714285714,2.7755575615628914e-17,0.17142857142857143,0.17142857142857143,descriptive_reference_not_treatment_CI
revision896_f2c6b9696988_iterative_gpt-6-luna_us_japanese_s0,uniform_edge_count,avg_clustering_coef,20,20,20,0.5608881118881118,0.17025645906381198,0.39063165282429985,0.14775964035964037,0.20098391861406562,descriptive_reference_not_treatment_CI
revision896_f2c6b9696988_iterative_gpt-6-luna_us_japanese_s0,uniform_edge_count,prop_nodes_lcc,20,20,20,0.98,1.0,-0.020000000000000018,1.0,1.0,descriptive_reference_not_treatment_CI
revision896_f2c6b9696988_iterative_gpt-6-luna_us_japanese_s0,uniform_edge_count,global_efficiency,20,20,20,0.4648843537414987,0.5523163265306106,-0.08743197278911186,0.5477346938775496,0.5557857142857139,descriptive_reference_not_treatment_CI
revision896_f2c6b9696988_iterative_gpt-6-luna_us_japanese_s0,uniform_edge_count,num_components,20,20,20,2.0,1.0,1.0,1.0,1.0,descriptive_reference_not_treatment_CI
revision896_f2c6b9696988_iterative_gpt-6-luna_us_japanese_s0,uniform_edge_count,modularity,20,20,20,0.5099206349206349,0.2484285714285714,0.2614920634920635,0.2269044784580499,0.26871513605442177,descriptive_reference_not_treatment_CI
revision896_f2c6b9696988_iterative_gpt-6-luna_us_japanese_s0,uniform_edge_count,radius_lcc,20,20,20,3.0,2.8,0.20000000000000018,2.0,3.0,descriptive_reference_not_treatment_CI
revision896_f2c6b9696988_iterative_gpt-6-luna_us_japanese_s0,uniform_edge_count,diameter_lcc,20,20,20,6.0,3.75,2.25,3.0,4.0,descriptive_reference_not_treatment_CI
revision896_f2c6b9696988_iterative_gpt-6-luna_us_japanese_s0,uniform_edge_count,avg_shortest_path_lcc,20,20,20,2.5799319727891157,2.0298775510204083,0.5500544217687073,2.0085510204081634,2.057265306122449,descriptive_reference_not_treatment_CI
revision896_f2c6b9696988_iterative_gpt-6-luna_us_japanese_s0,uniform_edge_count,degree_one_share,20,20,20,0.0,0.0,0.0,0.0,0.0,descriptive_reference_not_treatment_CI
revision896_f2c6b9696988_iterative_gpt-6-luna_us_japanese_s0,uniform_edge_count,isolate_share,20,20,20,0.02,0.0,0.02,0.0,0.0,descriptive_reference_not_treatment_CI
revision896_f2c6b9696988_iterative_gpt-6-luna_us_japanese_s0,uniform_edge_count,degree_gini,20,20,20,0.23914285714285713,0.17512380952380951,0.06401904761904761,0.15839285714285714,0.19052619047619046,descriptive_reference_not_treatment_CI
revision896_f2c6b9696988_iterative_gpt-6-luna_us_japanese_s0,uniform_edge_count,coleman_gender,20,20,20,0.2582505175983437,-0.00395868775423317,0.2622092053525769,-0.06939262002398564,0.08406198940329204,descriptive_reference_not_treatment_CI
revision896_f2c6b9696988_iterative_gpt-6-luna_us_japanese_s0,uniform_edge_count,coleman_religion,20,20,20,0.18599983090050287,-0.027175304166471174,0.21317513506697405,-0.08828881885546329,0.03359759213021217,descriptive_reference_not_treatment_CI
revision896_f2c6b9696988_iterative_gpt-6-luna_us_japanese_s0,uniform_edge_count,coleman_political orientation,20,20,20,0.6541488154139967,-0.034831095080774976,0.6889799104947717,-0.12284133274278579,0.04300980222642116,descriptive_reference_not_treatment_CI
revision896_f2c6b9696988_iterative_gpt-6-luna_us_japanese_s0,uniform_edge_count,age_assortativity,20,20,20,0.5314651915295384,-0.03861012502052417,0.5700753165500626,-0.12814585675859988,0.05654090294257997,descriptive_reference_not_treatment_CI
revision896_f2c6b9696988_iterative_gpt-6-luna_us_japanese_s1,degree_preserving_rewire,density,20,20,20,0.15836734693877552,0.15836734693877555,-2.7755575615628914e-17,0.15836734693877552,0.15836734693877552,descriptive_reference_not_treatment_CI
revision896_f2c6b9696988_iterative_gpt-6-luna_us_japanese_s1,degree_preserving_rewire,avg_clustering_coef,20,20,20,0.5129663310545666,0.17535483356512765,0.3376114974894389,0.1522855854113207,0.19706068784157021,descriptive_reference_not_treatment_CI
revision896_f2c6b9696988_iterative_gpt-6-luna_us_japanese_s1,degree_preserving_rewire,prop_nodes_lcc,20,20,20,0.96,0.998,-0.038000000000000034,0.979,1.0,descriptive_reference_not_treatment_CI
revision896_f2c6b9696988_iterative_gpt-6-luna_us_japanese_s1,degree_preserving_rewire,global_efficiency,20,20,20,0.4638367346938801,0.528195918367343,-0.06435918367346294,0.5128187074829909,0.5320908163265264,descriptive_reference_not_treatment_CI
revision896_f2c6b9696988_iterative_gpt-6-luna_us_japanese_s1,degree_preserving_rewire,num_components,20,20,20,2.0,1.05,0.95,1.0,1.5249999999999986,descriptive_reference_not_treatment_CI
revision896_f2c6b9696988_iterative_gpt-6-luna_us_japanese_s1,degree_preserving_rewire,modularity,20,20,20,0.5088080561164843,0.25089409076416197,0.2579139653523223,0.2308587522584759,0.27795993198001906,descriptive_reference_not_treatment_CI
revision896_f2c6b9696988_iterative_gpt-6-luna_us_japanese_s1,degree_preserving_rewire,radius_lcc,20,20,20,3.0,3.0,0.0,3.0,3.0,descriptive_reference_not_treatment_CI
revision896_f2c6b9696988_iterative_gpt-6-luna_us_japanese_s1,degree_preserving_rewire,diameter_lcc,20,20,20,5.0,4.6,0.40000000000000036,4.0,5.0,descriptive_reference_not_treatment_CI
revision896_f2c6b9696988_iterative_gpt-6-luna_us_japanese_s1,degree_preserving_rewire,avg_shortest_path_lcc,20,20,20,2.37322695035461,2.151528549717759,0.22169840063685076,2.0977232414242293,2.2023061224489795,descriptive_reference_not_treatment_CI
revision896_f2c6b9696988_iterative_gpt-6-luna_us_japanese_s1,degree_preserving_rewire,degree_one_share,20,20,20,0.06,0.06000000000000001,-1.3877787807814457e-17,0.06,0.06,descriptive_reference_not_treatment_CI
revision896_f2c6b9696988_iterative_gpt-6-luna_us_japanese_s1,degree_preserving_rewire,isolate_share,20,20,20,0.0,0.0,0.0,0.0,0.0,descriptive_reference_not_treatment_CI
revision896_f2c6b9696988_iterative_gpt-6-luna_us_japanese_s1,degree_preserving_rewire,degree_gini,20,20,20,0.2538144329896907,0.25381443298969064,5.551115123125783e-17,0.2538144329896907,0.2538144329896907,descriptive_reference_not_treatment_CI
revision896_f2c6b9696988_iterative_gpt-6-luna_us_japanese_s1,degree_preserving_rewire,coleman_gender,20,20,20,0.3671950688636343,-0.017730325006715043,0.38492539387034935,-0.1201490038622913,0.08134941695147585,descriptive_reference_not_treatment_CI
revision896_f2c6b9696988_iterative_gpt-6-luna_us_japanese_s1,degree_preserving_rewire,coleman_religion,20,20,20,0.29904863902605155,-0.025590678749251868,0.3246393177753034,-0.08180798337632002,0.01945159706815399,descriptive_reference_not_treatment_CI
revision896_f2c6b9696988_iterative_gpt-6-luna_us_japanese_s1,degree_preserving_rewire,coleman_political orientation,20,20,20,0.6956579608776344,-0.03883192903550395,0.7344898899131383,-0.09121483671125696,0.0546484051918447,descriptive_reference_not_treatment_CI
revision896_f2c6b9696988_iterative_gpt-6-luna_us_japanese_s1,degree_preserving_rewire,age_assortativity,20,20,20,0.4021118128659042,0.010280939703034137,0.3918308731628701,-0.11549764308483207,0.11308876860082707,descriptive_reference_not_treatment_CI
revision896_f2c6b9696988_iterative_gpt-6-luna_us_japanese_s1,equal_weight_demographic_similarity,density,1,1,1,0.15836734693877552,0.15836734693877552,0.0,,,descriptive_reference_not_treatment_CI
revision896_f2c6b9696988_iterative_gpt-6-luna_us_japanese_s1,equal_weight_demographic_similarity,avg_clustering_coef,1,1,1,0.5129663310545666,0.5579349539349541,-0.0449686228803875,,,descriptive_reference_not_treatment_CI
revision896_f2c6b9696988_iterative_gpt-6-luna_us_japanese_s1,equal_weight_demographic_similarity,prop_nodes_lcc,1,1,1,0.96,1.0,-0.040000000000000036,,,descriptive_reference_not_treatment_CI
revision896_f2c6b9696988_iterative_gpt-6-luna_us_japanese_s1,equal_weight_demographic_similarity,global_efficiency,1,1,1,0.4638367346938801,0.4645034013605461,-0.0006666666666659826,,,descriptive_reference_not_treatment_CI
revision896_f2c6b9696988_iterative_gpt-6-luna_us_japanese_s1,equal_weight_demographic_similarity,num_components,1,1,1,2.0,1.0,1.0,,,descriptive_reference_not_treatment_CI
revision896_f2c6b9696988_iterative_gpt-6-luna_us_japanese_s1,equal_weight_demographic_similarity,modularity,1,1,1,0.5088080561164843,0.57654904878308,-0.06774099266659572,,,descriptive_reference_not_treatment_CI
revision896_f2c6b9696988_iterative_gpt-6-luna_us_japanese_s1,equal_weight_demographic_similarity,radius_lcc,1,1,1,3.0,4.0,-1.0,,,descriptive_reference_not_treatment_CI
revision896_f2c6b9696988_iterative_gpt-6-luna_us_japanese_s1,equal_weight_demographic_similarity,diameter_lcc,1,1,1,5.0,5.0,0.0,,,descriptive_reference_not_treatment_CI
revision896_f2c6b9696988_iterative_gpt-6-luna_us_japanese_s1,equal_weight_demographic_similarity,avg_shortest_path_lcc,1,1,1,2.37322695035461,2.6653061224489796,-0.2920791720943696,,,descriptive_reference_not_treatment_CI
revision896_f2c6b9696988_iterative_gpt-6-luna_us_japanese_s1,equal_weight_demographic_similarity,degree_one_share,1,1,1,0.06,0.0,0.06,,,descriptive_reference_not_treatment_CI
revision896_f2c6b9696988_iterative_gpt-6-luna_us_japanese_s1,equal_weight_demographic_similarity,isolate_share,1,1,1,0.0,0.0,0.0,,,descriptive_reference_not_treatment_CI
revision896_f2c6b9696988_iterative_gpt-6-luna_us_japanese_s1,equal_weight_demographic_similarity,degree_gini,1,1,1,0.2538144329896907,0.1931958762886598,0.06061855670103089,,,descriptive_reference_not_treatment_CI
revision896_f2c6b9696988_iterative_gpt-6-luna_us_japanese_s1,equal_weight_demographic_similarity,coleman_gender,1,1,1,0.3671950688636343,0.7187437437437438,-0.35154867488010955,,,descriptive_reference_not_treatment_CI
revision896_f2c6b9696988_iterative_gpt-6-luna_us_japanese_s1,equal_weight_demographic_similarity,coleman_religion,1,1,1,0.29904863902605155,0.3826554853603656,-0.08360684633431403,,,descriptive_reference_not_treatment_CI
revision896_f2c6b9696988_iterative_gpt-6-luna_us_japanese_s1,equal_weight_demographic_similarity,coleman_political orientation,1,1,1,0.6956579608776344,0.7572321084516208,-0.06157414757398638,,,descriptive_reference_not_treatment_CI
revision896_f2c6b9696988_iterative_gpt-6-luna_us_japanese_s1,equal_weight_demographic_similarity,age_assortativity,1,1,1,0.4021118128659042,0.3342176474326645,0.06789416543323967,,,descriptive_reference_not_treatment_CI
revision896_f2c6b9696988_iterative_gpt-6-luna_us_japanese_s1,uniform_edge_count,density,20,20,20,0.15836734693877552,0.15836734693877555,-2.7755575615628914e-17,0.15836734693877552,0.15836734693877552,descriptive_reference_not_treatment_CI
revision896_f2c6b9696988_iterative_gpt-6-luna_us_japanese_s1,uniform_edge_count,avg_clustering_coef,20,20,20,0.5129663310545666,0.1558185761950468,0.3571477548595198,0.1285202380952381,0.19676323398823395,descriptive_reference_not_treatment_CI
revision896_f2c6b9696988_iterative_gpt-6-luna_us_japanese_s1,uniform_edge_count,prop_nodes_lcc,20,20,20,0.96,1.0,-0.040000000000000036,1.0,1.0,descriptive_reference_not_treatment_CI
revision896_f2c6b9696988_iterative_gpt-6-luna_us_japanese_s1,uniform_edge_count,global_efficiency,20,20,20,0.4638367346938801,0.5385340136054407,-0.07469727891156064,0.534542517006802,0.5412380952380931,descriptive_reference_not_treatment_CI
revision896_f2c6b9696988_iterative_gpt-6-luna_us_japanese_s1,uniform_edge_count,num_components,20,20,20,2.0,1.0,1.0,1.0,1.0,descriptive_reference_not_treatment_CI
revision896_f2c6b9696988_iterative_gpt-6-luna_us_japanese_s1,uniform_edge_count,modularity,20,20,20,0.5088080561164843,0.26461167499202887,0.2441963811244554,0.24735691890742906,0.29069939685407586,descriptive_reference_not_treatment_CI
revision896_f2c6b9696988_iterative_gpt-6-luna_us_japanese_s1,uniform_edge_count,radius_lcc,20,20,20,3.0,2.95,0.04999999999999982,2.475,3.0,descriptive_reference_not_treatment_CI
revision896_f2c6b9696988_iterative_gpt-6-luna_us_japanese_s1,uniform_edge_count,diameter_lcc,20,20,20,5.0,3.75,1.25,3.0,4.0,descriptive_reference_not_treatment_CI
revision896_f2c6b9696988_iterative_gpt-6-luna_us_japanese_s1,uniform_edge_count,avg_shortest_path_lcc,20,20,20,2.37322695035461,2.08669387755102,0.28653307280358975,2.0693061224489795,2.1129387755102043,descriptive_reference_not_treatment_CI
revision896_f2c6b9696988_iterative_gpt-6-luna_us_japanese_s1,uniform_edge_count,degree_one_share,20,20,20,0.06,0.003,0.056999999999999995,0.0,0.02,descriptive_reference_not_treatment_CI
revision896_f2c6b9696988_iterative_gpt-6-luna_us_japanese_s1,uniform_edge_count,isolate_share,20,20,20,0.0,0.0,0.0,0.0,0.0,descriptive_reference_not_treatment_CI
revision896_f2c6b9696988_iterative_gpt-6-luna_us_japanese_s1,uniform_edge_count,degree_gini,20,20,20,0.2538144329896907,0.1774381443298969,0.07637628865979379,0.13975257731958762,0.2033298969072165,descriptive_reference_not_treatment_CI
revision896_f2c6b9696988_iterative_gpt-6-luna_us_japanese_s1,uniform_edge_count,coleman_gender,20,20,20,0.3671950688636343,3.678032015594288e-05,0.3671582885434784,-0.08340941751855797,0.0649086068673537,descriptive_reference_not_treatment_CI
revision896_f2c6b9696988_iterative_gpt-6-luna_us_japanese_s1,uniform_edge_count,coleman_religion,20,20,20,0.29904863902605155,-0.033241601593004044,0.3322902406190556,-0.1122863664199847,0.013726690368184807,descriptive_reference_not_treatment_CI
revision896_f2c6b9696988_iterative_gpt-6-luna_us_japanese_s1,uniform_edge_count,coleman_political orientation,20,20,20,0.6956579608776344,-0.026550320204841903,0.7222082810824764,-0.09789717543695291,0.04781349181082195,descriptive_reference_not_treatment_CI
revision896_f2c6b9696988_iterative_gpt-6-luna_us_japanese_s1,uniform_edge_count,age_assortativity,20,20,20,0.4021118128659042,0.004271268617591451,0.3978405442483127,-0.09879924962307643,0.0865923056343798,descriptive_reference_not_treatment_CI
revision896_f2c6b9696988_iterative_gpt-6-luna_us_portuguese_s0,degree_preserving_rewire,density,20,20,20,0.1853061224489796,0.1853061224489796,0.0,0.1853061224489796,0.1853061224489796,descriptive_reference_not_treatment_CI
revision896_f2c6b9696988_iterative_gpt-6-luna_us_portuguese_s0,degree_preserving_rewire,avg_clustering_coef,20,20,20,0.5893205160852221,0.22602872633902046,0.3632917897462016,0.20064844306020774,0.2581580545271721,descriptive_reference_not_treatment_CI
revision896_f2c6b9696988_iterative_gpt-6-luna_us_portuguese_s0,degree_preserving_rewire,prop_nodes_lcc,20,20,20,0.96,0.9600000000000002,-2.220446049250313e-16,0.96,0.96,descriptive_reference_not_treatment_CI
revision896_f2c6b9696988_iterative_gpt-6-luna_us_portuguese_s0,degree_preserving_rewire,global_efficiency,20,20,20,0.46544217687075085,0.5222408163265296,-0.05679863945577879,0.5182574829931962,0.5248282312925159,descriptive_reference_not_treatment_CI
revision896_f2c6b9696988_iterative_gpt-6-luna_us_portuguese_s0,degree_preserving_rewire,num_components,20,20,20,3.0,3.0,0.0,3.0,3.0,descriptive_reference_not_treatment_CI
revision896_f2c6b9696988_iterative_gpt-6-luna_us_portuguese_s0,degree_preserving_rewire,modularity,20,20,20,0.4967979196180791,0.2174794775757341,0.279318442042345,0.2012083001804809,0.23591691086572608,descriptive_reference_not_treatment_CI
revision896_f2c6b9696988_iterative_gpt-6-luna_us_portuguese_s0,degree_preserving_rewire,radius_lcc,20,20,20,3.0,2.8,0.20000000000000018,2.0,3.0,descriptive_reference_not_treatment_CI
revision896_f2c6b9696988_iterative_gpt-6-luna_us_portuguese_s0,degree_preserving_rewire,diameter_lcc,20,20,20,5.0,4.2,0.7999999999999998,4.0,5.0,descriptive_reference_not_treatment_CI
revision896_f2c6b9696988_iterative_gpt-6-luna_us_portuguese_s0,degree_preserving_rewire,avg_shortest_path_lcc,20,20,20,2.470744680851064,2.006870567375887,0.46387411347517693,1.9864804964539007,2.043351063829787,descriptive_reference_not_treatment_CI
revision896_f2c6b9696988_iterative_gpt-6-luna_us_portuguese_s0,degree_preserving_rewire,degree_one_share,20,20,20,0.06,0.06000000000000001,-1.3877787807814457e-17,0.06,0.06,descriptive_reference_not_treatment_CI
revision896_f2c6b9696988_iterative_gpt-6-luna_us_portuguese_s0,degree_preserving_rewire,isolate_share,20,20,20,0.04,0.04000000000000001,-6.938893903907228e-18,0.04,0.04,descriptive_reference_not_treatment_CI
revision896_f2c6b9696988_iterative_gpt-6-luna_us_portuguese_s0,degree_preserving_rewire,degree_gini,20,20,20,0.27215859030837003,0.2721585903083701,-5.551115123125783e-17,0.27215859030837003,0.27215859030837003,descriptive_reference_not_treatment_CI
revision896_f2c6b9696988_iterative_gpt-6-luna_us_portuguese_s0,degree_preserving_rewire,coleman_gender,20,20,20,0.14727555164164763,-0.000650139778385905,0.14792569142003353,-0.06191329255726457,0.08519325364765469,descriptive_reference_not_treatment_CI
revision896_f2c6b9696988_iterative_gpt-6-luna_us_portuguese_s0,degree_preserving_rewire,coleman_religion,20,20,20,0.17398089965421062,-0.029797131980162272,0.20377803163437289,-0.06556287294694553,0.0214721922173991,descriptive_reference_not_treatment_CI
revision896_f2c6b9696988_iterative_gpt-6-luna_us_portuguese_s0,degree_preserving_rewire,coleman_political orientation,20,20,20,0.5279995336353209,-0.040450642856419576,0.5684501764917405,-0.08845029671905338,0.029329119473536492,descriptive_reference_not_treatment_CI
revision896_f2c6b9696988_iterative_gpt-6-luna_us_portuguese_s0,degree_preserving_rewire,age_assortativity,20,20,20,0.6458913737349398,-0.04045166429945377,0.6863430380343936,-0.12737507665054174,0.05076604682365525,descriptive_reference_not_treatment_CI
revision896_f2c6b9696988_iterative_gpt-6-luna_us_portuguese_s0,equal_weight_demographic_similarity,density,1,1,1,0.1853061224489796,0.1853061224489796,0.0,,,descriptive_reference_not_treatment_CI
revision896_f2c6b9696988_iterative_gpt-6-luna_us_portuguese_s0,equal_weight_demographic_similarity,avg_clustering_coef,1,1,1,0.5893205160852221,0.6012713952713952,-0.011950879186173102,,,descriptive_reference_not_treatment_CI
revision896_f2c6b9696988_iterative_gpt-6-luna_us_portuguese_s0,equal_weight_demographic_similarity,prop_nodes_lcc,1,1,1,0.96,1.0,-0.040000000000000036,,,descriptive_reference_not_treatment_CI
revision896_f2c6b9696988_iterative_gpt-6-luna_us_portuguese_s0,equal_weight_demographic_similarity,global_efficiency,1,1,1,0.46544217687075085,0.4924489795918375,-0.02700680272108663,,,descriptive_reference_not_treatment_CI
revision896_f2c6b9696988_iterative_gpt-6-luna_us_portuguese_s0,equal_weight_demographic_similarity,num_components,1,1,1,3.0,1.0,2.0,,,descriptive_reference_not_treatment_CI
revision896_f2c6b9696988_iterative_gpt-6-luna_us_portuguese_s0,equal_weight_demographic_similarity,modularity,1,1,1,0.4967979196180791,0.5562401754351918,-0.059442255817112655,,,descriptive_reference_not_treatment_CI
revision896_f2c6b9696988_iterative_gpt-6-luna_us_portuguese_s0,equal_weight_demographic_similarity,radius_lcc,1,1,1,3.0,3.0,0.0,,,descriptive_reference_not_treatment_CI
revision896_f2c6b9696988_iterative_gpt-6-luna_us_portuguese_s0,equal_weight_demographic_similarity,diameter_lcc,1,1,1,5.0,5.0,0.0,,,descriptive_reference_not_treatment_CI
revision896_f2c6b9696988_iterative_gpt-6-luna_us_portuguese_s0,equal_weight_demographic_similarity,avg_shortest_path_lcc,1,1,1,2.470744680851064,2.513469387755102,-0.04272470690403818,,,descriptive_reference_not_treatment_CI
revision896_f2c6b9696988_iterative_gpt-6-luna_us_portuguese_s0,equal_weight_demographic_similarity,degree_one_share,1,1,1,0.06,0.0,0.06,,,descriptive_reference_not_treatment_CI
revision896_f2c6b9696988_iterative_gpt-6-luna_us_portuguese_s0,equal_weight_demographic_similarity,isolate_share,1,1,1,0.04,0.0,0.04,,,descriptive_reference_not_treatment_CI
revision896_f2c6b9696988_iterative_gpt-6-luna_us_portuguese_s0,equal_weight_demographic_similarity,degree_gini,1,1,1,0.27215859030837003,0.17533039647577092,0.09682819383259911,,,descriptive_reference_not_treatment_CI
revision896_f2c6b9696988_iterative_gpt-6-luna_us_portuguese_s0,equal_weight_demographic_similarity,coleman_gender,1,1,1,0.14727555164164763,0.7199713506558448,-0.5726957990141972,,,descriptive_reference_not_treatment_CI
revision896_f2c6b9696988_iterative_gpt-6-luna_us_portuguese_s0,equal_weight_demographic_similarity,coleman_religion,1,1,1,0.17398089965421062,0.3405690286724769,-0.16658812901826628,,,descriptive_reference_not_treatment_CI
revision896_f2c6b9696988_iterative_gpt-6-luna_us_portuguese_s0,equal_weight_demographic_similarity,coleman_political orientation,1,1,1,0.5279995336353209,0.7666533619054443,-0.23865382827012338,,,descriptive_reference_not_treatment_CI
revision896_f2c6b9696988_iterative_gpt-6-luna_us_portuguese_s0,equal_weight_demographic_similarity,age_assortativity,1,1,1,0.6458913737349398,0.058646589273113565,0.5872447844618262,,,descriptive_reference_not_treatment_CI
revision896_f2c6b9696988_iterative_gpt-6-luna_us_portuguese_s0,uniform_edge_count,density,20,20,20,0.1853061224489796,0.1853061224489796,0.0,0.1853061224489796,0.1853061224489796,descriptive_reference_not_treatment_CI
revision896_f2c6b9696988_iterative_gpt-6-luna_us_portuguese_s0,uniform_edge_count,avg_clustering_coef,20,20,20,0.5893205160852221,0.1901177061500591,0.399202809935163,0.16354494949494952,0.2243326281561575,descriptive_reference_not_treatment_CI
revision896_f2c6b9696988_iterative_gpt-6-luna_us_portuguese_s0,uniform_edge_count,prop_nodes_lcc,20,20,20,0.96,1.0,-0.040000000000000036,1.0,1.0,descriptive_reference_not_treatment_CI
revision896_f2c6b9696988_iterative_gpt-6-luna_us_portuguese_s0,uniform_edge_count,global_efficiency,20,20,20,0.46544217687075085,0.5670102040816312,-0.10156802721088032,0.5641156462585016,0.5711190476190464,descriptive_reference_not_treatment_CI
revision896_f2c6b9696988_iterative_gpt-6-luna_us_portuguese_s0,uniform_edge_count,num_components,20,20,20,3.0,1.0,2.0,1.0,1.0,descriptive_reference_not_treatment_CI
revision896_f2c6b9696988_iterative_gpt-6-luna_us_portuguese_s0,uniform_edge_count,modularity,20,20,20,0.4967979196180791,0.2419006772885172,0.2548972423295619,0.22183964369578296,0.264601243959712,descriptive_reference_not_treatment_CI
revision896_f2c6b9696988_iterative_gpt-6-luna_us_portuguese_s0,uniform_edge_count,radius_lcc,20,20,20,3.0,2.5,0.5,2.0,3.0,descriptive_reference_not_treatment_CI
revision896_f2c6b9696988_iterative_gpt-6-luna_us_portuguese_s0,uniform_edge_count,diameter_lcc,20,20,20,5.0,3.3,1.7000000000000002,3.0,4.0,descriptive_reference_not_treatment_CI
revision896_f2c6b9696988_iterative_gpt-6-luna_us_portuguese_s0,uniform_edge_count,avg_shortest_path_lcc,20,20,20,2.470744680851064,1.9688979591836735,0.5018467216673903,1.9438979591836734,1.9874897959183675,descriptive_reference_not_treatment_CI
revision896_f2c6b9696988_iterative_gpt-6-luna_us_portuguese_s0,uniform_edge_count,degree_one_share,20,20,20,0.06,0.001,0.059,0.0,0.010499999999999971,descriptive_reference_not_treatment_CI
revision896_f2c6b9696988_iterative_gpt-6-luna_us_portuguese_s0,uniform_edge_count,isolate_share,20,20,20,0.04,0.0,0.04,0.0,0.0,descriptive_reference_not_treatment_CI
revision896_f2c6b9696988_iterative_gpt-6-luna_us_portuguese_s0,uniform_edge_count,degree_gini,20,20,20,0.27215859030837003,0.16375770925110134,0.1084008810572687,0.13570044052863436,0.18386563876651982,descriptive_reference_not_treatment_CI
revision896_f2c6b9696988_iterative_gpt-6-luna_us_portuguese_s0,uniform_edge_count,coleman_gender,20,20,20,0.14727555164164763,-0.02795261930489954,0.17522817094654716,-0.10798435174384301,0.045307603422773846,descriptive_reference_not_treatment_CI
revision896_f2c6b9696988_iterative_gpt-6-luna_us_portuguese_s0,uniform_edge_count,coleman_religion,20,20,20,0.17398089965421062,-0.01618940068629618,0.1901703003405068,-0.07054169866557793,0.06947860486643195,descriptive_reference_not_treatment_CI
revision896_f2c6b9696988_iterative_gpt-6-luna_us_portuguese_s0,uniform_edge_count,coleman_political orientation,20,20,20,0.5279995336353209,-0.020310703542167814,0.5483102371774887,-0.059802949978600875,0.04870733054473632,descriptive_reference_not_treatment_CI
revision896_f2c6b9696988_iterative_gpt-6-luna_us_portuguese_s0,uniform_edge_count,age_assortativity,20,20,20,0.6458913737349398,-0.008616664987601084,0.6545080387225408,-0.09313449310402447,0.10119795451449053,descriptive_reference_not_treatment_CI
revision896_f2c6b9696988_iterative_gpt-6-luna_us_portuguese_s1,degree_preserving_rewire,density,20,20,20,0.16244897959183674,0.16244897959183677,-2.7755575615628914e-17,0.16244897959183674,0.16244897959183674,descriptive_reference_not_treatment_CI
revision896_f2c6b9696988_iterative_gpt-6-luna_us_portuguese_s1,degree_preserving_rewire,avg_clustering_coef,20,20,20,0.5459090324879798,0.19932984062720904,0.3465791918607708,0.16780572556098874,0.23691654193759454,descriptive_reference_not_treatment_CI
revision896_f2c6b9696988_iterative_gpt-6-luna_us_portuguese_s1,degree_preserving_rewire,prop_nodes_lcc,20,20,20,0.96,0.9600000000000002,-2.220446049250313e-16,0.96,0.96,descriptive_reference_not_treatment_CI
revision896_f2c6b9696988_iterative_gpt-6-luna_us_portuguese_s1,degree_preserving_rewire,global_efficiency,20,20,20,0.4546394557823164,0.5022421768707463,-0.047602721088429945,0.497238435374149,0.5049479591836712,descriptive_reference_not_treatment_CI
revision896_f2c6b9696988_iterative_gpt-6-luna_us_portuguese_s1,degree_preserving_rewire,num_components,20,20,20,3.0,3.0,0.0,3.0,3.0,descriptive_reference_not_treatment_CI
revision896_f2c6b9696988_iterative_gpt-6-luna_us_portuguese_s1,degree_preserving_rewire,modularity,20,20,20,0.504532713820358,0.2331184818565188,0.27141423196383924,0.21603210777505616,0.25635621575212747,descriptive_reference_not_treatment_CI
revision896_f2c6b9696988_iterative_gpt-6-luna_us_portuguese_s1,degree_preserving_rewire,radius_lcc,20,20,20,3.0,2.95,0.04999999999999982,2.475,3.0,descriptive_reference_not_treatment_CI
revision896_f2c6b9696988_iterative_gpt-6-luna_us_portuguese_s1,degree_preserving_rewire,diameter_lcc,20,20,20,6.0,4.35,1.6500000000000004,4.0,5.0,descriptive_reference_not_treatment_CI
revision896_f2c6b9696988_iterative_gpt-6-luna_us_portuguese_s1,degree_preserving_rewire,avg_shortest_path_lcc,20,20,20,2.477836879432624,2.0927304964539006,0.38510638297872335,2.071343085106383,2.1416223404255317,descriptive_reference_not_treatment_CI
revision896_f2c6b9696988_iterative_gpt-6-luna_us_portuguese_s1,degree_preserving_rewire,degree_one_share,20,20,20,0.08,0.08000000000000002,-1.3877787807814457e-17,0.08,0.08,descriptive_reference_not_treatment_CI
revision896_f2c6b9696988_iterative_gpt-6-luna_us_portuguese_s1,degree_preserving_rewire,isolate_share,20,20,20,0.04,0.04000000000000001,-6.938893903907228e-18,0.04,0.04,descriptive_reference_not_treatment_CI
revision896_f2c6b9696988_iterative_gpt-6-luna_us_portuguese_s1,degree_preserving_rewire,degree_gini,20,20,20,0.29889447236180905,0.29889447236180905,0.0,0.29889447236180905,0.29889447236180905,descriptive_reference_not_treatment_CI
revision896_f2c6b9696988_iterative_gpt-6-luna_us_portuguese_s1,degree_preserving_rewire,coleman_gender,20,20,20,0.2732870141063691,-0.04470340029666149,0.31799041440303055,-0.11528087612629306,0.0318669180228982,descriptive_reference_not_treatment_CI
revision896_f2c6b9696988_iterative_gpt-6-luna_us_portuguese_s1,degree_preserving_rewire,coleman_religion,20,20,20,0.15072406257188864,-0.029309265446040823,0.18003332801792946,-0.07564970083425701,-0.0024506310081491523,descriptive_reference_not_treatment_CI
revision896_f2c6b9696988_iterative_gpt-6-luna_us_portuguese_s1,degree_preserving_rewire,coleman_political orientation,20,20,20,0.6761808203654818,-0.023532811360063806,0.6997136317255456,-0.09307473092804447,0.08804064221264514,descriptive_reference_not_treatment_CI
revision896_f2c6b9696988_iterative_gpt-6-luna_us_portuguese_s1,degree_preserving_rewire,age_assortativity,20,20,20,0.5344506173302973,-0.01934337480702352,0.5537939921373208,-0.133858954339857,0.08971442026336582,descriptive_reference_not_treatment_CI
revision896_f2c6b9696988_iterative_gpt-6-luna_us_portuguese_s1,equal_weight_demographic_similarity,density,1,1,1,0.16244897959183674,0.16244897959183674,0.0,,,descriptive_reference_not_treatment_CI
revision896_f2c6b9696988_iterative_gpt-6-luna_us_portuguese_s1,equal_weight_demographic_similarity,avg_clustering_coef,1,1,1,0.5459090324879798,0.5652753912753914,-0.019366358787411553,,,descriptive_reference_not_treatment_CI
revision896_f2c6b9696988_iterative_gpt-6-luna_us_portuguese_s1,equal_weight_demographic_similarity,prop_nodes_lcc,1,1,1,0.96,1.0,-0.040000000000000036,,,descriptive_reference_not_treatment_CI
revision896_f2c6b9696988_iterative_gpt-6-luna_us_portuguese_s1,equal_weight_demographic_similarity,global_efficiency,1,1,1,0.4546394557823164,0.4694829931972807,-0.014843537414964303,,,descriptive_reference_not_treatment_CI
revision896_f2c6b9696988_iterative_gpt-6-luna_us_portuguese_s1,equal_weight_demographic_similarity,num_components,1,1,1,3.0,1.0,2.0,,,descriptive_reference_not_treatment_CI
revision896_f2c6b9696988_iterative_gpt-6-luna_us_portuguese_s1,equal_weight_demographic_similarity,modularity,1,1,1,0.504532713820358,0.5750233579960102,-0.0704906441756522,,,descriptive_reference_not_treatment_CI
revision896_f2c6b9696988_iterative_gpt-6-luna_us_portuguese_s1,equal_weight_demographic_similarity,radius_lcc,1,1,1,3.0,4.0,-1.0,,,descriptive_reference_not_treatment_CI
revision896_f2c6b9696988_iterative_gpt-6-luna_us_portuguese_s1,equal_weight_demographic_similarity,diameter_lcc,1,1,1,6.0,5.0,1.0,,,descriptive_reference_not_treatment_CI
revision896_f2c6b9696988_iterative_gpt-6-luna_us_portuguese_s1,equal_weight_demographic_similarity,avg_shortest_path_lcc,1,1,1,2.477836879432624,2.635918367346939,-0.15808148791431487,,,descriptive_reference_not_treatment_CI
revision896_f2c6b9696988_iterative_gpt-6-luna_us_portuguese_s1,equal_weight_demographic_similarity,degree_one_share,1,1,1,0.08,0.0,0.08,,,descriptive_reference_not_treatment_CI
revision896_f2c6b9696988_iterative_gpt-6-luna_us_portuguese_s1,equal_weight_demographic_similarity,isolate_share,1,1,1,0.04,0.0,0.04,,,descriptive_reference_not_treatment_CI
revision896_f2c6b9696988_iterative_gpt-6-luna_us_portuguese_s1,equal_weight_demographic_similarity,degree_gini,1,1,1,0.29889447236180905,0.19165829145728644,0.10723618090452261,,,descriptive_reference_not_treatment_CI
revision896_f2c6b9696988_iterative_gpt-6-luna_us_portuguese_s1,equal_weight_demographic_similarity,coleman_gender,1,1,1,0.2732870141063691,0.7251831501831502,-0.4518961360767811,,,descriptive_reference_not_treatment_CI
revision896_f2c6b9696988_iterative_gpt-6-luna_us_portuguese_s1,equal_weight_demographic_similarity,coleman_religion,1,1,1,0.15072406257188864,0.3657790916102936,-0.21505502903840495,,,descriptive_reference_not_treatment_CI
revision896_f2c6b9696988_iterative_gpt-6-luna_us_portuguese_s1,equal_weight_demographic_similarity,coleman_political orientation,1,1,1,0.6761808203654818,0.7644749013170067,-0.08829408095152491,,,descriptive_reference_not_treatment_CI
revision896_f2c6b9696988_iterative_gpt-6-luna_us_portuguese_s1,equal_weight_demographic_similarity,age_assortativity,1,1,1,0.5344506173302973,0.3007070503268596,0.23374356700343768,,,descriptive_reference_not_treatment_CI
revision896_f2c6b9696988_iterative_gpt-6-luna_us_portuguese_s1,uniform_edge_count,density,20,20,20,0.16244897959183674,0.16244897959183677,-2.7755575615628914e-17,0.16244897959183674,0.16244897959183674,descriptive_reference_not_treatment_CI
revision896_f2c6b9696988_iterative_gpt-6-luna_us_portuguese_s1,uniform_edge_count,avg_clustering_coef,20,20,20,0.5459090324879798,0.16302629151893863,0.3828827409690412,0.12689367854367856,0.18633439656748474,descriptive_reference_not_treatment_CI
revision896_f2c6b9696988_iterative_gpt-6-luna_us_portuguese_s1,uniform_edge_count,prop_nodes_lcc,20,20,20,0.96,1.0,-0.040000000000000036,1.0,1.0,descriptive_reference_not_treatment_CI
revision896_f2c6b9696988_iterative_gpt-6-luna_us_portuguese_s1,uniform_edge_count,global_efficiency,20,20,20,0.4546394557823164,0.5429149659863929,-0.08827551020407648,0.5397891156462571,0.5473605442176863,descriptive_reference_not_treatment_CI
revision896_f2c6b9696988_iterative_gpt-6-luna_us_portuguese_s1,uniform_edge_count,num_components,20,20,20,3.0,1.0,2.0,1.0,1.0,descriptive_reference_not_treatment_CI
revision896_f2c6b9696988_iterative_gpt-6-luna_us_portuguese_s1,uniform_edge_count,modularity,20,20,20,0.504532713820358,0.2616272316355648,0.24290548218479324,0.23564682710032575,0.2906627989192192,descriptive_reference_not_treatment_CI
revision896_f2c6b9696988_iterative_gpt-6-luna_us_portuguese_s1,uniform_edge_count,radius_lcc,20,20,20,3.0,2.95,0.04999999999999982,2.475,3.0,descriptive_reference_not_treatment_CI
revision896_f2c6b9696988_iterative_gpt-6-luna_us_portuguese_s1,uniform_edge_count,diameter_lcc,20,20,20,6.0,3.85,2.15,3.0,4.0,descriptive_reference_not_treatment_CI
revision896_f2c6b9696988_iterative_gpt-6-luna_us_portuguese_s1,uniform_edge_count,avg_shortest_path_lcc,20,20,20,2.477836879432624,2.0686938775510204,0.4091430018816036,2.040734693877551,2.0886734693877553,descriptive_reference_not_treatment_CI
revision896_f2c6b9696988_iterative_gpt-6-luna_us_portuguese_s1,uniform_edge_count,degree_one_share,20,20,20,0.08,0.003,0.077,0.0,0.02,descriptive_reference_not_treatment_CI
revision896_f2c6b9696988_iterative_gpt-6-luna_us_portuguese_s1,uniform_edge_count,isolate_share,20,20,20,0.04,0.0,0.04,0.0,0.0,descriptive_reference_not_treatment_CI
revision896_f2c6b9696988_iterative_gpt-6-luna_us_portuguese_s1,uniform_edge_count,degree_gini,20,20,20,0.29889447236180905,0.17901507537688444,0.11987939698492461,0.14429145728643217,0.20984422110552764,descriptive_reference_not_treatment_CI
revision896_f2c6b9696988_iterative_gpt-6-luna_us_portuguese_s1,uniform_edge_count,coleman_gender,20,20,20,0.2732870141063691,-0.009514825482802192,0.28280183958917127,-0.1308234703292953,0.07933587937273483,descriptive_reference_not_treatment_CI
revision896_f2c6b9696988_iterative_gpt-6-luna_us_portuguese_s1,uniform_edge_count,coleman_religion,20,20,20,0.15072406257188864,-0.028325225576564993,0.17904928814845364,-0.0916914343247434,0.024921828186932986,descriptive_reference_not_treatment_CI
revision896_f2c6b9696988_iterative_gpt-6-luna_us_portuguese_s1,uniform_edge_count,coleman_political orientation,20,20,20,0.6761808203654818,-0.01298724658039852,0.6891680669458803,-0.06826787212781675,0.029439776963561537,descriptive_reference_not_treatment_CI
revision896_f2c6b9696988_iterative_gpt-6-luna_us_portuguese_s1,uniform_edge_count,age_assortativity,20,20,20,0.5344506173302973,-0.0036912882375064724,0.5381419055678037,-0.09378319394910532,0.08652142400829269,descriptive_reference_not_treatment_CI
revision896_f2c6b9696988_iterative_gpt-6-sol_us_english_s0,degree_preserving_rewire,density,20,20,20,0.17061224489795918,0.17061224489795915,2.7755575615628914e-17,0.17061224489795918,0.17061224489795918,descriptive_reference_not_treatment_CI
revision896_f2c6b9696988_iterative_gpt-6-sol_us_english_s0,degree_preserving_rewire,avg_clustering_coef,20,20,20,0.7161490731490734,0.1896544233544233,0.5264946497946501,0.16743332500832497,0.21721706626706624,descriptive_reference_not_treatment_CI
revision896_f2c6b9696988_iterative_gpt-6-sol_us_english_s0,degree_preserving_rewire,prop_nodes_lcc,20,20,20,0.94,0.9400000000000001,-1.1102230246251565e-16,0.94,0.94,descriptive_reference_not_treatment_CI
revision896_f2c6b9696988_iterative_gpt-6-sol_us_english_s0,degree_preserving_rewire,global_efficiency,20,20,20,0.40968707482993666,0.504061224489796,-0.0943741496598593,0.5013571428571431,0.5063945578231291,descriptive_reference_not_treatment_CI
revision896_f2c6b9696988_iterative_gpt-6-sol_us_english_s0,degree_preserving_rewire,num_components,20,20,20,4.0,4.0,0.0,4.0,4.0,descriptive_reference_not_treatment_CI
revision896_f2c6b9696988_iterative_gpt-6-sol_us_english_s0,degree_preserving_rewire,modularity,20,20,20,0.6164350632998329,0.2419610356905748,0.3744740276092581,0.21751447997985393,0.2547271697076532,descriptive_reference_not_treatment_CI
revision896_f2c6b9696988_iterative_gpt-6-sol_us_english_s0,degree_preserving_rewire,radius_lcc,20,20,20,4.0,2.4,1.6,2.0,3.0,descriptive_reference_not_treatment_CI
revision896_f2c6b9696988_iterative_gpt-6-sol_us_english_s0,degree_preserving_rewire,diameter_lcc,20,20,20,6.0,3.45,2.55,3.0,4.0,descriptive_reference_not_treatment_CI
revision896_f2c6b9696988_iterative_gpt-6-sol_us_english_s0,degree_preserving_rewire,avg_shortest_path_lcc,20,20,20,2.833487511563367,1.9597132284921372,0.8737742830712298,1.9435707678075855,1.9787696577243292,descriptive_reference_not_treatment_CI
revision896_f2c6b9696988_iterative_gpt-6-sol_us_english_s0,degree_preserving_rewire,degree_one_share,20,20,20,0.0,0.0,0.0,0.0,0.0,descriptive_reference_not_treatment_CI
revision896_f2c6b9696988_iterative_gpt-6-sol_us_english_s0,degree_preserving_rewire,isolate_share,20,20,20,0.06,0.06000000000000001,-1.3877787807814457e-17,0.06,0.06,descriptive_reference_not_treatment_CI
revision896_f2c6b9696988_iterative_gpt-6-sol_us_english_s0,degree_preserving_rewire,degree_gini,20,20,20,0.22717703349282298,0.22717703349282298,0.0,0.22717703349282298,0.22717703349282298,descriptive_reference_not_treatment_CI
revision896_f2c6b9696988_iterative_gpt-6-sol_us_english_s0,degree_preserving_rewire,coleman_gender,20,20,20,-0.003983979634237307,-0.026814524810986458,0.02283054517674915,-0.11026007228906234,0.052406487280625885,descriptive_reference_not_treatment_CI
revision896_f2c6b9696988_iterative_gpt-6-sol_us_english_s0,degree_preserving_rewire,coleman_religion,20,20,20,0.18104179467314935,-0.01816230713159895,0.1992041018047483,-0.08273244625635899,0.04060051577866737,descriptive_reference_not_treatment_CI
revision896_f2c6b9696988_iterative_gpt-6-sol_us_english_s0,degree_preserving_rewire,coleman_political orientation,20,20,20,0.6112152654627232,0.005004727665654437,0.6062105377970688,-0.07953878372722843,0.06569778402784263,descriptive_reference_not_treatment_CI
revision896_f2c6b9696988_iterative_gpt-6-sol_us_english_s0,degree_preserving_rewire,age_assortativity,20,20,20,0.8060163176331807,-0.03753637967934526,0.843552697312526,-0.1302347644834328,0.033147798247722265,descriptive_reference_not_treatment_CI
revision896_f2c6b9696988_iterative_gpt-6-sol_us_english_s0,equal_weight_demographic_similarity,density,1,1,1,0.17061224489795918,0.17061224489795918,0.0,,,descriptive_reference_not_treatment_CI
revision896_f2c6b9696988_iterative_gpt-6-sol_us_english_s0,equal_weight_demographic_similarity,avg_clustering_coef,1,1,1,0.7161490731490734,0.5836832056832058,0.13246586746586764,,,descriptive_reference_not_treatment_CI
revision896_f2c6b9696988_iterative_gpt-6-sol_us_english_s0,equal_weight_demographic_similarity,prop_nodes_lcc,1,1,1,0.94,1.0,-0.06000000000000005,,,descriptive_reference_not_treatment_CI
revision896_f2c6b9696988_iterative_gpt-6-sol_us_english_s0,equal_weight_demographic_similarity,global_efficiency,1,1,1,0.40968707482993666,0.4775374149659883,-0.06785034013605162,,,descriptive_reference_not_treatment_CI
revision896_f2c6b9696988_iterative_gpt-6-sol_us_english_s0,equal_weight_demographic_similarity,num_components,1,1,1,4.0,1.0,3.0,,,descriptive_reference_not_treatment_CI
revision896_f2c6b9696988_iterative_gpt-6-sol_us_english_s0,equal_weight_demographic_similarity,modularity,1,1,1,0.6164350632998329,0.5759712460795312,0.04046381722030168,,,descriptive_reference_not_treatment_CI
revision896_f2c6b9696988_iterative_gpt-6-sol_us_english_s0,equal_weight_demographic_similarity,radius_lcc,1,1,1,4.0,4.0,0.0,,,descriptive_reference_not_treatment_CI
revision896_f2c6b9696988_iterative_gpt-6-sol_us_english_s0,equal_weight_demographic_similarity,diameter_lcc,1,1,1,6.0,5.0,1.0,,,descriptive_reference_not_treatment_CI
revision896_f2c6b9696988_iterative_gpt-6-sol_us_english_s0,equal_weight_demographic_similarity,avg_shortest_path_lcc,1,1,1,2.833487511563367,2.59265306122449,0.2408344503388773,,,descriptive_reference_not_treatment_CI
revision896_f2c6b9696988_iterative_gpt-6-sol_us_english_s0,equal_weight_demographic_similarity,degree_one_share,1,1,1,0.0,0.0,0.0,,,descriptive_reference_not_treatment_CI
revision896_f2c6b9696988_iterative_gpt-6-sol_us_english_s0,equal_weight_demographic_similarity,isolate_share,1,1,1,0.06,0.0,0.06,,,descriptive_reference_not_treatment_CI
revision896_f2c6b9696988_iterative_gpt-6-sol_us_english_s0,equal_weight_demographic_similarity,degree_gini,1,1,1,0.22717703349282298,0.18889952153110048,0.038277511961722493,,,descriptive_reference_not_treatment_CI
revision896_f2c6b9696988_iterative_gpt-6-sol_us_english_s0,equal_weight_demographic_similarity,coleman_gender,1,1,1,-0.003983979634237307,0.7362015018773467,-0.740185481511584,,,descriptive_reference_not_treatment_CI
revision896_f2c6b9696988_iterative_gpt-6-sol_us_english_s0,equal_weight_demographic_similarity,coleman_religion,1,1,1,0.18104179467314935,0.3418848370451516,-0.16084304237200225,,,descriptive_reference_not_treatment_CI
revision896_f2c6b9696988_iterative_gpt-6-sol_us_english_s0,equal_weight_demographic_similarity,coleman_political orientation,1,1,1,0.6112152654627232,0.7679777013110348,-0.15676243584831162,,,descriptive_reference_not_treatment_CI
revision896_f2c6b9696988_iterative_gpt-6-sol_us_english_s0,equal_weight_demographic_similarity,age_assortativity,1,1,1,0.8060163176331807,0.2203356531483906,0.5856806644847901,,,descriptive_reference_not_treatment_CI
revision896_f2c6b9696988_iterative_gpt-6-sol_us_english_s0,uniform_edge_count,density,20,20,20,0.17061224489795918,0.17061224489795915,2.7755575615628914e-17,0.17061224489795918,0.17061224489795918,descriptive_reference_not_treatment_CI
revision896_f2c6b9696988_iterative_gpt-6-sol_us_english_s0,uniform_edge_count,avg_clustering_coef,20,20,20,0.7161490731490734,0.1682395269762917,0.5479095461727816,0.1512023781773782,0.18916023976023974,descriptive_reference_not_treatment_CI
revision896_f2c6b9696988_iterative_gpt-6-sol_us_english_s0,uniform_edge_count,prop_nodes_lcc,20,20,20,0.94,1.0,-0.06000000000000005,1.0,1.0,descriptive_reference_not_treatment_CI
revision896_f2c6b9696988_iterative_gpt-6-sol_us_english_s0,uniform_edge_count,global_efficiency,20,20,20,0.40968707482993666,0.5526292517006788,-0.14294217687074212,0.5487585034013591,0.5561530612244882,descriptive_reference_not_treatment_CI
revision896_f2c6b9696988_iterative_gpt-6-sol_us_english_s0,uniform_edge_count,num_components,20,20,20,4.0,1.0,3.0,1.0,1.0,descriptive_reference_not_treatment_CI
revision896_f2c6b9696988_iterative_gpt-6-sol_us_english_s0,uniform_edge_count,modularity,20,20,20,0.6164350632998329,0.25596769762597005,0.36046736567386284,0.24373469013987775,0.27488095510633914,descriptive_reference_not_treatment_CI
revision896_f2c6b9696988_iterative_gpt-6-sol_us_english_s0,uniform_edge_count,radius_lcc,20,20,20,4.0,2.75,1.25,2.0,3.0,descriptive_reference_not_treatment_CI
revision896_f2c6b9696988_iterative_gpt-6-sol_us_english_s0,uniform_edge_count,diameter_lcc,20,20,20,6.0,3.5,2.5,3.0,4.0,descriptive_reference_not_treatment_CI
revision896_f2c6b9696988_iterative_gpt-6-sol_us_english_s0,uniform_edge_count,avg_shortest_path_lcc,20,20,20,2.833487511563367,2.025959183673469,0.8075283278898979,2.0043061224489795,2.049061224489796,descriptive_reference_not_treatment_CI
revision896_f2c6b9696988_iterative_gpt-6-sol_us_english_s0,uniform_edge_count,degree_one_share,20,20,20,0.0,0.001,-0.001,0.0,0.010499999999999971,descriptive_reference_not_treatment_CI
revision896_f2c6b9696988_iterative_gpt-6-sol_us_english_s0,uniform_edge_count,isolate_share,20,20,20,0.06,0.0,0.06,0.0,0.0,descriptive_reference_not_treatment_CI
revision896_f2c6b9696988_iterative_gpt-6-sol_us_english_s0,uniform_edge_count,degree_gini,20,20,20,0.22717703349282298,0.17079425837320578,0.0563827751196172,0.14949282296650718,0.19851435406698564,descriptive_reference_not_treatment_CI
revision896_f2c6b9696988_iterative_gpt-6-sol_us_english_s0,uniform_edge_count,coleman_gender,20,20,20,-0.003983979634237307,-0.015777660330767867,0.01179368069653056,-0.09455043584690861,0.07360332315684986,descriptive_reference_not_treatment_CI
revision896_f2c6b9696988_iterative_gpt-6-sol_us_english_s0,uniform_edge_count,coleman_religion,20,20,20,0.18104179467314935,-0.018115192815279752,0.1991569874884291,-0.06051703807860113,0.037209124756063944,descriptive_reference_not_treatment_CI
revision896_f2c6b9696988_iterative_gpt-6-sol_us_english_s0,uniform_edge_count,coleman_political orientation,20,20,20,0.6112152654627232,-0.008998591268084105,0.6202138567308073,-0.10694825399886784,0.06157169428821423,descriptive_reference_not_treatment_CI
revision896_f2c6b9696988_iterative_gpt-6-sol_us_english_s0,uniform_edge_count,age_assortativity,20,20,20,0.8060163176331807,-0.046020897293752056,0.8520372149269327,-0.15583311215187928,0.07444965870531817,descriptive_reference_not_treatment_CI
revision896_f2c6b9696988_local_gpt-4.1_us_english_s0,degree_preserving_rewire,density,20,20,20,0.17224489795918368,0.17224489795918366,2.7755575615628914e-17,0.17224489795918368,0.17224489795918368,descriptive_reference_not_treatment_CI
revision896_f2c6b9696988_local_gpt-4.1_us_english_s0,degree_preserving_rewire,avg_clustering_coef,20,20,20,0.6538313222724988,0.21345141802641798,0.44037990424608087,0.17518042104953874,0.25099700985289214,descriptive_reference_not_treatment_CI
revision896_f2c6b9696988_local_gpt-4.1_us_english_s0,degree_preserving_rewire,prop_nodes_lcc,20,20,20,1.0,1.0,0.0,1.0,1.0,descriptive_reference_not_treatment_CI
revision896_f2c6b9696988_local_gpt-4.1_us_english_s0,degree_preserving_rewire,global_efficiency,20,20,20,0.4776870748299339,0.5469020408163254,-0.06921496598639154,0.5420840136054412,0.5502891156462569,descriptive_reference_not_treatment_CI
revision896_f2c6b9696988_local_gpt-4.1_us_english_s0,degree_preserving_rewire,num_components,20,20,20,1.0,1.0,0.0,1.0,1.0,descriptive_reference_not_treatment_CI
revision896_f2c6b9696988_local_gpt-4.1_us_english_s0,degree_preserving_rewire,modularity,20,20,20,0.5763684553356843,0.24004683183216907,0.3363216235035152,0.22647261966263108,0.2659486534444419,descriptive_reference_not_treatment_CI
revision896_f2c6b9696988_local_gpt-4.1_us_english_s0,degree_preserving_rewire,radius_lcc,20,20,20,3.0,2.8,0.20000000000000018,2.0,3.0,descriptive_reference_not_treatment_CI
revision896_f2c6b9696988_local_gpt-4.1_us_english_s0,degree_preserving_rewire,diameter_lcc,20,20,20,5.0,4.15,0.8499999999999996,4.0,5.0,descriptive_reference_not_treatment_CI
revision896_f2c6b9696988_local_gpt-4.1_us_english_s0,degree_preserving_rewire,avg_shortest_path_lcc,20,20,20,2.593469387755102,2.0697142857142854,0.5237551020408167,2.0459795918367347,2.105469387755102,descriptive_reference_not_treatment_CI
revision896_f2c6b9696988_local_gpt-4.1_us_english_s0,degree_preserving_rewire,degree_one_share,20,20,20,0.04,0.04000000000000001,-6.938893903907228e-18,0.04,0.04,descriptive_reference_not_treatment_CI
revision896_f2c6b9696988_local_gpt-4.1_us_english_s0,degree_preserving_rewire,isolate_share,20,20,20,0.0,0.0,0.0,0.0,0.0,descriptive_reference_not_treatment_CI
revision896_f2c6b9696988_local_gpt-4.1_us_english_s0,degree_preserving_rewire,degree_gini,20,20,20,0.2700473933649289,0.2700473933649289,0.0,0.2700473933649289,0.2700473933649289,descriptive_reference_not_treatment_CI
revision896_f2c6b9696988_local_gpt-4.1_us_english_s0,degree_preserving_rewire,coleman_gender,20,20,20,0.05583986940447261,-0.026694174818395876,0.08253404422286849,-0.07833998480861801,0.051496445552324195,descriptive_reference_not_treatment_CI
revision896_f2c6b9696988_local_gpt-4.1_us_english_s0,degree_preserving_rewire,coleman_religion,20,20,20,0.21855869310356923,-0.022353675043192297,0.24091236814676154,-0.07742070038922617,0.02686711654364763,descriptive_reference_not_treatment_CI
revision896_f2c6b9696988_local_gpt-4.1_us_english_s0,degree_preserving_rewire,coleman_political orientation,20,20,20,0.8780819846063153,-0.02811795910915547,0.9061999437154707,-0.07975998157973653,0.042355826867547616,descriptive_reference_not_treatment_CI
revision896_f2c6b9696988_local_gpt-4.1_us_english_s0,degree_preserving_rewire,age_assortativity,20,20,20,0.2177975532507469,-0.0004457042709536764,0.21824325752170057,-0.0877325298125779,0.06482177175671949,descriptive_reference_not_treatment_CI
revision896_f2c6b9696988_local_gpt-4.1_us_english_s0,equal_weight_demographic_similarity,density,1,1,1,0.17224489795918368,0.17224489795918368,0.0,,,descriptive_reference_not_treatment_CI
revision896_f2c6b9696988_local_gpt-4.1_us_english_s0,equal_weight_demographic_similarity,avg_clustering_coef,1,1,1,0.6538313222724988,0.5873181263181264,0.06651319595437244,,,descriptive_reference_not_treatment_CI
revision896_f2c6b9696988_local_gpt-4.1_us_english_s0,equal_weight_demographic_similarity,prop_nodes_lcc,1,1,1,1.0,1.0,0.0,,,descriptive_reference_not_treatment_CI
revision896_f2c6b9696988_local_gpt-4.1_us_english_s0,equal_weight_demographic_similarity,global_efficiency,1,1,1,0.4776870748299339,0.47910204081632807,-0.0014149659863941788,,,descriptive_reference_not_treatment_CI
revision896_f2c6b9696988_local_gpt-4.1_us_english_s0,equal_weight_demographic_similarity,num_components,1,1,1,1.0,1.0,0.0,,,descriptive_reference_not_treatment_CI
revision896_f2c6b9696988_local_gpt-4.1_us_english_s0,equal_weight_demographic_similarity,modularity,1,1,1,0.5763684553356843,0.572415264706543,0.003953190629141234,,,descriptive_reference_not_treatment_CI
revision896_f2c6b9696988_local_gpt-4.1_us_english_s0,equal_weight_demographic_similarity,radius_lcc,1,1,1,3.0,4.0,-1.0,,,descriptive_reference_not_treatment_CI
revision896_f2c6b9696988_local_gpt-4.1_us_english_s0,equal_weight_demographic_similarity,diameter_lcc,1,1,1,5.0,5.0,0.0,,,descriptive_reference_not_treatment_CI
revision896_f2c6b9696988_local_gpt-4.1_us_english_s0,equal_weight_demographic_similarity,avg_shortest_path_lcc,1,1,1,2.593469387755102,2.5853061224489795,0.008163265306122547,,,descriptive_reference_not_treatment_CI
revision896_f2c6b9696988_local_gpt-4.1_us_english_s0,equal_weight_demographic_similarity,degree_one_share,1,1,1,0.04,0.0,0.04,,,descriptive_reference_not_treatment_CI
revision896_f2c6b9696988_local_gpt-4.1_us_english_s0,equal_weight_demographic_similarity,isolate_share,1,1,1,0.0,0.0,0.0,,,descriptive_reference_not_treatment_CI
revision896_f2c6b9696988_local_gpt-4.1_us_english_s0,equal_weight_demographic_similarity,degree_gini,1,1,1,0.2700473933649289,0.18843601895734596,0.08161137440758293,,,descriptive_reference_not_treatment_CI
revision896_f2c6b9696988_local_gpt-4.1_us_english_s0,equal_weight_demographic_similarity,coleman_gender,1,1,1,0.05583986940447261,0.7313844068407156,-0.675544537436243,,,descriptive_reference_not_treatment_CI
revision896_f2c6b9696988_local_gpt-4.1_us_english_s0,equal_weight_demographic_similarity,coleman_religion,1,1,1,0.21855869310356923,0.3417110657459618,-0.12315237264239254,,,descriptive_reference_not_treatment_CI
revision896_f2c6b9696988_local_gpt-4.1_us_english_s0,equal_weight_demographic_similarity,coleman_political orientation,1,1,1,0.8780819846063153,0.7704308037641373,0.10765118084217795,,,descriptive_reference_not_treatment_CI
revision896_f2c6b9696988_local_gpt-4.1_us_english_s0,equal_weight_demographic_similarity,age_assortativity,1,1,1,0.2177975532507469,0.20408717902463666,0.013710374226110239,,,descriptive_reference_not_treatment_CI
revision896_f2c6b9696988_local_gpt-4.1_us_english_s0,uniform_edge_count,density,20,20,20,0.17224489795918368,0.17224489795918366,2.7755575615628914e-17,0.17224489795918368,0.17224489795918368,descriptive_reference_not_treatment_CI
revision896_f2c6b9696988_local_gpt-4.1_us_english_s0,uniform_edge_count,avg_clustering_coef,20,20,20,0.6538313222724988,0.17398222316898787,0.479849099103511,0.13645303862803868,0.19992870250664363,descriptive_reference_not_treatment_CI
revision896_f2c6b9696988_local_gpt-4.1_us_english_s0,uniform_edge_count,prop_nodes_lcc,20,20,20,1.0,1.0,0.0,1.0,1.0,descriptive_reference_not_treatment_CI
revision896_f2c6b9696988_local_gpt-4.1_us_english_s0,uniform_edge_count,global_efficiency,20,20,20,0.4776870748299339,0.5535952380952365,-0.07590816326530259,0.5501717687074816,0.5573707482993185,descriptive_reference_not_treatment_CI
revision896_f2c6b9696988_local_gpt-4.1_us_english_s0,uniform_edge_count,num_components,20,20,20,1.0,1.0,0.0,1.0,1.0,descriptive_reference_not_treatment_CI
revision896_f2c6b9696988_local_gpt-4.1_us_english_s0,uniform_edge_count,modularity,20,20,20,0.5763684553356843,0.2542137418296983,0.32215471350598596,0.2340684733047326,0.27075481233575166,descriptive_reference_not_treatment_CI
revision896_f2c6b9696988_local_gpt-4.1_us_english_s0,uniform_edge_count,radius_lcc,20,20,20,3.0,2.95,0.04999999999999982,2.475,3.0,descriptive_reference_not_treatment_CI
revision896_f2c6b9696988_local_gpt-4.1_us_english_s0,uniform_edge_count,diameter_lcc,20,20,20,5.0,3.25,1.75,3.0,4.0,descriptive_reference_not_treatment_CI
revision896_f2c6b9696988_local_gpt-4.1_us_english_s0,uniform_edge_count,avg_shortest_path_lcc,20,20,20,2.593469387755102,2.02334693877551,0.5701224489795922,2.000265306122449,2.046591836734694,descriptive_reference_not_treatment_CI
revision896_f2c6b9696988_local_gpt-4.1_us_english_s0,uniform_edge_count,degree_one_share,20,20,20,0.04,0.001,0.039,0.0,0.010499999999999971,descriptive_reference_not_treatment_CI
revision896_f2c6b9696988_local_gpt-4.1_us_english_s0,uniform_edge_count,isolate_share,20,20,20,0.0,0.0,0.0,0.0,0.0,descriptive_reference_not_treatment_CI
revision896_f2c6b9696988_local_gpt-4.1_us_english_s0,uniform_edge_count,degree_gini,20,20,20,0.2700473933649289,0.1685118483412322,0.10153554502369669,0.14086729857819905,0.19068483412322274,descriptive_reference_not_treatment_CI
revision896_f2c6b9696988_local_gpt-4.1_us_english_s0,uniform_edge_count,coleman_gender,20,20,20,0.05583986940447261,-0.027349085131266083,0.08318895453573869,-0.12040929987757665,0.024755873021564158,descriptive_reference_not_treatment_CI
revision896_f2c6b9696988_local_gpt-4.1_us_english_s0,uniform_edge_count,coleman_religion,20,20,20,0.21855869310356923,-0.019867114569698117,0.23842580767326735,-0.05767402776942459,0.028328919804472556,descriptive_reference_not_treatment_CI
revision896_f2c6b9696988_local_gpt-4.1_us_english_s0,uniform_edge_count,coleman_political orientation,20,20,20,0.8780819846063153,-0.019553694638639138,0.8976356792449544,-0.10432953852046581,0.028119388401149623,descriptive_reference_not_treatment_CI
revision896_f2c6b9696988_local_gpt-4.1_us_english_s0,uniform_edge_count,age_assortativity,20,20,20,0.2177975532507469,-0.046923739858444405,0.2647212931091913,-0.13441103384695793,0.05804303209707861,descriptive_reference_not_treatment_CI
revision896_f2c6b9696988_local_gpt-5.6-luna_us_english_s0,degree_preserving_rewire,density,20,20,20,0.17959183673469387,0.17959183673469387,0.0,0.17959183673469387,0.17959183673469387,descriptive_reference_not_treatment_CI
revision896_f2c6b9696988_local_gpt-5.6-luna_us_english_s0,degree_preserving_rewire,avg_clustering_coef,20,20,20,0.43508935508935515,0.2207749666999667,0.21431438838938843,0.2013532259407259,0.24307957459207455,descriptive_reference_not_treatment_CI
revision896_f2c6b9696988_local_gpt-5.6-luna_us_english_s0,degree_preserving_rewire,prop_nodes_lcc,20,20,20,1.0,1.0,0.0,1.0,1.0,descriptive_reference_not_treatment_CI
revision896_f2c6b9696988_local_gpt-5.6-luna_us_english_s0,degree_preserving_rewire,global_efficiency,20,20,20,0.5303401360544203,0.5554217687074813,-0.02508163265306096,0.5523435374149643,0.5580272108843516,descriptive_reference_not_treatment_CI
revision896_f2c6b9696988_local_gpt-5.6-luna_us_english_s0,degree_preserving_rewire,num_components,20,20,20,1.0,1.0,0.0,1.0,1.0,descriptive_reference_not_treatment_CI
revision896_f2c6b9696988_local_gpt-5.6-luna_us_english_s0,degree_preserving_rewire,modularity,20,20,20,0.40529958677685946,0.23024741735537185,0.1750521694214876,0.2135041322314049,0.24890831611570247,descriptive_reference_not_treatment_CI
revision896_f2c6b9696988_local_gpt-5.6-luna_us_english_s0,degree_preserving_rewire,radius_lcc,20,20,20,3.0,2.85,0.1499999999999999,2.0,3.0,descriptive_reference_not_treatment_CI
revision896_f2c6b9696988_local_gpt-5.6-luna_us_english_s0,degree_preserving_rewire,diameter_lcc,20,20,20,4.0,4.0,0.0,4.0,4.0,descriptive_reference_not_treatment_CI
revision896_f2c6b9696988_local_gpt-5.6-luna_us_english_s0,degree_preserving_rewire,avg_shortest_path_lcc,20,20,20,2.1877551020408164,2.028571428571429,0.15918367346938744,2.0118163265306124,2.0496938775510207,descriptive_reference_not_treatment_CI
revision896_f2c6b9696988_local_gpt-5.6-luna_us_english_s0,degree_preserving_rewire,degree_one_share,20,20,20,0.0,0.0,0.0,0.0,0.0,descriptive_reference_not_treatment_CI
revision896_f2c6b9696988_local_gpt-5.6-luna_us_english_s0,degree_preserving_rewire,isolate_share,20,20,20,0.0,0.0,0.0,0.0,0.0,descriptive_reference_not_treatment_CI
revision896_f2c6b9696988_local_gpt-5.6-luna_us_english_s0,degree_preserving_rewire,degree_gini,20,20,20,0.25281818181818183,0.2528181818181817,1.1102230246251565e-16,0.25281818181818183,0.25281818181818183,descriptive_reference_not_treatment_CI
revision896_f2c6b9696988_local_gpt-5.6-luna_us_english_s0,degree_preserving_rewire,coleman_gender,20,20,20,0.19188032900295932,-0.033384402618062047,0.22526473162102137,-0.10321623808644931,0.03349988135101632,descriptive_reference_not_treatment_CI
revision896_f2c6b9696988_local_gpt-5.6-luna_us_english_s0,degree_preserving_rewire,coleman_religion,20,20,20,0.2870003779246858,-0.02261350902130669,0.3096138869459925,-0.052691047039401945,0.01311624991538997,descriptive_reference_not_treatment_CI
revision896_f2c6b9696988_local_gpt-5.6-luna_us_english_s0,degree_preserving_rewire,coleman_political orientation,20,20,20,0.54759973362573,-0.019585916582286488,0.5671856502080165,-0.08471596225977741,0.07747780772976907,descriptive_reference_not_treatment_CI
revision896_f2c6b9696988_local_gpt-5.6-luna_us_english_s0,degree_preserving_rewire,age_assortativity,20,20,20,0.5220557699705215,-0.016441138224591523,0.538496908195113,-0.10206370507719396,0.0688121977761553,descriptive_reference_not_treatment_CI
revision896_f2c6b9696988_local_gpt-5.6-luna_us_english_s0,equal_weight_demographic_similarity,density,1,1,1,0.17959183673469387,0.17959183673469387,0.0,,,descriptive_reference_not_treatment_CI
revision896_f2c6b9696988_local_gpt-5.6-luna_us_english_s0,equal_weight_demographic_similarity,avg_clustering_coef,1,1,1,0.43508935508935515,0.5907203907203908,-0.1556310356310357,,,descriptive_reference_not_treatment_CI
revision896_f2c6b9696988_local_gpt-5.6-luna_us_english_s0,equal_weight_demographic_similarity,prop_nodes_lcc,1,1,1,1.0,1.0,0.0,,,descriptive_reference_not_treatment_CI
revision896_f2c6b9696988_local_gpt-5.6-luna_us_english_s0,equal_weight_demographic_similarity,global_efficiency,1,1,1,0.5303401360544203,0.48829931972789253,0.042040816326527786,,,descriptive_reference_not_treatment_CI
revision896_f2c6b9696988_local_gpt-5.6-luna_us_english_s0,equal_weight_demographic_similarity,num_components,1,1,1,1.0,1.0,0.0,,,descriptive_reference_not_treatment_CI
revision896_f2c6b9696988_local_gpt-5.6-luna_us_english_s0,equal_weight_demographic_similarity,modularity,1,1,1,0.40529958677685946,0.5610020661157025,-0.15570247933884301,,,descriptive_reference_not_treatment_CI
revision896_f2c6b9696988_local_gpt-5.6-luna_us_english_s0,equal_weight_demographic_similarity,radius_lcc,1,1,1,3.0,3.0,0.0,,,descriptive_reference_not_treatment_CI
revision896_f2c6b9696988_local_gpt-5.6-luna_us_english_s0,equal_weight_demographic_similarity,diameter_lcc,1,1,1,4.0,5.0,-1.0,,,descriptive_reference_not_treatment_CI
revision896_f2c6b9696988_local_gpt-5.6-luna_us_english_s0,equal_weight_demographic_similarity,avg_shortest_path_lcc,1,1,1,2.1877551020408164,2.5281632653061226,-0.3404081632653062,,,descriptive_reference_not_treatment_CI
revision896_f2c6b9696988_local_gpt-5.6-luna_us_english_s0,equal_weight_demographic_similarity,degree_one_share,1,1,1,0.0,0.0,0.0,,,descriptive_reference_not_treatment_CI
revision896_f2c6b9696988_local_gpt-5.6-luna_us_english_s0,equal_weight_demographic_similarity,isolate_share,1,1,1,0.0,0.0,0.0,,,descriptive_reference_not_treatment_CI
revision896_f2c6b9696988_local_gpt-5.6-luna_us_english_s0,equal_weight_demographic_similarity,degree_gini,1,1,1,0.25281818181818183,0.17981818181818182,0.07300000000000001,,,descriptive_reference_not_treatment_CI
revision896_f2c6b9696988_local_gpt-5.6-luna_us_english_s0,equal_weight_demographic_similarity,coleman_gender,1,1,1,0.19188032900295932,0.7195727233166644,-0.5276923943137051,,,descriptive_reference_not_treatment_CI
revision896_f2c6b9696988_local_gpt-5.6-luna_us_english_s0,equal_weight_demographic_similarity,coleman_religion,1,1,1,0.2870003779246858,0.3466354330848895,-0.059635055160203676,,,descriptive_reference_not_treatment_CI
revision896_f2c6b9696988_local_gpt-5.6-luna_us_english_s0,equal_weight_demographic_similarity,coleman_political orientation,1,1,1,0.54759973362573,0.7663158501412037,-0.21871611651547374,,,descriptive_reference_not_treatment_CI
revision896_f2c6b9696988_local_gpt-5.6-luna_us_english_s0,equal_weight_demographic_similarity,age_assortativity,1,1,1,0.5220557699705215,0.12560388650716992,0.3964518834633516,,,descriptive_reference_not_treatment_CI
revision896_f2c6b9696988_local_gpt-5.6-luna_us_english_s0,uniform_edge_count,density,20,20,20,0.17959183673469387,0.17959183673469387,0.0,0.17959183673469387,0.17959183673469387,descriptive_reference_not_treatment_CI
revision896_f2c6b9696988_local_gpt-5.6-luna_us_english_s0,uniform_edge_count,avg_clustering_coef,20,20,20,0.43508935508935515,0.18430233296115653,0.2507870221281986,0.15827614330114334,0.21928368078000435,descriptive_reference_not_treatment_CI
revision896_f2c6b9696988_local_gpt-5.6-luna_us_english_s0,uniform_edge_count,prop_nodes_lcc,20,20,20,1.0,1.0,0.0,1.0,1.0,descriptive_reference_not_treatment_CI
revision896_f2c6b9696988_local_gpt-5.6-luna_us_english_s0,uniform_edge_count,global_efficiency,20,20,20,0.5303401360544203,0.5620272108843524,-0.03168707482993205,0.5591207482993187,0.564324829931971,descriptive_reference_not_treatment_CI
revision896_f2c6b9696988_local_gpt-5.6-luna_us_english_s0,uniform_edge_count,num_components,20,20,20,1.0,1.0,0.0,1.0,1.0,descriptive_reference_not_treatment_CI
revision896_f2c6b9696988_local_gpt-5.6-luna_us_english_s0,uniform_edge_count,modularity,20,20,20,0.40529958677685946,0.25068646694214874,0.1546131198347107,0.23110382231404955,0.26791890495867765,descriptive_reference_not_treatment_CI
revision896_f2c6b9696988_local_gpt-5.6-luna_us_english_s0,uniform_edge_count,radius_lcc,20,20,20,3.0,2.7,0.2999999999999998,2.0,3.0,descriptive_reference_not_treatment_CI
revision896_f2c6b9696988_local_gpt-5.6-luna_us_english_s0,uniform_edge_count,diameter_lcc,20,20,20,4.0,3.4,0.6000000000000001,3.0,4.0,descriptive_reference_not_treatment_CI
revision896_f2c6b9696988_local_gpt-5.6-luna_us_english_s0,uniform_edge_count,avg_shortest_path_lcc,20,20,20,2.1877551020408164,1.9872244897959184,0.200530612244898,1.9734489795918366,2.0046734693877553,descriptive_reference_not_treatment_CI
revision896_f2c6b9696988_local_gpt-5.6-luna_us_english_s0,uniform_edge_count,degree_one_share,20,20,20,0.0,0.0,0.0,0.0,0.0,descriptive_reference_not_treatment_CI
revision896_f2c6b9696988_local_gpt-5.6-luna_us_english_s0,uniform_edge_count,isolate_share,20,20,20,0.0,0.0,0.0,0.0,0.0,descriptive_reference_not_treatment_CI
revision896_f2c6b9696988_local_gpt-5.6-luna_us_english_s0,uniform_edge_count,degree_gini,20,20,20,0.25281818181818183,0.16416818181818182,0.08865,0.137925,0.19241818181818182,descriptive_reference_not_treatment_CI
revision896_f2c6b9696988_local_gpt-5.6-luna_us_english_s0,uniform_edge_count,coleman_gender,20,20,20,0.19188032900295932,-0.029854356503949842,0.22173468550690917,-0.09697690660437325,0.05397117681438543,descriptive_reference_not_treatment_CI
revision896_f2c6b9696988_local_gpt-5.6-luna_us_english_s0,uniform_edge_count,coleman_religion,20,20,20,0.2870003779246858,-0.015700167788886422,0.30270054571357224,-0.05745529236948973,0.04294795543785315,descriptive_reference_not_treatment_CI
revision896_f2c6b9696988_local_gpt-5.6-luna_us_english_s0,uniform_edge_count,coleman_political orientation,20,20,20,0.54759973362573,-0.02082651903793368,0.5684262526636636,-0.10868087822811487,0.04423154536610692,descriptive_reference_not_treatment_CI
revision896_f2c6b9696988_local_gpt-5.6-luna_us_english_s0,uniform_edge_count,age_assortativity,20,20,20,0.5220557699705215,-0.0435122328281716,0.5655680027986931,-0.12421535237292856,0.05361767699963145,descriptive_reference_not_treatment_CI
revision896_f2c6b9696988_local_gpt-6-luna_brazil_english_s0,degree_preserving_rewire,density,20,20,20,0.17714285714285713,0.1771428571428571,2.7755575615628914e-17,0.17714285714285713,0.17714285714285713,descriptive_reference_not_treatment_CI
revision896_f2c6b9696988_local_gpt-6-luna_brazil_english_s0,degree_preserving_rewire,avg_clustering_coef,20,20,20,0.5023152958152959,0.1961737873237873,0.30614150849150856,0.17014915501165503,0.2262350233100232,descriptive_reference_not_treatment_CI
revision896_f2c6b9696988_local_gpt-6-luna_brazil_english_s0,degree_preserving_rewire,prop_nodes_lcc,20,20,20,1.0,1.0,0.0,1.0,1.0,descriptive_reference_not_treatment_CI
revision896_f2c6b9696988_local_gpt-6-luna_brazil_english_s0,degree_preserving_rewire,global_efficiency,20,20,20,0.5218639455782292,0.5562993197278892,-0.034435374149659914,0.5534931972789091,0.5593401360544198,descriptive_reference_not_treatment_CI
revision896_f2c6b9696988_local_gpt-6-luna_brazil_english_s0,degree_preserving_rewire,num_components,20,20,20,1.0,1.0,0.0,1.0,1.0,descriptive_reference_not_treatment_CI
revision896_f2c6b9696988_local_gpt-6-luna_brazil_english_s0,degree_preserving_rewire,modularity,20,20,20,0.4504979931618849,0.24211917857673765,0.20837881458514723,0.22785071885153646,0.2603588417677164,descriptive_reference_not_treatment_CI
revision896_f2c6b9696988_local_gpt-6-luna_brazil_english_s0,degree_preserving_rewire,radius_lcc,20,20,20,3.0,2.65,0.3500000000000001,2.0,3.0,descriptive_reference_not_treatment_CI
revision896_f2c6b9696988_local_gpt-6-luna_brazil_english_s0,degree_preserving_rewire,diameter_lcc,20,20,20,5.0,3.9,1.1,3.0,4.0,descriptive_reference_not_treatment_CI
revision896_f2c6b9696988_local_gpt-6-luna_brazil_english_s0,degree_preserving_rewire,avg_shortest_path_lcc,20,20,20,2.246530612244898,2.017755102040817,0.22877551020408093,1.9982448979591836,2.0353469387755103,descriptive_reference_not_treatment_CI
revision896_f2c6b9696988_local_gpt-6-luna_brazil_english_s0,degree_preserving_rewire,degree_one_share,20,20,20,0.0,0.0,0.0,0.0,0.0,descriptive_reference_not_treatment_CI
revision896_f2c6b9696988_local_gpt-6-luna_brazil_english_s0,degree_preserving_rewire,isolate_share,20,20,20,0.0,0.0,0.0,0.0,0.0,descriptive_reference_not_treatment_CI
revision896_f2c6b9696988_local_gpt-6-luna_brazil_english_s0,degree_preserving_rewire,degree_gini,20,20,20,0.21898617511520738,0.2189861751152074,-2.7755575615628914e-17,0.21898617511520738,0.21898617511520738,descriptive_reference_not_treatment_CI
revision896_f2c6b9696988_local_gpt-6-luna_brazil_english_s0,degree_preserving_rewire,coleman_gender,20,20,20,0.21063350074403336,-0.012289074177572233,0.2229225749216056,-0.07865687827860907,0.05910186773247801,descriptive_reference_not_treatment_CI
revision896_f2c6b9696988_local_gpt-6-luna_brazil_english_s0,degree_preserving_rewire,coleman_religion,20,20,20,0.312042065571621,-0.0145090078765885,0.3265510734482095,-0.05088355530847594,0.04758865876293815,descriptive_reference_not_treatment_CI
revision896_f2c6b9696988_local_gpt-6-luna_brazil_english_s0,degree_preserving_rewire,coleman_political orientation,20,20,20,0.47580003929928527,-0.020014594645062243,0.4958146339443475,-0.08365834154672772,0.06406712442911529,descriptive_reference_not_treatment_CI
revision896_f2c6b9696988_local_gpt-6-luna_brazil_english_s0,degree_preserving_rewire,age_assortativity,20,20,20,0.6323142711365761,-0.046639859840573686,0.6789541309771499,-0.16631754697086398,0.04744516604385746,descriptive_reference_not_treatment_CI
revision896_f2c6b9696988_local_gpt-6-luna_brazil_english_s0,equal_weight_demographic_similarity,density,1,1,1,0.17714285714285713,0.17714285714285713,0.0,,,descriptive_reference_not_treatment_CI
revision896_f2c6b9696988_local_gpt-6-luna_brazil_english_s0,equal_weight_demographic_similarity,avg_clustering_coef,1,1,1,0.5023152958152959,0.5959281829281832,-0.09361288711288729,,,descriptive_reference_not_treatment_CI
revision896_f2c6b9696988_local_gpt-6-luna_brazil_english_s0,equal_weight_demographic_similarity,prop_nodes_lcc,1,1,1,1.0,1.0,0.0,,,descriptive_reference_not_treatment_CI
revision896_f2c6b9696988_local_gpt-6-luna_brazil_english_s0,equal_weight_demographic_similarity,global_efficiency,1,1,1,0.5218639455782292,0.4829795918367363,0.03888435374149296,,,descriptive_reference_not_treatment_CI
revision896_f2c6b9696988_local_gpt-6-luna_brazil_english_s0,equal_weight_demographic_similarity,num_components,1,1,1,1.0,1.0,0.0,,,descriptive_reference_not_treatment_CI
revision896_f2c6b9696988_local_gpt-6-luna_brazil_english_s0,equal_weight_demographic_similarity,modularity,1,1,1,0.4504979931618849,0.5668415128798657,-0.11634351971798085,,,descriptive_reference_not_treatment_CI
revision896_f2c6b9696988_local_gpt-6-luna_brazil_english_s0,equal_weight_demographic_similarity,radius_lcc,1,1,1,3.0,4.0,-1.0,,,descriptive_reference_not_treatment_CI
revision896_f2c6b9696988_local_gpt-6-luna_brazil_english_s0,equal_weight_demographic_similarity,diameter_lcc,1,1,1,5.0,5.0,0.0,,,descriptive_reference_not_treatment_CI
revision896_f2c6b9696988_local_gpt-6-luna_brazil_english_s0,equal_weight_demographic_similarity,avg_shortest_path_lcc,1,1,1,2.246530612244898,2.568979591836735,-0.32244897959183705,,,descriptive_reference_not_treatment_CI
revision896_f2c6b9696988_local_gpt-6-luna_brazil_english_s0,equal_weight_demographic_similarity,degree_one_share,1,1,1,0.0,0.0,0.0,,,descriptive_reference_not_treatment_CI
revision896_f2c6b9696988_local_gpt-6-luna_brazil_english_s0,equal_weight_demographic_similarity,isolate_share,1,1,1,0.0,0.0,0.0,,,descriptive_reference_not_treatment_CI
revision896_f2c6b9696988_local_gpt-6-luna_brazil_english_s0,equal_weight_demographic_similarity,degree_gini,1,1,1,0.21898617511520738,0.18774193548387097,0.031244239631336407,,,descriptive_reference_not_treatment_CI
revision896_f2c6b9696988_local_gpt-6-luna_brazil_english_s0,equal_weight_demographic_similarity,coleman_gender,1,1,1,0.21063350074403336,0.7231665228645385,-0.5125330221205051,,,descriptive_reference_not_treatment_CI
revision896_f2c6b9696988_local_gpt-6-luna_brazil_english_s0,equal_weight_demographic_similarity,coleman_religion,1,1,1,0.312042065571621,0.337065002570046,-0.025022936998425005,,,descriptive_reference_not_treatment_CI
revision896_f2c6b9696988_local_gpt-6-luna_brazil_english_s0,equal_weight_demographic_similarity,coleman_political orientation,1,1,1,0.47580003929928527,0.7770025824233834,-0.3012025431240981,,,descriptive_reference_not_treatment_CI
revision896_f2c6b9696988_local_gpt-6-luna_brazil_english_s0,equal_weight_demographic_similarity,age_assortativity,1,1,1,0.6323142711365761,0.15214901199786746,0.48016525913870867,,,descriptive_reference_not_treatment_CI
revision896_f2c6b9696988_local_gpt-6-luna_brazil_english_s0,uniform_edge_count,density,20,20,20,0.17714285714285713,0.1771428571428571,2.7755575615628914e-17,0.17714285714285713,0.17714285714285713,descriptive_reference_not_treatment_CI
revision896_f2c6b9696988_local_gpt-6-luna_brazil_english_s0,uniform_edge_count,avg_clustering_coef,20,20,20,0.5023152958152959,0.1808931019616778,0.3214221938536181,0.1604668331668332,0.20763641105626393,descriptive_reference_not_treatment_CI
revision896_f2c6b9696988_local_gpt-6-luna_brazil_english_s0,uniform_edge_count,prop_nodes_lcc,20,20,20,1.0,1.0,0.0,1.0,1.0,descriptive_reference_not_treatment_CI
revision896_f2c6b9696988_local_gpt-6-luna_brazil_english_s0,uniform_edge_count,global_efficiency,20,20,20,0.5218639455782292,0.5590510204081618,-0.037187074829932554,0.5559081632653045,0.5615034013605428,descriptive_reference_not_treatment_CI
revision896_f2c6b9696988_local_gpt-6-luna_brazil_english_s0,uniform_edge_count,num_components,20,20,20,1.0,1.0,0.0,1.0,1.0,descriptive_reference_not_treatment_CI
revision896_f2c6b9696988_local_gpt-6-luna_brazil_english_s0,uniform_edge_count,modularity,20,20,20,0.4504979931618849,0.24604260018263294,0.20445539297925194,0.22661104504236657,0.26399026311877505,descriptive_reference_not_treatment_CI
revision896_f2c6b9696988_local_gpt-6-luna_brazil_english_s0,uniform_edge_count,radius_lcc,20,20,20,3.0,2.8,0.20000000000000018,2.0,3.0,descriptive_reference_not_treatment_CI
revision896_f2c6b9696988_local_gpt-6-luna_brazil_english_s0,uniform_edge_count,diameter_lcc,20,20,20,5.0,3.55,1.4500000000000002,3.0,4.0,descriptive_reference_not_treatment_CI
revision896_f2c6b9696988_local_gpt-6-luna_brazil_english_s0,uniform_edge_count,avg_shortest_path_lcc,20,20,20,2.246530612244898,2.000530612244898,0.246,1.985265306122449,2.0201020408163264,descriptive_reference_not_treatment_CI
revision896_f2c6b9696988_local_gpt-6-luna_brazil_english_s0,uniform_edge_count,degree_one_share,20,20,20,0.0,0.0,0.0,0.0,0.0,descriptive_reference_not_treatment_CI
revision896_f2c6b9696988_local_gpt-6-luna_brazil_english_s0,uniform_edge_count,isolate_share,20,20,20,0.0,0.0,0.0,0.0,0.0,descriptive_reference_not_treatment_CI
revision896_f2c6b9696988_local_gpt-6-luna_brazil_english_s0,uniform_edge_count,degree_gini,20,20,20,0.21898617511520738,0.1725622119815668,0.04642396313364058,0.1472672811059908,0.19957603686635944,descriptive_reference_not_treatment_CI
revision896_f2c6b9696988_local_gpt-6-luna_brazil_english_s0,uniform_edge_count,coleman_gender,20,20,20,0.21063350074403336,-0.01676496787727741,0.22739846862131077,-0.09917535824115051,0.05477308589606185,descriptive_reference_not_treatment_CI
revision896_f2c6b9696988_local_gpt-6-luna_brazil_english_s0,uniform_edge_count,coleman_religion,20,20,20,0.312042065571621,-0.03096900823060709,0.3430110738022281,-0.07641501965001847,0.028992926764522215,descriptive_reference_not_treatment_CI
revision896_f2c6b9696988_local_gpt-6-luna_brazil_english_s0,uniform_edge_count,coleman_political orientation,20,20,20,0.47580003929928527,-0.022612974636276033,0.4984130139355613,-0.09471019883864448,0.035398112031792744,descriptive_reference_not_treatment_CI
revision896_f2c6b9696988_local_gpt-6-luna_brazil_english_s0,uniform_edge_count,age_assortativity,20,20,20,0.6323142711365761,-0.0008247445507491548,0.6331390156873252,-0.10823470359122184,0.09080156561042545,descriptive_reference_not_treatment_CI
revision896_f2c6b9696988_local_gpt-6-luna_brazil_english_s1,degree_preserving_rewire,density,20,20,20,0.16,0.16000000000000003,-2.7755575615628914e-17,0.16,0.16,descriptive_reference_not_treatment_CI
revision896_f2c6b9696988_local_gpt-6-luna_brazil_english_s1,degree_preserving_rewire,avg_clustering_coef,20,20,20,0.4387133743449532,0.22396806672859298,0.21474530761636024,0.18581427096295514,0.2666308190347664,descriptive_reference_not_treatment_CI
revision896_f2c6b9696988_local_gpt-6-luna_brazil_english_s1,degree_preserving_rewire,prop_nodes_lcc,20,20,20,1.0,1.0,0.0,1.0,1.0,descriptive_reference_not_treatment_CI
revision896_f2c6b9696988_local_gpt-6-luna_brazil_english_s1,degree_preserving_rewire,global_efficiency,20,20,20,0.5251020408163245,0.5409217687074807,-0.015819727891156155,0.5367755102040792,0.545073129251699,descriptive_reference_not_treatment_CI
revision896_f2c6b9696988_local_gpt-6-luna_brazil_english_s1,degree_preserving_rewire,num_components,20,20,20,1.0,1.0,0.0,1.0,1.0,descriptive_reference_not_treatment_CI
revision896_f2c6b9696988_local_gpt-6-luna_brazil_english_s1,degree_preserving_rewire,modularity,20,20,20,0.38239275301957515,0.24712424510620573,0.13526850791336942,0.22591986411911705,0.2692836318200749,descriptive_reference_not_treatment_CI
revision896_f2c6b9696988_local_gpt-6-luna_brazil_english_s1,degree_preserving_rewire,radius_lcc,20,20,20,3.0,2.2,0.7999999999999998,2.0,3.0,descriptive_reference_not_treatment_CI
revision896_f2c6b9696988_local_gpt-6-luna_brazil_english_s1,degree_preserving_rewire,diameter_lcc,20,20,20,4.0,4.0,0.0,4.0,4.0,descriptive_reference_not_treatment_CI
revision896_f2c6b9696988_local_gpt-6-luna_brazil_english_s1,degree_preserving_rewire,avg_shortest_path_lcc,20,20,20,2.182857142857143,2.076,0.10685714285714276,2.0501632653061224,2.1014285714285714,descriptive_reference_not_treatment_CI
revision896_f2c6b9696988_local_gpt-6-luna_brazil_english_s1,degree_preserving_rewire,degree_one_share,20,20,20,0.0,0.0,0.0,0.0,0.0,descriptive_reference_not_treatment_CI
revision896_f2c6b9696988_local_gpt-6-luna_brazil_english_s1,degree_preserving_rewire,isolate_share,20,20,20,0.0,0.0,0.0,0.0,0.0,descriptive_reference_not_treatment_CI
revision896_f2c6b9696988_local_gpt-6-luna_brazil_english_s1,degree_preserving_rewire,degree_gini,20,20,20,0.2598979591836735,0.2598979591836735,0.0,0.2598979591836735,0.2598979591836735,descriptive_reference_not_treatment_CI
revision896_f2c6b9696988_local_gpt-6-luna_brazil_english_s1,degree_preserving_rewire,coleman_gender,20,20,20,0.29315704414650634,-0.009376322718602467,0.3025333668651088,-0.08263933552114427,0.06898887954396782,descriptive_reference_not_treatment_CI
revision896_f2c6b9696988_local_gpt-6-luna_brazil_english_s1,degree_preserving_rewire,coleman_religion,20,20,20,0.31287072964835777,-0.04034160746378963,0.3532123371121474,-0.0894298204720133,0.011324402519666937,descriptive_reference_not_treatment_CI
revision896_f2c6b9696988_local_gpt-6-luna_brazil_english_s1,degree_preserving_rewire,coleman_political orientation,20,20,20,0.45810679270521115,-0.007946932399261308,0.46605372510447246,-0.08206291833379484,0.04854868908253396,descriptive_reference_not_treatment_CI
revision896_f2c6b9696988_local_gpt-6-luna_brazil_english_s1,degree_preserving_rewire,age_assortativity,20,20,20,0.6491054359666408,-0.02228186742853848,0.6713873033951793,-0.1786168829003585,0.10907741763663731,descriptive_reference_not_treatment_CI
revision896_f2c6b9696988_local_gpt-6-luna_brazil_english_s1,equal_weight_demographic_similarity,density,1,1,1,0.16,0.16,0.0,,,descriptive_reference_not_treatment_CI
revision896_f2c6b9696988_local_gpt-6-luna_brazil_english_s1,equal_weight_demographic_similarity,avg_clustering_coef,1,1,1,0.4387133743449532,0.5561600621600623,-0.11744668781510909,,,descriptive_reference_not_treatment_CI
revision896_f2c6b9696988_local_gpt-6-luna_brazil_english_s1,equal_weight_demographic_similarity,prop_nodes_lcc,1,1,1,1.0,1.0,0.0,,,descriptive_reference_not_treatment_CI
revision896_f2c6b9696988_local_gpt-6-luna_brazil_english_s1,equal_weight_demographic_similarity,global_efficiency,1,1,1,0.5251020408163245,0.4677142857142874,0.057387755102037086,,,descriptive_reference_not_treatment_CI
revision896_f2c6b9696988_local_gpt-6-luna_brazil_english_s1,equal_weight_demographic_similarity,num_components,1,1,1,1.0,1.0,0.0,,,descriptive_reference_not_treatment_CI
revision896_f2c6b9696988_local_gpt-6-luna_brazil_english_s1,equal_weight_demographic_similarity,modularity,1,1,1,0.38239275301957515,0.5731596209912536,-0.19076686797167847,,,descriptive_reference_not_treatment_CI
revision896_f2c6b9696988_local_gpt-6-luna_brazil_english_s1,equal_weight_demographic_similarity,radius_lcc,1,1,1,3.0,4.0,-1.0,,,descriptive_reference_not_treatment_CI
revision896_f2c6b9696988_local_gpt-6-luna_brazil_english_s1,equal_weight_demographic_similarity,diameter_lcc,1,1,1,4.0,5.0,-1.0,,,descriptive_reference_not_treatment_CI
revision896_f2c6b9696988_local_gpt-6-luna_brazil_english_s1,equal_weight_demographic_similarity,avg_shortest_path_lcc,1,1,1,2.182857142857143,2.642448979591837,-0.45959183673469406,,,descriptive_reference_not_treatment_CI
revision896_f2c6b9696988_local_gpt-6-luna_brazil_english_s1,equal_weight_demographic_similarity,degree_one_share,1,1,1,0.0,0.0,0.0,,,descriptive_reference_not_treatment_CI
revision896_f2c6b9696988_local_gpt-6-luna_brazil_english_s1,equal_weight_demographic_similarity,isolate_share,1,1,1,0.0,0.0,0.0,,,descriptive_reference_not_treatment_CI
revision896_f2c6b9696988_local_gpt-6-luna_brazil_english_s1,equal_weight_demographic_similarity,degree_gini,1,1,1,0.2598979591836735,0.19112244897959182,0.06877551020408165,,,descriptive_reference_not_treatment_CI
revision896_f2c6b9696988_local_gpt-6-luna_brazil_english_s1,equal_weight_demographic_similarity,coleman_gender,1,1,1,0.29315704414650634,0.721080586080586,-0.42792354193407967,,,descriptive_reference_not_treatment_CI
revision896_f2c6b9696988_local_gpt-6-luna_brazil_english_s1,equal_weight_demographic_similarity,coleman_religion,1,1,1,0.31287072964835777,0.3751732479825785,-0.062302518334220736,,,descriptive_reference_not_treatment_CI
revision896_f2c6b9696988_local_gpt-6-luna_brazil_english_s1,equal_weight_demographic_similarity,coleman_political orientation,1,1,1,0.45810679270521115,0.7602660972739714,-0.3021593045687603,,,descriptive_reference_not_treatment_CI
revision896_f2c6b9696988_local_gpt-6-luna_brazil_english_s1,equal_weight_demographic_similarity,age_assortativity,1,1,1,0.6491054359666408,0.3206934156128101,0.3284120203538307,,,descriptive_reference_not_treatment_CI
revision896_f2c6b9696988_local_gpt-6-luna_brazil_english_s1,uniform_edge_count,density,20,20,20,0.16,0.16000000000000003,-2.7755575615628914e-17,0.16,0.16,descriptive_reference_not_treatment_CI
revision896_f2c6b9696988_local_gpt-6-luna_brazil_english_s1,uniform_edge_count,avg_clustering_coef,20,20,20,0.4387133743449532,0.15296969223586873,0.2857436821090845,0.1259999777999778,0.18170866633366628,descriptive_reference_not_treatment_CI
revision896_f2c6b9696988_local_gpt-6-luna_brazil_english_s1,uniform_edge_count,prop_nodes_lcc,20,20,20,1.0,1.0,0.0,1.0,1.0,descriptive_reference_not_treatment_CI
revision896_f2c6b9696988_local_gpt-6-luna_brazil_english_s1,uniform_edge_count,global_efficiency,20,20,20,0.5251020408163245,0.5403945578231277,-0.01529251700680323,0.5377091836734683,0.5440391156462573,descriptive_reference_not_treatment_CI
revision896_f2c6b9696988_local_gpt-6-luna_brazil_english_s1,uniform_edge_count,num_components,20,20,20,1.0,1.0,0.0,1.0,1.0,descriptive_reference_not_treatment_CI
revision896_f2c6b9696988_local_gpt-6-luna_brazil_english_s1,uniform_edge_count,modularity,20,20,20,0.38239275301957515,0.26431564972927946,0.11807710329029569,0.2450570725739275,0.28214578561016246,descriptive_reference_not_treatment_CI
revision896_f2c6b9696988_local_gpt-6-luna_brazil_english_s1,uniform_edge_count,radius_lcc,20,20,20,3.0,2.85,0.1499999999999999,2.0,3.0,descriptive_reference_not_treatment_CI
revision896_f2c6b9696988_local_gpt-6-luna_brazil_english_s1,uniform_edge_count,diameter_lcc,20,20,20,4.0,3.8,0.20000000000000018,3.0,4.0,descriptive_reference_not_treatment_CI
revision896_f2c6b9696988_local_gpt-6-luna_brazil_english_s1,uniform_edge_count,avg_shortest_path_lcc,20,20,20,2.182857142857143,2.078816326530612,0.10404081632653073,2.0559591836734694,2.0964489795918366,descriptive_reference_not_treatment_CI
revision896_f2c6b9696988_local_gpt-6-luna_brazil_english_s1,uniform_edge_count,degree_one_share,20,20,20,0.0,0.0,0.0,0.0,0.0,descriptive_reference_not_treatment_CI
revision896_f2c6b9696988_local_gpt-6-luna_brazil_english_s1,uniform_edge_count,isolate_share,20,20,20,0.0,0.0,0.0,0.0,0.0,descriptive_reference_not_treatment_CI
revision896_f2c6b9696988_local_gpt-6-luna_brazil_english_s1,uniform_edge_count,degree_gini,20,20,20,0.2598979591836735,0.17447959183673467,0.0854183673469388,0.14572704081632654,0.20253826530612243,descriptive_reference_not_treatment_CI
revision896_f2c6b9696988_local_gpt-6-luna_brazil_english_s1,uniform_edge_count,coleman_gender,20,20,20,0.29315704414650634,-0.040954956171199805,0.33411200031770616,-0.09503650691667455,0.07574918328916525,descriptive_reference_not_treatment_CI
revision896_f2c6b9696988_local_gpt-6-luna_brazil_english_s1,uniform_edge_count,coleman_religion,20,20,20,0.31287072964835777,-0.03320036888256579,0.34607109853092355,-0.06252006494888218,0.006136746402909587,descriptive_reference_not_treatment_CI
revision896_f2c6b9696988_local_gpt-6-luna_brazil_english_s1,uniform_edge_count,coleman_political orientation,20,20,20,0.45810679270521115,-0.02305212833985024,0.4811589210450614,-0.09924884375678714,0.05033881334664365,descriptive_reference_not_treatment_CI
revision896_f2c6b9696988_local_gpt-6-luna_brazil_english_s1,uniform_edge_count,age_assortativity,20,20,20,0.6491054359666408,-0.019909738387078636,0.6690151743537195,-0.09252816133392322,0.05012549444525373,descriptive_reference_not_treatment_CI
revision896_f2c6b9696988_local_gpt-6-luna_india_english_s0,degree_preserving_rewire,density,20,20,20,0.17551020408163265,0.17551020408163262,2.7755575615628914e-17,0.17551020408163265,0.17551020408163265,descriptive_reference_not_treatment_CI
revision896_f2c6b9696988_local_gpt-6-luna_india_english_s0,degree_preserving_rewire,avg_clustering_coef,20,20,20,0.450537629037629,0.2023727661227661,0.2481648629148629,0.17165945027195031,0.23025823759573757,descriptive_reference_not_treatment_CI
revision896_f2c6b9696988_local_gpt-6-luna_india_english_s0,degree_preserving_rewire,prop_nodes_lcc,20,20,20,1.0,1.0,0.0,1.0,1.0,descriptive_reference_not_treatment_CI
revision896_f2c6b9696988_local_gpt-6-luna_india_english_s0,degree_preserving_rewire,global_efficiency,20,20,20,0.5250340136054406,0.5537823129251679,-0.028748299319727333,0.5508248299319708,0.5564200680272088,descriptive_reference_not_treatment_CI
revision896_f2c6b9696988_local_gpt-6-luna_india_english_s0,degree_preserving_rewire,num_components,20,20,20,1.0,1.0,0.0,1.0,1.0,descriptive_reference_not_treatment_CI
revision896_f2c6b9696988_local_gpt-6-luna_india_english_s0,degree_preserving_rewire,modularity,20,20,20,0.4330557057869118,0.23877771768523526,0.19427798810167657,0.21822823147647374,0.25656354786371016,descriptive_reference_not_treatment_CI
revision896_f2c6b9696988_local_gpt-6-luna_india_english_s0,degree_preserving_rewire,radius_lcc,20,20,20,3.0,2.75,0.25,2.0,3.0,descriptive_reference_not_treatment_CI
revision896_f2c6b9696988_local_gpt-6-luna_india_english_s0,degree_preserving_rewire,diameter_lcc,20,20,20,4.0,3.95,0.04999999999999982,3.475,4.0,descriptive_reference_not_treatment_CI
revision896_f2c6b9696988_local_gpt-6-luna_india_english_s0,degree_preserving_rewire,avg_shortest_path_lcc,20,20,20,2.217142857142857,2.029632653061225,0.1875102040816321,2.013122448979592,2.048326530612245,descriptive_reference_not_treatment_CI
revision896_f2c6b9696988_local_gpt-6-luna_india_english_s0,degree_preserving_rewire,degree_one_share,20,20,20,0.0,0.0,0.0,0.0,0.0,descriptive_reference_not_treatment_CI
revision896_f2c6b9696988_local_gpt-6-luna_india_english_s0,degree_preserving_rewire,isolate_share,20,20,20,0.0,0.0,0.0,0.0,0.0,descriptive_reference_not_treatment_CI
revision896_f2c6b9696988_local_gpt-6-luna_india_english_s0,degree_preserving_rewire,degree_gini,20,20,20,0.23534883720930233,0.23534883720930228,5.551115123125783e-17,0.23534883720930233,0.23534883720930233,descriptive_reference_not_treatment_CI
revision896_f2c6b9696988_local_gpt-6-luna_india_english_s0,degree_preserving_rewire,coleman_gender,20,20,20,0.17096219229134654,-0.005170339691828257,0.1761325319831748,-0.08279928378393109,0.06683968127158993,descriptive_reference_not_treatment_CI
revision896_f2c6b9696988_local_gpt-6-luna_india_english_s0,degree_preserving_rewire,coleman_religion,20,20,20,0.2954131996948238,-0.02614110540971552,0.32155430510453936,-0.08882451292545863,0.04379612300508531,descriptive_reference_not_treatment_CI
revision896_f2c6b9696988_local_gpt-6-luna_india_english_s0,degree_preserving_rewire,coleman_political orientation,20,20,20,0.5289687567334627,-0.039661883214824424,0.5686306399482871,-0.11406298015709784,0.007569473663591286,descriptive_reference_not_treatment_CI
revision896_f2c6b9696988_local_gpt-6-luna_india_english_s0,degree_preserving_rewire,age_assortativity,20,20,20,0.6545659797397236,-0.03221765135535693,0.6867836310950806,-0.11026013059361703,0.05847060809495476,descriptive_reference_not_treatment_CI
revision896_f2c6b9696988_local_gpt-6-luna_india_english_s0,equal_weight_demographic_similarity,density,1,1,1,0.17551020408163265,0.17551020408163265,0.0,,,descriptive_reference_not_treatment_CI
revision896_f2c6b9696988_local_gpt-6-luna_india_english_s0,equal_weight_demographic_similarity,avg_clustering_coef,1,1,1,0.450537629037629,0.5928733488733492,-0.1423357198357202,,,descriptive_reference_not_treatment_CI
revision896_f2c6b9696988_local_gpt-6-luna_india_english_s0,equal_weight_demographic_similarity,prop_nodes_lcc,1,1,1,1.0,1.0,0.0,,,descriptive_reference_not_treatment_CI
revision896_f2c6b9696988_local_gpt-6-luna_india_english_s0,equal_weight_demographic_similarity,global_efficiency,1,1,1,0.5250340136054406,0.482163265306124,0.04287074829931653,,,descriptive_reference_not_treatment_CI
revision896_f2c6b9696988_local_gpt-6-luna_india_english_s0,equal_weight_demographic_similarity,num_components,1,1,1,1.0,1.0,0.0,,,descriptive_reference_not_treatment_CI
revision896_f2c6b9696988_local_gpt-6-luna_india_english_s0,equal_weight_demographic_similarity,modularity,1,1,1,0.4330557057869118,0.5699837750135208,-0.136928069226609,,,descriptive_reference_not_treatment_CI
revision896_f2c6b9696988_local_gpt-6-luna_india_english_s0,equal_weight_demographic_similarity,radius_lcc,1,1,1,3.0,4.0,-1.0,,,descriptive_reference_not_treatment_CI
revision896_f2c6b9696988_local_gpt-6-luna_india_english_s0,equal_weight_demographic_similarity,diameter_lcc,1,1,1,4.0,5.0,-1.0,,,descriptive_reference_not_treatment_CI
revision896_f2c6b9696988_local_gpt-6-luna_india_english_s0,equal_weight_demographic_similarity,avg_shortest_path_lcc,1,1,1,2.217142857142857,2.5706122448979594,-0.3534693877551023,,,descriptive_reference_not_treatment_CI
revision896_f2c6b9696988_local_gpt-6-luna_india_english_s0,equal_weight_demographic_similarity,degree_one_share,1,1,1,0.0,0.0,0.0,,,descriptive_reference_not_treatment_CI
revision896_f2c6b9696988_local_gpt-6-luna_india_english_s0,equal_weight_demographic_similarity,isolate_share,1,1,1,0.0,0.0,0.0,,,descriptive_reference_not_treatment_CI
revision896_f2c6b9696988_local_gpt-6-luna_india_english_s0,equal_weight_demographic_similarity,degree_gini,1,1,1,0.23534883720930233,0.1876279069767442,0.047720930232558134,,,descriptive_reference_not_treatment_CI
revision896_f2c6b9696988_local_gpt-6-luna_india_english_s0,equal_weight_demographic_similarity,coleman_gender,1,1,1,0.17096219229134654,0.7283126608263221,-0.5573504685349755,,,descriptive_reference_not_treatment_CI
revision896_f2c6b9696988_local_gpt-6-luna_india_english_s0,equal_weight_demographic_similarity,coleman_religion,1,1,1,0.2954131996948238,0.3375433766449047,-0.042130176950080866,,,descriptive_reference_not_treatment_CI
revision896_f2c6b9696988_local_gpt-6-luna_india_english_s0,equal_weight_demographic_similarity,coleman_political orientation,1,1,1,0.5289687567334627,0.7748042118039602,-0.24583545507049753,,,descriptive_reference_not_treatment_CI
revision896_f2c6b9696988_local_gpt-6-luna_india_english_s0,equal_weight_demographic_similarity,age_assortativity,1,1,1,0.6545659797397236,0.16924033583282447,0.48532564390689914,,,descriptive_reference_not_treatment_CI
revision896_f2c6b9696988_local_gpt-6-luna_india_english_s0,uniform_edge_count,density,20,20,20,0.17551020408163265,0.17551020408163262,2.7755575615628914e-17,0.17551020408163265,0.17551020408163265,descriptive_reference_not_treatment_CI
revision896_f2c6b9696988_local_gpt-6-luna_india_english_s0,uniform_edge_count,avg_clustering_coef,20,20,20,0.450537629037629,0.17394333379039262,0.2765942952472364,0.1421934121434122,0.20380629574673695,descriptive_reference_not_treatment_CI
revision896_f2c6b9696988_local_gpt-6-luna_india_english_s0,uniform_edge_count,prop_nodes_lcc,20,20,20,1.0,1.0,0.0,1.0,1.0,descriptive_reference_not_treatment_CI
revision896_f2c6b9696988_local_gpt-6-luna_india_english_s0,uniform_edge_count,global_efficiency,20,20,20,0.5250340136054406,0.5577176870748285,-0.03268367346938794,0.5546802721088424,0.5599676870748289,descriptive_reference_not_treatment_CI
revision896_f2c6b9696988_local_gpt-6-luna_india_english_s0,uniform_edge_count,num_components,20,20,20,1.0,1.0,0.0,1.0,1.0,descriptive_reference_not_treatment_CI
revision896_f2c6b9696988_local_gpt-6-luna_india_english_s0,uniform_edge_count,modularity,20,20,20,0.4330557057869118,0.24733044889129263,0.1857252568956192,0.2293758788534343,0.2831955110870741,descriptive_reference_not_treatment_CI
revision896_f2c6b9696988_local_gpt-6-luna_india_english_s0,uniform_edge_count,radius_lcc,20,20,20,3.0,2.65,0.3500000000000001,2.0,3.0,descriptive_reference_not_treatment_CI
revision896_f2c6b9696988_local_gpt-6-luna_india_english_s0,uniform_edge_count,diameter_lcc,20,20,20,4.0,3.35,0.6499999999999999,3.0,4.0,descriptive_reference_not_treatment_CI
revision896_f2c6b9696988_local_gpt-6-luna_india_english_s0,uniform_edge_count,avg_shortest_path_lcc,20,20,20,2.217142857142857,2.0049387755102037,0.21220408163265336,1.991408163265306,2.0233265306122448,descriptive_reference_not_treatment_CI
revision896_f2c6b9696988_local_gpt-6-luna_india_english_s0,uniform_edge_count,degree_one_share,20,20,20,0.0,0.001,-0.001,0.0,0.010499999999999971,descriptive_reference_not_treatment_CI
revision896_f2c6b9696988_local_gpt-6-luna_india_english_s0,uniform_edge_count,isolate_share,20,20,20,0.0,0.0,0.0,0.0,0.0,descriptive_reference_not_treatment_CI
revision896_f2c6b9696988_local_gpt-6-luna_india_english_s0,uniform_edge_count,degree_gini,20,20,20,0.23534883720930233,0.17433023255813954,0.061018604651162794,0.1439860465116279,0.19654883720930233,descriptive_reference_not_treatment_CI
revision896_f2c6b9696988_local_gpt-6-luna_india_english_s0,uniform_edge_count,coleman_gender,20,20,20,0.17096219229134654,-0.0031139505658686257,0.17407614285721518,-0.06436822467176109,0.04598489883562844,descriptive_reference_not_treatment_CI
revision896_f2c6b9696988_local_gpt-6-luna_india_english_s0,uniform_edge_count,coleman_religion,20,20,20,0.2954131996948238,-0.010813903113604459,0.3062271028084283,-0.05653823842091012,0.023336623538871292,descriptive_reference_not_treatment_CI
revision896_f2c6b9696988_local_gpt-6-luna_india_english_s0,uniform_edge_count,coleman_political orientation,20,20,20,0.5289687567334627,-0.037408726820073346,0.566377483553536,-0.09568252825605772,0.03973256777071471,descriptive_reference_not_treatment_CI
revision896_f2c6b9696988_local_gpt-6-luna_india_english_s0,uniform_edge_count,age_assortativity,20,20,20,0.6545659797397236,-0.012584963106967568,0.6671509428466912,-0.12739832893693387,0.08953349897709935,descriptive_reference_not_treatment_CI
revision896_f2c6b9696988_local_gpt-6-luna_india_english_s1,degree_preserving_rewire,density,20,20,20,0.16081632653061226,0.16081632653061229,-2.7755575615628914e-17,0.16081632653061226,0.16081632653061226,descriptive_reference_not_treatment_CI
revision896_f2c6b9696988_local_gpt-6-luna_india_english_s1,degree_preserving_rewire,avg_clustering_coef,20,20,20,0.447724737251053,0.2343379442195231,0.2133867930315299,0.2087752151357414,0.26725475737712573,descriptive_reference_not_treatment_CI
revision896_f2c6b9696988_local_gpt-6-luna_india_english_s1,degree_preserving_rewire,prop_nodes_lcc,20,20,20,1.0,1.0,0.0,1.0,1.0,descriptive_reference_not_treatment_CI
revision896_f2c6b9696988_local_gpt-6-luna_india_english_s1,degree_preserving_rewire,global_efficiency,20,20,20,0.5211564625850328,0.5426020408163247,-0.021445578231291895,0.5395748299319707,0.5460782312925152,descriptive_reference_not_treatment_CI
revision896_f2c6b9696988_local_gpt-6-luna_india_english_s1,degree_preserving_rewire,num_components,20,20,20,1.0,1.0,0.0,1.0,1.0,descriptive_reference_not_treatment_CI
revision896_f2c6b9696988_local_gpt-6-luna_india_english_s1,degree_preserving_rewire,modularity,20,20,20,0.35700481846994253,0.24615037748975754,0.11085444098018499,0.22748331572573371,0.2689785230230101,descriptive_reference_not_treatment_CI
revision896_f2c6b9696988_local_gpt-6-luna_india_english_s1,degree_preserving_rewire,radius_lcc,20,20,20,3.0,2.25,0.75,2.0,3.0,descriptive_reference_not_treatment_CI
revision896_f2c6b9696988_local_gpt-6-luna_india_english_s1,degree_preserving_rewire,diameter_lcc,20,20,20,4.0,3.85,0.1499999999999999,3.0,4.0,descriptive_reference_not_treatment_CI
revision896_f2c6b9696988_local_gpt-6-luna_india_english_s1,degree_preserving_rewire,avg_shortest_path_lcc,20,20,20,2.209795918367347,2.067469387755102,0.14232653061224498,2.0451632653061225,2.087040816326531,descriptive_reference_not_treatment_CI
revision896_f2c6b9696988_local_gpt-6-luna_india_english_s1,degree_preserving_rewire,degree_one_share,20,20,20,0.0,0.0,0.0,0.0,0.0,descriptive_reference_not_treatment_CI
revision896_f2c6b9696988_local_gpt-6-luna_india_english_s1,degree_preserving_rewire,isolate_share,20,20,20,0.0,0.0,0.0,0.0,0.0,descriptive_reference_not_treatment_CI
revision896_f2c6b9696988_local_gpt-6-luna_india_english_s1,degree_preserving_rewire,degree_gini,20,20,20,0.2744162436548223,0.27441624365482226,5.551115123125783e-17,0.2744162436548223,0.2744162436548223,descriptive_reference_not_treatment_CI
revision896_f2c6b9696988_local_gpt-6-luna_india_english_s1,degree_preserving_rewire,coleman_gender,20,20,20,0.22178522728312694,-0.03652751466564173,0.2583127419487687,-0.0936529345010937,0.02725201109189235,descriptive_reference_not_treatment_CI
revision896_f2c6b9696988_local_gpt-6-luna_india_english_s1,degree_preserving_rewire,coleman_religion,20,20,20,0.33940396875913015,-0.030251632601073948,0.3696556013602041,-0.09584895993064241,0.0033778635450824298,descriptive_reference_not_treatment_CI
revision896_f2c6b9696988_local_gpt-6-luna_india_english_s1,degree_preserving_rewire,coleman_political orientation,20,20,20,0.4054184692456013,-0.02741059923284278,0.4328290684784441,-0.09222922265177441,0.035595241174737204,descriptive_reference_not_treatment_CI
revision896_f2c6b9696988_local_gpt-6-luna_india_english_s1,degree_preserving_rewire,age_assortativity,20,20,20,0.6228320378606563,-0.050279857725630026,0.6731118955862864,-0.1417212281852902,0.0375322544490418,descriptive_reference_not_treatment_CI
revision896_f2c6b9696988_local_gpt-6-luna_india_english_s1,equal_weight_demographic_similarity,density,1,1,1,0.16081632653061226,0.16081632653061226,0.0,,,descriptive_reference_not_treatment_CI
revision896_f2c6b9696988_local_gpt-6-luna_india_english_s1,equal_weight_demographic_similarity,avg_clustering_coef,1,1,1,0.447724737251053,0.561958041958042,-0.114233304706989,,,descriptive_reference_not_treatment_CI
revision896_f2c6b9696988_local_gpt-6-luna_india_english_s1,equal_weight_demographic_similarity,prop_nodes_lcc,1,1,1,1.0,1.0,0.0,,,descriptive_reference_not_treatment_CI
revision896_f2c6b9696988_local_gpt-6-luna_india_english_s1,equal_weight_demographic_similarity,global_efficiency,1,1,1,0.5211564625850328,0.46853061224489956,0.05262585034013323,,,descriptive_reference_not_treatment_CI
revision896_f2c6b9696988_local_gpt-6-luna_india_english_s1,equal_weight_demographic_similarity,num_components,1,1,1,1.0,1.0,0.0,,,descriptive_reference_not_treatment_CI
revision896_f2c6b9696988_local_gpt-6-luna_india_english_s1,equal_weight_demographic_similarity,modularity,1,1,1,0.35700481846994253,0.5738230822747301,-0.21681826380478758,,,descriptive_reference_not_treatment_CI
revision896_f2c6b9696988_local_gpt-6-luna_india_english_s1,equal_weight_demographic_similarity,radius_lcc,1,1,1,3.0,4.0,-1.0,,,descriptive_reference_not_treatment_CI
revision896_f2c6b9696988_local_gpt-6-luna_india_english_s1,equal_weight_demographic_similarity,diameter_lcc,1,1,1,4.0,5.0,-1.0,,,descriptive_reference_not_treatment_CI
revision896_f2c6b9696988_local_gpt-6-luna_india_english_s1,equal_weight_demographic_similarity,avg_shortest_path_lcc,1,1,1,2.209795918367347,2.6383673469387756,-0.4285714285714288,,,descriptive_reference_not_treatment_CI
revision896_f2c6b9696988_local_gpt-6-luna_india_english_s1,equal_weight_demographic_similarity,degree_one_share,1,1,1,0.0,0.0,0.0,,,descriptive_reference_not_treatment_CI
revision896_f2c6b9696988_local_gpt-6-luna_india_english_s1,equal_weight_demographic_similarity,isolate_share,1,1,1,0.0,0.0,0.0,,,descriptive_reference_not_treatment_CI
revision896_f2c6b9696988_local_gpt-6-luna_india_english_s1,equal_weight_demographic_similarity,degree_gini,1,1,1,0.2744162436548223,0.19065989847715736,0.08375634517766495,,,descriptive_reference_not_treatment_CI
revision896_f2c6b9696988_local_gpt-6-luna_india_english_s1,equal_weight_demographic_similarity,coleman_gender,1,1,1,0.22178522728312694,0.7224840948525159,-0.5006988675693889,,,descriptive_reference_not_treatment_CI
revision896_f2c6b9696988_local_gpt-6-luna_india_english_s1,equal_weight_demographic_similarity,coleman_religion,1,1,1,0.33940396875913015,0.37233392566512763,-0.03292995690599748,,,descriptive_reference_not_treatment_CI
revision896_f2c6b9696988_local_gpt-6-luna_india_english_s1,equal_weight_demographic_similarity,coleman_political orientation,1,1,1,0.4054184692456013,0.7617125338055573,-0.35629406455995594,,,descriptive_reference_not_treatment_CI
revision896_f2c6b9696988_local_gpt-6-luna_india_english_s1,equal_weight_demographic_similarity,age_assortativity,1,1,1,0.6228320378606563,0.3148237351318567,0.30800830272879964,,,descriptive_reference_not_treatment_CI
revision896_f2c6b9696988_local_gpt-6-luna_india_english_s1,uniform_edge_count,density,20,20,20,0.16081632653061226,0.16081632653061229,-2.7755575615628914e-17,0.16081632653061226,0.16081632653061226,descriptive_reference_not_treatment_CI
revision896_f2c6b9696988_local_gpt-6-luna_india_english_s1,uniform_edge_count,avg_clustering_coef,20,20,20,0.447724737251053,0.1630277028527029,0.2846970343983501,0.13367501665001671,0.1852729437229437,descriptive_reference_not_treatment_CI
revision896_f2c6b9696988_local_gpt-6-luna_india_english_s1,uniform_edge_count,prop_nodes_lcc,20,20,20,1.0,1.0,0.0,1.0,1.0,descriptive_reference_not_treatment_CI
revision896_f2c6b9696988_local_gpt-6-luna_india_english_s1,uniform_edge_count,global_efficiency,20,20,20,0.5211564625850328,0.5406598639455766,-0.01950340136054385,0.5354098639455767,0.5453333333333316,descriptive_reference_not_treatment_CI
revision896_f2c6b9696988_local_gpt-6-luna_india_english_s1,uniform_edge_count,num_components,20,20,20,1.0,1.0,0.0,1.0,1.0,descriptive_reference_not_treatment_CI
revision896_f2c6b9696988_local_gpt-6-luna_india_english_s1,uniform_edge_count,modularity,20,20,20,0.35700481846994253,0.2673181478523023,0.08968667061764024,0.24777596691489093,0.28422788528434123,descriptive_reference_not_treatment_CI
revision896_f2c6b9696988_local_gpt-6-luna_india_english_s1,uniform_edge_count,radius_lcc,20,20,20,3.0,2.95,0.04999999999999982,2.475,3.0,descriptive_reference_not_treatment_CI
revision896_f2c6b9696988_local_gpt-6-luna_india_english_s1,uniform_edge_count,diameter_lcc,20,20,20,4.0,3.85,0.1499999999999999,3.0,4.0,descriptive_reference_not_treatment_CI
revision896_f2c6b9696988_local_gpt-6-luna_india_english_s1,uniform_edge_count,avg_shortest_path_lcc,20,20,20,2.209795918367347,2.0790612244897964,0.13073469387755043,2.0496326530612246,2.1127346938775506,descriptive_reference_not_treatment_CI
revision896_f2c6b9696988_local_gpt-6-luna_india_english_s1,uniform_edge_count,degree_one_share,20,20,20,0.0,0.001,-0.001,0.0,0.010499999999999971,descriptive_reference_not_treatment_CI
revision896_f2c6b9696988_local_gpt-6-luna_india_english_s1,uniform_edge_count,isolate_share,20,20,20,0.0,0.0,0.0,0.0,0.0,descriptive_reference_not_treatment_CI
revision896_f2c6b9696988_local_gpt-6-luna_india_english_s1,uniform_edge_count,degree_gini,20,20,20,0.2744162436548223,0.1756802030456853,0.09873604060913702,0.14899492385786803,0.20248477157360406,descriptive_reference_not_treatment_CI
revision896_f2c6b9696988_local_gpt-6-luna_india_english_s1,uniform_edge_count,coleman_gender,20,20,20,0.22178522728312694,-0.014331485379122887,0.23611671266224982,-0.08272301598288218,0.0764066761072957,descriptive_reference_not_treatment_CI
revision896_f2c6b9696988_local_gpt-6-luna_india_english_s1,uniform_edge_count,coleman_religion,20,20,20,0.33940396875913015,-0.016205828250586862,0.355609797009717,-0.06749293459764406,0.045761983847864,descriptive_reference_not_treatment_CI
revision896_f2c6b9696988_local_gpt-6-luna_india_english_s1,uniform_edge_count,coleman_political orientation,20,20,20,0.4054184692456013,-0.01586879457637671,0.421287263821978,-0.10689724954427586,0.04265447231233475,descriptive_reference_not_treatment_CI
revision896_f2c6b9696988_local_gpt-6-luna_india_english_s1,uniform_edge_count,age_assortativity,20,20,20,0.6228320378606563,-0.022139268807959057,0.6449713066686154,-0.13760840394559054,0.05929140279842141,descriptive_reference_not_treatment_CI
revision896_f2c6b9696988_local_gpt-6-luna_japan_english_s0,degree_preserving_rewire,density,20,20,20,0.17224489795918368,0.17224489795918366,2.7755575615628914e-17,0.17224489795918368,0.17224489795918368,descriptive_reference_not_treatment_CI
revision896_f2c6b9696988_local_gpt-6-luna_japan_english_s0,degree_preserving_rewire,avg_clustering_coef,20,20,20,0.46992046842046853,0.19507021867021865,0.27485024975024985,0.16426154401154403,0.22116228632478627,descriptive_reference_not_treatment_CI
revision896_f2c6b9696988_local_gpt-6-luna_japan_english_s0,degree_preserving_rewire,prop_nodes_lcc,20,20,20,1.0,1.0,0.0,1.0,1.0,descriptive_reference_not_treatment_CI
revision896_f2c6b9696988_local_gpt-6-luna_japan_english_s0,degree_preserving_rewire,global_efficiency,20,20,20,0.5242857142857126,0.549517006802719,-0.0252312925170064,0.5473724489795899,0.552112244897957,descriptive_reference_not_treatment_CI
revision896_f2c6b9696988_local_gpt-6-luna_japan_english_s0,degree_preserving_rewire,num_components,20,20,20,1.0,1.0,0.0,1.0,1.0,descriptive_reference_not_treatment_CI
revision896_f2c6b9696988_local_gpt-6-luna_japan_english_s0,degree_preserving_rewire,modularity,20,20,20,0.4152310145773904,0.2476994002830125,0.16753161429437793,0.22503284966644954,0.26531440219222385,descriptive_reference_not_treatment_CI
revision896_f2c6b9696988_local_gpt-6-luna_japan_english_s0,degree_preserving_rewire,radius_lcc,20,20,20,3.0,2.9,0.10000000000000009,2.0,3.0,descriptive_reference_not_treatment_CI
revision896_f2c6b9696988_local_gpt-6-luna_japan_english_s0,degree_preserving_rewire,diameter_lcc,20,20,20,4.0,4.0,0.0,4.0,4.0,descriptive_reference_not_treatment_CI
revision896_f2c6b9696988_local_gpt-6-luna_japan_english_s0,degree_preserving_rewire,avg_shortest_path_lcc,20,20,20,2.213877551020408,2.0497551020408165,0.1641224489795916,2.0322244897959183,2.063285714285714,descriptive_reference_not_treatment_CI
revision896_f2c6b9696988_local_gpt-6-luna_japan_english_s0,degree_preserving_rewire,degree_one_share,20,20,20,0.0,0.0,0.0,0.0,0.0,descriptive_reference_not_treatment_CI
revision896_f2c6b9696988_local_gpt-6-luna_japan_english_s0,degree_preserving_rewire,isolate_share,20,20,20,0.0,0.0,0.0,0.0,0.0,descriptive_reference_not_treatment_CI
revision896_f2c6b9696988_local_gpt-6-luna_japan_english_s0,degree_preserving_rewire,degree_gini,20,20,20,0.22862559241706162,0.22862559241706157,5.551115123125783e-17,0.22862559241706162,0.22862559241706162,descriptive_reference_not_treatment_CI
revision896_f2c6b9696988_local_gpt-6-luna_japan_english_s0,degree_preserving_rewire,coleman_gender,20,20,20,0.2899778019142354,-0.024968240522130328,0.3149460424363657,-0.08475774312006122,0.04260562961906798,descriptive_reference_not_treatment_CI
revision896_f2c6b9696988_local_gpt-6-luna_japan_english_s0,degree_preserving_rewire,coleman_religion,20,20,20,0.30053234085920766,-0.018985848369831863,0.3195181892290395,-0.07363845697115656,0.022719413530092908,descriptive_reference_not_treatment_CI
revision896_f2c6b9696988_local_gpt-6-luna_japan_english_s0,degree_preserving_rewire,coleman_political orientation,20,20,20,0.42412890286488103,-0.02535764583493725,0.4494865486998183,-0.08246164083674348,0.025225048412599684,descriptive_reference_not_treatment_CI
revision896_f2c6b9696988_local_gpt-6-luna_japan_english_s0,degree_preserving_rewire,age_assortativity,20,20,20,0.7108559860259868,-0.023543536795849713,0.7343995228218365,-0.1088809119938031,0.03365496290080216,descriptive_reference_not_treatment_CI
revision896_f2c6b9696988_local_gpt-6-luna_japan_english_s0,equal_weight_demographic_similarity,density,1,1,1,0.17224489795918368,0.17224489795918368,0.0,,,descriptive_reference_not_treatment_CI
revision896_f2c6b9696988_local_gpt-6-luna_japan_english_s0,equal_weight_demographic_similarity,avg_clustering_coef,1,1,1,0.46992046842046853,0.5873181263181264,-0.11739765789765788,,,descriptive_reference_not_treatment_CI
revision896_f2c6b9696988_local_gpt-6-luna_japan_english_s0,equal_weight_demographic_similarity,prop_nodes_lcc,1,1,1,1.0,1.0,0.0,,,descriptive_reference_not_treatment_CI
revision896_f2c6b9696988_local_gpt-6-luna_japan_english_s0,equal_weight_demographic_similarity,global_efficiency,1,1,1,0.5242857142857126,0.47910204081632807,0.04518367346938451,,,descriptive_reference_not_treatment_CI
revision896_f2c6b9696988_local_gpt-6-luna_japan_english_s0,equal_weight_demographic_similarity,num_components,1,1,1,1.0,1.0,0.0,,,descriptive_reference_not_treatment_CI
revision896_f2c6b9696988_local_gpt-6-luna_japan_english_s0,equal_weight_demographic_similarity,modularity,1,1,1,0.4152310145773904,0.572415264706543,-0.1571842501291526,,,descriptive_reference_not_treatment_CI
revision896_f2c6b9696988_local_gpt-6-luna_japan_english_s0,equal_weight_demographic_similarity,radius_lcc,1,1,1,3.0,4.0,-1.0,,,descriptive_reference_not_treatment_CI
revision896_f2c6b9696988_local_gpt-6-luna_japan_english_s0,equal_weight_demographic_similarity,diameter_lcc,1,1,1,4.0,5.0,-1.0,,,descriptive_reference_not_treatment_CI
revision896_f2c6b9696988_local_gpt-6-luna_japan_english_s0,equal_weight_demographic_similarity,avg_shortest_path_lcc,1,1,1,2.213877551020408,2.5853061224489795,-0.37142857142857144,,,descriptive_reference_not_treatment_CI
revision896_f2c6b9696988_local_gpt-6-luna_japan_english_s0,equal_weight_demographic_similarity,degree_one_share,1,1,1,0.0,0.0,0.0,,,descriptive_reference_not_treatment_CI
revision896_f2c6b9696988_local_gpt-6-luna_japan_english_s0,equal_weight_demographic_similarity,isolate_share,1,1,1,0.0,0.0,0.0,,,descriptive_reference_not_treatment_CI
revision896_f2c6b9696988_local_gpt-6-luna_japan_english_s0,equal_weight_demographic_similarity,degree_gini,1,1,1,0.22862559241706162,0.18843601895734596,0.04018957345971566,,,descriptive_reference_not_treatment_CI
revision896_f2c6b9696988_local_gpt-6-luna_japan_english_s0,equal_weight_demographic_similarity,coleman_gender,1,1,1,0.2899778019142354,0.7313844068407156,-0.4414066049264802,,,descriptive_reference_not_treatment_CI
revision896_f2c6b9696988_local_gpt-6-luna_japan_english_s0,equal_weight_demographic_similarity,coleman_religion,1,1,1,0.30053234085920766,0.3417110657459618,-0.041178724886754114,,,descriptive_reference_not_treatment_CI
revision896_f2c6b9696988_local_gpt-6-luna_japan_english_s0,equal_weight_demographic_similarity,coleman_political orientation,1,1,1,0.42412890286488103,0.7704308037641373,-0.3463019008992563,,,descriptive_reference_not_treatment_CI
revision896_f2c6b9696988_local_gpt-6-luna_japan_english_s0,equal_weight_demographic_similarity,age_assortativity,1,1,1,0.7108559860259868,0.20408717902463666,0.5067688070013501,,,descriptive_reference_not_treatment_CI
revision896_f2c6b9696988_local_gpt-6-luna_japan_english_s0,uniform_edge_count,density,20,20,20,0.17224489795918368,0.17224489795918366,2.7755575615628914e-17,0.17224489795918368,0.17224489795918368,descriptive_reference_not_treatment_CI
revision896_f2c6b9696988_local_gpt-6-luna_japan_english_s0,uniform_edge_count,avg_clustering_coef,20,20,20,0.46992046842046853,0.17246919016655862,0.29745127825390993,0.15591912115662118,0.2031037268287268,descriptive_reference_not_treatment_CI
revision896_f2c6b9696988_local_gpt-6-luna_japan_english_s0,uniform_edge_count,prop_nodes_lcc,20,20,20,1.0,1.0,0.0,1.0,1.0,descriptive_reference_not_treatment_CI
revision896_f2c6b9696988_local_gpt-6-luna_japan_english_s0,uniform_edge_count,global_efficiency,20,20,20,0.5242857142857126,0.5538571428571413,-0.029571428571428693,0.5506054421768686,0.5572551020408157,descriptive_reference_not_treatment_CI
revision896_f2c6b9696988_local_gpt-6-luna_japan_english_s0,uniform_edge_count,num_components,20,20,20,1.0,1.0,0.0,1.0,1.0,descriptive_reference_not_treatment_CI
revision896_f2c6b9696988_local_gpt-6-luna_japan_english_s0,uniform_edge_count,modularity,20,20,20,0.4152310145773904,0.2549527189416231,0.16027829563576734,0.23185631499741693,0.2782125289189371,descriptive_reference_not_treatment_CI
revision896_f2c6b9696988_local_gpt-6-luna_japan_english_s0,uniform_edge_count,radius_lcc,20,20,20,3.0,2.75,0.25,2.0,3.0,descriptive_reference_not_treatment_CI
revision896_f2c6b9696988_local_gpt-6-luna_japan_english_s0,uniform_edge_count,diameter_lcc,20,20,20,4.0,3.6,0.3999999999999999,3.0,4.0,descriptive_reference_not_treatment_CI
revision896_f2c6b9696988_local_gpt-6-luna_japan_english_s0,uniform_edge_count,avg_shortest_path_lcc,20,20,20,2.213877551020408,2.0219183673469385,0.19195918367346954,2.0009591836734693,2.040857142857143,descriptive_reference_not_treatment_CI
revision896_f2c6b9696988_local_gpt-6-luna_japan_english_s0,uniform_edge_count,degree_one_share,20,20,20,0.0,0.0,0.0,0.0,0.0,descriptive_reference_not_treatment_CI
revision896_f2c6b9696988_local_gpt-6-luna_japan_english_s0,uniform_edge_count,isolate_share,20,20,20,0.0,0.0,0.0,0.0,0.0,descriptive_reference_not_treatment_CI
revision896_f2c6b9696988_local_gpt-6-luna_japan_english_s0,uniform_edge_count,degree_gini,20,20,20,0.22862559241706162,0.17171090047393364,0.05691469194312798,0.1471042654028436,0.20306872037914692,descriptive_reference_not_treatment_CI
revision896_f2c6b9696988_local_gpt-6-luna_japan_english_s0,uniform_edge_count,coleman_gender,20,20,20,0.2899778019142354,-0.013272088223179448,0.3032498901374148,-0.10296071934976395,0.07664036694632874,descriptive_reference_not_treatment_CI
revision896_f2c6b9696988_local_gpt-6-luna_japan_english_s0,uniform_edge_count,coleman_religion,20,20,20,0.30053234085920766,-0.024353347242549957,0.3248856881017576,-0.07469902879593769,0.018851163671293594,descriptive_reference_not_treatment_CI
revision896_f2c6b9696988_local_gpt-6-luna_japan_english_s0,uniform_edge_count,coleman_political orientation,20,20,20,0.42412890286488103,-0.032850082487093424,0.45697898535197445,-0.0982712470211154,0.020136394497131855,descriptive_reference_not_treatment_CI
revision896_f2c6b9696988_local_gpt-6-luna_japan_english_s0,uniform_edge_count,age_assortativity,20,20,20,0.7108559860259868,-0.02770676129521965,0.7385627473212064,-0.16117259174436904,0.14826335048996842,descriptive_reference_not_treatment_CI
revision896_f2c6b9696988_local_gpt-6-luna_japan_english_s1,degree_preserving_rewire,density,20,20,20,0.15755102040816327,0.1575510204081633,-2.7755575615628914e-17,0.15755102040816327,0.15755102040816327,descriptive_reference_not_treatment_CI
revision896_f2c6b9696988_local_gpt-6-luna_japan_english_s1,degree_preserving_rewire,avg_clustering_coef,20,20,20,0.40483638583638587,0.23192258852258854,0.17291379731379733,0.20138021700521702,0.27428158508158507,descriptive_reference_not_treatment_CI
revision896_f2c6b9696988_local_gpt-6-luna_japan_english_s1,degree_preserving_rewire,prop_nodes_lcc,20,20,20,1.0,1.0,0.0,1.0,1.0,descriptive_reference_not_treatment_CI
revision896_f2c6b9696988_local_gpt-6-luna_japan_english_s1,degree_preserving_rewire,global_efficiency,20,20,20,0.5291156462585015,0.5404421768707468,-0.011326530612245311,0.5336003401360531,0.5446598639455767,descriptive_reference_not_treatment_CI
revision896_f2c6b9696988_local_gpt-6-luna_japan_english_s1,degree_preserving_rewire,num_components,20,20,20,1.0,1.0,0.0,1.0,1.0,descriptive_reference_not_treatment_CI
revision896_f2c6b9696988_local_gpt-6-luna_japan_english_s1,degree_preserving_rewire,modularity,20,20,20,0.3486670783108271,0.25447260329136356,0.09419447501946354,0.2362583559290182,0.27753966549437564,descriptive_reference_not_treatment_CI
revision896_f2c6b9696988_local_gpt-6-luna_japan_english_s1,degree_preserving_rewire,radius_lcc,20,20,20,2.0,2.1,-0.10000000000000009,2.0,3.0,descriptive_reference_not_treatment_CI
revision896_f2c6b9696988_local_gpt-6-luna_japan_english_s1,degree_preserving_rewire,diameter_lcc,20,20,20,4.0,3.75,0.25,3.0,4.0,descriptive_reference_not_treatment_CI
revision896_f2c6b9696988_local_gpt-6-luna_japan_english_s1,degree_preserving_rewire,avg_shortest_path_lcc,20,20,20,2.1444897959183673,2.0735510204081633,0.070938775510204,2.047142857142857,2.1161836734693877,descriptive_reference_not_treatment_CI
revision896_f2c6b9696988_local_gpt-6-luna_japan_english_s1,degree_preserving_rewire,degree_one_share,20,20,20,0.0,0.0,0.0,0.0,0.0,descriptive_reference_not_treatment_CI
revision896_f2c6b9696988_local_gpt-6-luna_japan_english_s1,degree_preserving_rewire,isolate_share,20,20,20,0.0,0.0,0.0,0.0,0.0,descriptive_reference_not_treatment_CI
revision896_f2c6b9696988_local_gpt-6-luna_japan_english_s1,degree_preserving_rewire,degree_gini,20,20,20,0.25740932642487047,0.2574093264248704,5.551115123125783e-17,0.25740932642487047,0.25740932642487047,descriptive_reference_not_treatment_CI
revision896_f2c6b9696988_local_gpt-6-luna_japan_english_s1,degree_preserving_rewire,coleman_gender,20,20,20,0.31964064814941684,-0.02268428977918502,0.34232493792860186,-0.09220403176875121,0.04714182159483876,descriptive_reference_not_treatment_CI
revision896_f2c6b9696988_local_gpt-6-luna_japan_english_s1,degree_preserving_rewire,coleman_religion,20,20,20,0.3407218200980776,-0.03223879714070861,0.3729606172387862,-0.07257567773161336,0.018098952662584412,descriptive_reference_not_treatment_CI
revision896_f2c6b9696988_local_gpt-6-luna_japan_english_s1,degree_preserving_rewire,coleman_political orientation,20,20,20,0.40553266512765074,-0.016018015253791575,0.42155068038144233,-0.07262155060732693,0.0611700417872066,descriptive_reference_not_treatment_CI
revision896_f2c6b9696988_local_gpt-6-luna_japan_english_s1,degree_preserving_rewire,age_assortativity,20,20,20,0.6269480103514169,-0.009484637259877129,0.636432647611294,-0.1225518383964751,0.10846233028421601,descriptive_reference_not_treatment_CI
revision896_f2c6b9696988_local_gpt-6-luna_japan_english_s1,equal_weight_demographic_similarity,density,1,1,1,0.15755102040816327,0.15755102040816327,0.0,,,descriptive_reference_not_treatment_CI
revision896_f2c6b9696988_local_gpt-6-luna_japan_english_s1,equal_weight_demographic_similarity,avg_clustering_coef,1,1,1,0.40483638583638587,0.5538945498945501,-0.14905816405816424,,,descriptive_reference_not_treatment_CI
revision896_f2c6b9696988_local_gpt-6-luna_japan_english_s1,equal_weight_demographic_similarity,prop_nodes_lcc,1,1,1,1.0,1.0,0.0,,,descriptive_reference_not_treatment_CI
revision896_f2c6b9696988_local_gpt-6-luna_japan_english_s1,equal_weight_demographic_similarity,global_efficiency,1,1,1,0.5291156462585015,0.463469387755104,0.0656462585033975,,,descriptive_reference_not_treatment_CI
revision896_f2c6b9696988_local_gpt-6-luna_japan_english_s1,equal_weight_demographic_similarity,num_components,1,1,1,1.0,1.0,0.0,,,descriptive_reference_not_treatment_CI
revision896_f2c6b9696988_local_gpt-6-luna_japan_english_s1,equal_weight_demographic_similarity,modularity,1,1,1,0.3486670783108271,0.5763107734435824,-0.22764369513275529,,,descriptive_reference_not_treatment_CI
revision896_f2c6b9696988_local_gpt-6-luna_japan_english_s1,equal_weight_demographic_similarity,radius_lcc,1,1,1,2.0,4.0,-2.0,,,descriptive_reference_not_treatment_CI
revision896_f2c6b9696988_local_gpt-6-luna_japan_english_s1,equal_weight_demographic_similarity,diameter_lcc,1,1,1,4.0,5.0,-1.0,,,descriptive_reference_not_treatment_CI
revision896_f2c6b9696988_local_gpt-6-luna_japan_english_s1,equal_weight_demographic_similarity,avg_shortest_path_lcc,1,1,1,2.1444897959183673,2.6751020408163266,-0.5306122448979593,,,descriptive_reference_not_treatment_CI
revision896_f2c6b9696988_local_gpt-6-luna_japan_english_s1,equal_weight_demographic_similarity,degree_one_share,1,1,1,0.0,0.0,0.0,,,descriptive_reference_not_treatment_CI
revision896_f2c6b9696988_local_gpt-6-luna_japan_english_s1,equal_weight_demographic_similarity,isolate_share,1,1,1,0.0,0.0,0.0,,,descriptive_reference_not_treatment_CI
revision896_f2c6b9696988_local_gpt-6-luna_japan_english_s1,equal_weight_demographic_similarity,degree_gini,1,1,1,0.25740932642487047,0.19088082901554404,0.06652849740932643,,,descriptive_reference_not_treatment_CI
revision896_f2c6b9696988_local_gpt-6-luna_japan_english_s1,equal_weight_demographic_similarity,coleman_gender,1,1,1,0.31964064814941684,0.717828221479907,-0.39818757333049015,,,descriptive_reference_not_treatment_CI
revision896_f2c6b9696988_local_gpt-6-luna_japan_english_s1,equal_weight_demographic_similarity,coleman_religion,1,1,1,0.3407218200980776,0.38584277855944193,-0.045120958461364324,,,descriptive_reference_not_treatment_CI
revision896_f2c6b9696988_local_gpt-6-luna_japan_english_s1,equal_weight_demographic_similarity,coleman_political orientation,1,1,1,0.40553266512765074,0.7563409917710303,-0.3508083266433796,,,descriptive_reference_not_treatment_CI
revision896_f2c6b9696988_local_gpt-6-luna_japan_english_s1,equal_weight_demographic_similarity,age_assortativity,1,1,1,0.6269480103514169,0.3392802156915051,0.28766779465991177,,,descriptive_reference_not_treatment_CI
revision896_f2c6b9696988_local_gpt-6-luna_japan_english_s1,uniform_edge_count,density,20,20,20,0.15755102040816327,0.1575510204081633,-2.7755575615628914e-17,0.15755102040816327,0.15755102040816327,descriptive_reference_not_treatment_CI
revision896_f2c6b9696988_local_gpt-6-luna_japan_english_s1,uniform_edge_count,avg_clustering_coef,20,20,20,0.40483638583638587,0.1569745587745588,0.24786182706182708,0.13695077145077145,0.18833509823509817,descriptive_reference_not_treatment_CI
revision896_f2c6b9696988_local_gpt-6-luna_japan_english_s1,uniform_edge_count,prop_nodes_lcc,20,20,20,1.0,1.0,0.0,1.0,1.0,descriptive_reference_not_treatment_CI
revision896_f2c6b9696988_local_gpt-6-luna_japan_english_s1,uniform_edge_count,global_efficiency,20,20,20,0.5291156462585015,0.5363959183673457,-0.007280272108844188,0.5329251700680258,0.5402568027210868,descriptive_reference_not_treatment_CI
revision896_f2c6b9696988_local_gpt-6-luna_japan_english_s1,uniform_edge_count,num_components,20,20,20,1.0,1.0,0.0,1.0,1.0,descriptive_reference_not_treatment_CI
revision896_f2c6b9696988_local_gpt-6-luna_japan_english_s1,uniform_edge_count,modularity,20,20,20,0.3486670783108271,0.2703314182931085,0.07833566001771858,0.25818377674568443,0.2838690300410749,descriptive_reference_not_treatment_CI
revision896_f2c6b9696988_local_gpt-6-luna_japan_english_s1,uniform_edge_count,radius_lcc,20,20,20,2.0,3.0,-1.0,3.0,3.0,descriptive_reference_not_treatment_CI
revision896_f2c6b9696988_local_gpt-6-luna_japan_english_s1,uniform_edge_count,diameter_lcc,20,20,20,4.0,4.0,0.0,3.475,4.524999999999999,descriptive_reference_not_treatment_CI
revision896_f2c6b9696988_local_gpt-6-luna_japan_english_s1,uniform_edge_count,avg_shortest_path_lcc,20,20,20,2.1444897959183673,2.099346938775511,0.045142857142856485,2.0737755102040816,2.126183673469388,descriptive_reference_not_treatment_CI
revision896_f2c6b9696988_local_gpt-6-luna_japan_english_s1,uniform_edge_count,degree_one_share,20,20,20,0.0,0.004,-0.004,0.0,0.03049999999999997,descriptive_reference_not_treatment_CI
revision896_f2c6b9696988_local_gpt-6-luna_japan_english_s1,uniform_edge_count,isolate_share,20,20,20,0.0,0.0,0.0,0.0,0.0,descriptive_reference_not_treatment_CI
revision896_f2c6b9696988_local_gpt-6-luna_japan_english_s1,uniform_edge_count,degree_gini,20,20,20,0.25740932642487047,0.18256476683937822,0.07484455958549224,0.15678497409326425,0.2158886010362694,descriptive_reference_not_treatment_CI
revision896_f2c6b9696988_local_gpt-6-luna_japan_english_s1,uniform_edge_count,coleman_gender,20,20,20,0.31964064814941684,-0.015016661906705479,0.3346573100561223,-0.10949072661017893,0.09306029890461075,descriptive_reference_not_treatment_CI
revision896_f2c6b9696988_local_gpt-6-luna_japan_english_s1,uniform_edge_count,coleman_religion,20,20,20,0.3407218200980776,-0.02098715212802702,0.36170897222610465,-0.0823208127217077,0.03153295336433154,descriptive_reference_not_treatment_CI
revision896_f2c6b9696988_local_gpt-6-luna_japan_english_s1,uniform_edge_count,coleman_political orientation,20,20,20,0.40553266512765074,-0.026760132719681463,0.4322927978473322,-0.0890095821518043,0.05847303551602498,descriptive_reference_not_treatment_CI
revision896_f2c6b9696988_local_gpt-6-luna_japan_english_s1,uniform_edge_count,age_assortativity,20,20,20,0.6269480103514169,-0.019501142848733548,0.6464491532001504,-0.14766741334452912,0.09890661389712807,descriptive_reference_not_treatment_CI
revision896_f2c6b9696988_local_gpt-6-luna_us_english_s0,degree_preserving_rewire,density,20,20,20,0.17142857142857143,0.1714285714285714,2.7755575615628914e-17,0.17142857142857143,0.17142857142857143,descriptive_reference_not_treatment_CI
revision896_f2c6b9696988_local_gpt-6-luna_us_english_s0,degree_preserving_rewire,avg_clustering_coef,20,20,20,0.4467782217782216,0.1967158508158508,0.2500623709623708,0.17320220612720616,0.2293039321789321,descriptive_reference_not_treatment_CI
revision896_f2c6b9696988_local_gpt-6-luna_us_english_s0,degree_preserving_rewire,prop_nodes_lcc,20,20,20,1.0,1.0,0.0,1.0,1.0,descriptive_reference_not_treatment_CI
revision896_f2c6b9696988_local_gpt-6-luna_us_english_s0,degree_preserving_rewire,global_efficiency,20,20,20,0.5253741496598627,0.5499557823129239,-0.024581632653061125,0.5469676870748291,0.5537193877551005,descriptive_reference_not_treatment_CI
revision896_f2c6b9696988_local_gpt-6-luna_us_english_s0,degree_preserving_rewire,num_components,20,20,20,1.0,1.0,0.0,1.0,1.0,descriptive_reference_not_treatment_CI
revision896_f2c6b9696988_local_gpt-6-luna_us_english_s0,degree_preserving_rewire,modularity,20,20,20,0.41573696145124706,0.2458917233560091,0.16984523809523797,0.22621967120181405,0.2765651927437641,descriptive_reference_not_treatment_CI
revision896_f2c6b9696988_local_gpt-6-luna_us_english_s0,degree_preserving_rewire,radius_lcc,20,20,20,3.0,2.65,0.3500000000000001,2.0,3.0,descriptive_reference_not_treatment_CI
revision896_f2c6b9696988_local_gpt-6-luna_us_english_s0,degree_preserving_rewire,diameter_lcc,20,20,20,4.0,3.9,0.10000000000000009,3.0,4.0,descriptive_reference_not_treatment_CI
revision896_f2c6b9696988_local_gpt-6-luna_us_english_s0,degree_preserving_rewire,avg_shortest_path_lcc,20,20,20,2.204081632653061,2.044408163265306,0.15967346938775506,2.020755102040816,2.063285714285714,descriptive_reference_not_treatment_CI
revision896_f2c6b9696988_local_gpt-6-luna_us_english_s0,degree_preserving_rewire,degree_one_share,20,20,20,0.0,0.0,0.0,0.0,0.0,descriptive_reference_not_treatment_CI
revision896_f2c6b9696988_local_gpt-6-luna_us_english_s0,degree_preserving_rewire,isolate_share,20,20,20,0.0,0.0,0.0,0.0,0.0,descriptive_reference_not_treatment_CI
revision896_f2c6b9696988_local_gpt-6-luna_us_english_s0,degree_preserving_rewire,degree_gini,20,20,20,0.23,0.23000000000000007,-5.551115123125783e-17,0.23,0.23,descriptive_reference_not_treatment_CI
revision896_f2c6b9696988_local_gpt-6-luna_us_english_s0,degree_preserving_rewire,coleman_gender,20,20,20,0.2020985605731368,-0.020452998037743843,0.22255155861088063,-0.11735595854239925,0.050211946716183946,descriptive_reference_not_treatment_CI
revision896_f2c6b9696988_local_gpt-6-luna_us_english_s0,degree_preserving_rewire,coleman_religion,20,20,20,0.31908445470192454,-0.020529504381161027,0.33961395908308556,-0.061550202433109075,0.035564514551713305,descriptive_reference_not_treatment_CI
revision896_f2c6b9696988_local_gpt-6-luna_us_english_s0,degree_preserving_rewire,coleman_political orientation,20,20,20,0.4835235381058814,-0.05657112656667975,0.5400946646725612,-0.12361457413610669,0.003466527874957413,descriptive_reference_not_treatment_CI
revision896_f2c6b9696988_local_gpt-6-luna_us_english_s0,degree_preserving_rewire,age_assortativity,20,20,20,0.6459224729746981,-0.034533223419091916,0.68045569639379,-0.14493160987233972,0.09656822875395435,descriptive_reference_not_treatment_CI
revision896_f2c6b9696988_local_gpt-6-luna_us_english_s0,equal_weight_demographic_similarity,density,1,1,1,0.17142857142857143,0.17142857142857143,0.0,,,descriptive_reference_not_treatment_CI
revision896_f2c6b9696988_local_gpt-6-luna_us_english_s0,equal_weight_demographic_similarity,avg_clustering_coef,1,1,1,0.4467782217782216,0.5837005217005218,-0.1369222999223002,,,descriptive_reference_not_treatment_CI
revision896_f2c6b9696988_local_gpt-6-luna_us_english_s0,equal_weight_demographic_similarity,prop_nodes_lcc,1,1,1,1.0,1.0,0.0,,,descriptive_reference_not_treatment_CI
revision896_f2c6b9696988_local_gpt-6-luna_us_english_s0,equal_weight_demographic_similarity,global_efficiency,1,1,1,0.5253741496598627,0.47821768707483164,0.04715646258503109,,,descriptive_reference_not_treatment_CI
revision896_f2c6b9696988_local_gpt-6-luna_us_english_s0,equal_weight_demographic_similarity,num_components,1,1,1,1.0,1.0,0.0,,,descriptive_reference_not_treatment_CI
revision896_f2c6b9696988_local_gpt-6-luna_us_english_s0,equal_weight_demographic_similarity,modularity,1,1,1,0.41573696145124706,0.5719614512471655,-0.1562244897959184,,,descriptive_reference_not_treatment_CI
revision896_f2c6b9696988_local_gpt-6-luna_us_english_s0,equal_weight_demographic_similarity,radius_lcc,1,1,1,3.0,4.0,-1.0,,,descriptive_reference_not_treatment_CI
revision896_f2c6b9696988_local_gpt-6-luna_us_english_s0,equal_weight_demographic_similarity,diameter_lcc,1,1,1,4.0,5.0,-1.0,,,descriptive_reference_not_treatment_CI
revision896_f2c6b9696988_local_gpt-6-luna_us_english_s0,equal_weight_demographic_similarity,avg_shortest_path_lcc,1,1,1,2.204081632653061,2.590204081632653,-0.386122448979592,,,descriptive_reference_not_treatment_CI
revision896_f2c6b9696988_local_gpt-6-luna_us_english_s0,equal_weight_demographic_similarity,degree_one_share,1,1,1,0.0,0.0,0.0,,,descriptive_reference_not_treatment_CI
revision896_f2c6b9696988_local_gpt-6-luna_us_english_s0,equal_weight_demographic_similarity,isolate_share,1,1,1,0.0,0.0,0.0,,,descriptive_reference_not_treatment_CI
revision896_f2c6b9696988_local_gpt-6-luna_us_english_s0,equal_weight_demographic_similarity,degree_gini,1,1,1,0.23,0.18666666666666668,0.043333333333333335,,,descriptive_reference_not_treatment_CI
revision896_f2c6b9696988_local_gpt-6-luna_us_english_s0,equal_weight_demographic_similarity,coleman_gender,1,1,1,0.2020985605731368,0.7302576335812986,-0.5281590730081618,,,descriptive_reference_not_treatment_CI
revision896_f2c6b9696988_local_gpt-6-luna_us_english_s0,equal_weight_demographic_similarity,coleman_religion,1,1,1,0.31908445470192454,0.34486910183082714,-0.025784647128902605,,,descriptive_reference_not_treatment_CI
revision896_f2c6b9696988_local_gpt-6-luna_us_english_s0,equal_weight_demographic_similarity,coleman_political orientation,1,1,1,0.4835235381058814,0.7692215279069741,-0.2856979898010927,,,descriptive_reference_not_treatment_CI
revision896_f2c6b9696988_local_gpt-6-luna_us_english_s0,equal_weight_demographic_similarity,age_assortativity,1,1,1,0.6459224729746981,0.21239073584997165,0.4335317371247264,,,descriptive_reference_not_treatment_CI
revision896_f2c6b9696988_local_gpt-6-luna_us_english_s0,uniform_edge_count,density,20,20,20,0.17142857142857143,0.1714285714285714,2.7755575615628914e-17,0.17142857142857143,0.17142857142857143,descriptive_reference_not_treatment_CI
revision896_f2c6b9696988_local_gpt-6-luna_us_english_s0,uniform_edge_count,avg_clustering_coef,20,20,20,0.4467782217782216,0.17132103599015366,0.2754571857880679,0.14241309801309804,0.20208720723720724,descriptive_reference_not_treatment_CI
revision896_f2c6b9696988_local_gpt-6-luna_us_english_s0,uniform_edge_count,prop_nodes_lcc,20,20,20,1.0,1.0,0.0,1.0,1.0,descriptive_reference_not_treatment_CI
revision896_f2c6b9696988_local_gpt-6-luna_us_english_s0,uniform_edge_count,global_efficiency,20,20,20,0.5253741496598627,0.55292857142857,-0.02755442176870726,0.5489302721088418,0.5562823129251685,descriptive_reference_not_treatment_CI
revision896_f2c6b9696988_local_gpt-6-luna_us_english_s0,uniform_edge_count,num_components,20,20,20,1.0,1.0,0.0,1.0,1.0,descriptive_reference_not_treatment_CI
revision896_f2c6b9696988_local_gpt-6-luna_us_english_s0,uniform_edge_count,modularity,20,20,20,0.41573696145124706,0.25783956916099776,0.1578973922902493,0.2424594671201814,0.281265306122449,descriptive_reference_not_treatment_CI
revision896_f2c6b9696988_local_gpt-6-luna_us_english_s0,uniform_edge_count,radius_lcc,20,20,20,3.0,2.85,0.1499999999999999,2.0,3.0,descriptive_reference_not_treatment_CI
revision896_f2c6b9696988_local_gpt-6-luna_us_english_s0,uniform_edge_count,diameter_lcc,20,20,20,4.0,3.55,0.4500000000000002,3.0,4.0,descriptive_reference_not_treatment_CI
revision896_f2c6b9696988_local_gpt-6-luna_us_english_s0,uniform_edge_count,avg_shortest_path_lcc,20,20,20,2.204081632653061,2.0258367346938777,0.1782448979591833,2.005591836734694,2.0503469387755104,descriptive_reference_not_treatment_CI
revision896_f2c6b9696988_local_gpt-6-luna_us_english_s0,uniform_edge_count,degree_one_share,20,20,20,0.0,0.001,-0.001,0.0,0.010499999999999971,descriptive_reference_not_treatment_CI
revision896_f2c6b9696988_local_gpt-6-luna_us_english_s0,uniform_edge_count,isolate_share,20,20,20,0.0,0.0,0.0,0.0,0.0,descriptive_reference_not_treatment_CI
revision896_f2c6b9696988_local_gpt-6-luna_us_english_s0,uniform_edge_count,degree_gini,20,20,20,0.23,0.17323333333333335,0.05676666666666666,0.14665238095238095,0.19445714285714286,descriptive_reference_not_treatment_CI
revision896_f2c6b9696988_local_gpt-6-luna_us_english_s0,uniform_edge_count,coleman_gender,20,20,20,0.2020985605731368,-0.029857895983921988,0.2319564565570588,-0.0897435044343543,0.060450291606541515,descriptive_reference_not_treatment_CI
revision896_f2c6b9696988_local_gpt-6-luna_us_english_s0,uniform_edge_count,coleman_religion,20,20,20,0.31908445470192454,-0.026222391414824582,0.3453068461167491,-0.060986955161279284,0.010119071929081808,descriptive_reference_not_treatment_CI
revision896_f2c6b9696988_local_gpt-6-luna_us_english_s0,uniform_edge_count,coleman_political orientation,20,20,20,0.4835235381058814,-0.039520192872683525,0.5230437309785649,-0.10406576496535447,0.041062016506332254,descriptive_reference_not_treatment_CI
revision896_f2c6b9696988_local_gpt-6-luna_us_english_s0,uniform_edge_count,age_assortativity,20,20,20,0.6459224729746981,-0.026728283403581736,0.6726507563782798,-0.1207688019355258,0.04959853156152002,descriptive_reference_not_treatment_CI
revision896_f2c6b9696988_local_gpt-6-luna_us_english_s1,degree_preserving_rewire,density,20,20,20,0.16,0.16000000000000003,-2.7755575615628914e-17,0.16,0.16,descriptive_reference_not_treatment_CI
revision896_f2c6b9696988_local_gpt-6-luna_us_english_s1,degree_preserving_rewire,avg_clustering_coef,20,20,20,0.47707016019830645,0.2458665877219653,0.23120357247634116,0.2227089634177162,0.27285383327580126,descriptive_reference_not_treatment_CI
revision896_f2c6b9696988_local_gpt-6-luna_us_english_s1,degree_preserving_rewire,prop_nodes_lcc,20,20,20,1.0,1.0,0.0,1.0,1.0,descriptive_reference_not_treatment_CI
revision896_f2c6b9696988_local_gpt-6-luna_us_english_s1,degree_preserving_rewire,global_efficiency,20,20,20,0.5188435374149657,0.5439251700680258,-0.02508163265306007,0.5387363945578214,0.5470493197278902,descriptive_reference_not_treatment_CI
revision896_f2c6b9696988_local_gpt-6-luna_us_english_s1,degree_preserving_rewire,num_components,20,20,20,1.0,1.0,0.0,1.0,1.0,descriptive_reference_not_treatment_CI
revision896_f2c6b9696988_local_gpt-6-luna_us_english_s1,degree_preserving_rewire,modularity,20,20,20,0.3807267805081216,0.24925551853394418,0.1314712619741774,0.23006331997084545,0.27811556382757185,descriptive_reference_not_treatment_CI
revision896_f2c6b9696988_local_gpt-6-luna_us_english_s1,degree_preserving_rewire,radius_lcc,20,20,20,3.0,2.15,0.8500000000000001,2.0,3.0,descriptive_reference_not_treatment_CI
revision896_f2c6b9696988_local_gpt-6-luna_us_english_s1,degree_preserving_rewire,diameter_lcc,20,20,20,4.0,3.8,0.20000000000000018,3.0,4.0,descriptive_reference_not_treatment_CI
revision896_f2c6b9696988_local_gpt-6-luna_us_english_s1,degree_preserving_rewire,avg_shortest_path_lcc,20,20,20,2.226122448979592,2.057265306122449,0.16885714285714304,2.0378979591836734,2.0893877551020408,descriptive_reference_not_treatment_CI
revision896_f2c6b9696988_local_gpt-6-luna_us_english_s1,degree_preserving_rewire,degree_one_share,20,20,20,0.0,0.0,0.0,0.0,0.0,descriptive_reference_not_treatment_CI
revision896_f2c6b9696988_local_gpt-6-luna_us_english_s1,degree_preserving_rewire,isolate_share,20,20,20,0.0,0.0,0.0,0.0,0.0,descriptive_reference_not_treatment_CI
revision896_f2c6b9696988_local_gpt-6-luna_us_english_s1,degree_preserving_rewire,degree_gini,20,20,20,0.27744897959183673,0.27744897959183673,0.0,0.27744897959183673,0.27744897959183673,descriptive_reference_not_treatment_CI
revision896_f2c6b9696988_local_gpt-6-luna_us_english_s1,degree_preserving_rewire,coleman_gender,20,20,20,0.23659238334379576,-0.03441501883239175,0.2710074021761875,-0.11104545930110905,0.03513561937643854,descriptive_reference_not_treatment_CI
revision896_f2c6b9696988_local_gpt-6-luna_us_english_s1,degree_preserving_rewire,coleman_religion,20,20,20,0.3281097817013676,-0.030247143669189645,0.35835692537055724,-0.07816787211972243,0.04897212853101665,descriptive_reference_not_treatment_CI
revision896_f2c6b9696988_local_gpt-6-luna_us_english_s1,degree_preserving_rewire,coleman_political orientation,20,20,20,0.4545798035786184,-0.020215156726915224,0.4747949603055336,-0.0700794582430164,0.031210021204407072,descriptive_reference_not_treatment_CI
revision896_f2c6b9696988_local_gpt-6-luna_us_english_s1,degree_preserving_rewire,age_assortativity,20,20,20,0.6322799536099908,-0.04185905793708568,0.6741390115470764,-0.12947422257118793,0.06408376133637762,descriptive_reference_not_treatment_CI
revision896_f2c6b9696988_local_gpt-6-luna_us_english_s1,equal_weight_demographic_similarity,density,1,1,1,0.16,0.16,0.0,,,descriptive_reference_not_treatment_CI
revision896_f2c6b9696988_local_gpt-6-luna_us_english_s1,equal_weight_demographic_similarity,avg_clustering_coef,1,1,1,0.47707016019830645,0.5561600621600623,-0.07908990196175586,,,descriptive_reference_not_treatment_CI
revision896_f2c6b9696988_local_gpt-6-luna_us_english_s1,equal_weight_demographic_similarity,prop_nodes_lcc,1,1,1,1.0,1.0,0.0,,,descriptive_reference_not_treatment_CI
revision896_f2c6b9696988_local_gpt-6-luna_us_english_s1,equal_weight_demographic_similarity,global_efficiency,1,1,1,0.5188435374149657,0.4677142857142874,0.05112925170067828,,,descriptive_reference_not_treatment_CI
revision896_f2c6b9696988_local_gpt-6-luna_us_english_s1,equal_weight_demographic_similarity,num_components,1,1,1,1.0,1.0,0.0,,,descriptive_reference_not_treatment_CI
revision896_f2c6b9696988_local_gpt-6-luna_us_english_s1,equal_weight_demographic_similarity,modularity,1,1,1,0.3807267805081216,0.5731596209912536,-0.19243284048313203,,,descriptive_reference_not_treatment_CI
revision896_f2c6b9696988_local_gpt-6-luna_us_english_s1,equal_weight_demographic_similarity,radius_lcc,1,1,1,3.0,4.0,-1.0,,,descriptive_reference_not_treatment_CI
revision896_f2c6b9696988_local_gpt-6-luna_us_english_s1,equal_weight_demographic_similarity,diameter_lcc,1,1,1,4.0,5.0,-1.0,,,descriptive_reference_not_treatment_CI
revision896_f2c6b9696988_local_gpt-6-luna_us_english_s1,equal_weight_demographic_similarity,avg_shortest_path_lcc,1,1,1,2.226122448979592,2.642448979591837,-0.416326530612245,,,descriptive_reference_not_treatment_CI
revision896_f2c6b9696988_local_gpt-6-luna_us_english_s1,equal_weight_demographic_similarity,degree_one_share,1,1,1,0.0,0.0,0.0,,,descriptive_reference_not_treatment_CI
revision896_f2c6b9696988_local_gpt-6-luna_us_english_s1,equal_weight_demographic_similarity,isolate_share,1,1,1,0.0,0.0,0.0,,,descriptive_reference_not_treatment_CI
revision896_f2c6b9696988_local_gpt-6-luna_us_english_s1,equal_weight_demographic_similarity,degree_gini,1,1,1,0.27744897959183673,0.19112244897959182,0.0863265306122449,,,descriptive_reference_not_treatment_CI
revision896_f2c6b9696988_local_gpt-6-luna_us_english_s1,equal_weight_demographic_similarity,coleman_gender,1,1,1,0.23659238334379576,0.721080586080586,-0.4844882027367903,,,descriptive_reference_not_treatment_CI
revision896_f2c6b9696988_local_gpt-6-luna_us_english_s1,equal_weight_demographic_similarity,coleman_religion,1,1,1,0.3281097817013676,0.3751732479825785,-0.047063466281210886,,,descriptive_reference_not_treatment_CI
revision896_f2c6b9696988_local_gpt-6-luna_us_english_s1,equal_weight_demographic_similarity,coleman_political orientation,1,1,1,0.4545798035786184,0.7602660972739714,-0.30568629369535305,,,descriptive_reference_not_treatment_CI
revision896_f2c6b9696988_local_gpt-6-luna_us_english_s1,equal_weight_demographic_similarity,age_assortativity,1,1,1,0.6322799536099908,0.3206934156128101,0.31158653799718067,,,descriptive_reference_not_treatment_CI
revision896_f2c6b9696988_local_gpt-6-luna_us_english_s1,uniform_edge_count,density,20,20,20,0.16,0.16000000000000003,-2.7755575615628914e-17,0.16,0.16,descriptive_reference_not_treatment_CI
revision896_f2c6b9696988_local_gpt-6-luna_us_english_s1,uniform_edge_count,avg_clustering_coef,20,20,20,0.47707016019830645,0.16129208242737658,0.31577807777092987,0.13927678612237437,0.1941046966921966,descriptive_reference_not_treatment_CI
revision896_f2c6b9696988_local_gpt-6-luna_us_english_s1,uniform_edge_count,prop_nodes_lcc,20,20,20,1.0,1.0,0.0,1.0,1.0,descriptive_reference_not_treatment_CI
revision896_f2c6b9696988_local_gpt-6-luna_us_english_s1,uniform_edge_count,global_efficiency,20,20,20,0.5188435374149657,0.5390272108843522,-0.020183673469386543,0.5352653061224478,0.5431037414965967,descriptive_reference_not_treatment_CI
revision896_f2c6b9696988_local_gpt-6-luna_us_english_s1,uniform_edge_count,num_components,20,20,20,1.0,1.0,0.0,1.0,1.0,descriptive_reference_not_treatment_CI
revision896_f2c6b9696988_local_gpt-6-luna_us_english_s1,uniform_edge_count,modularity,20,20,20,0.3807267805081216,0.2721470220741358,0.10857975843398576,0.24596196897126196,0.2999899130570595,descriptive_reference_not_treatment_CI
revision896_f2c6b9696988_local_gpt-6-luna_us_english_s1,uniform_edge_count,radius_lcc,20,20,20,3.0,2.9,0.10000000000000009,2.0,3.0,descriptive_reference_not_treatment_CI
revision896_f2c6b9696988_local_gpt-6-luna_us_english_s1,uniform_edge_count,diameter_lcc,20,20,20,4.0,3.9,0.10000000000000009,3.0,4.0,descriptive_reference_not_treatment_CI
revision896_f2c6b9696988_local_gpt-6-luna_us_english_s1,uniform_edge_count,avg_shortest_path_lcc,20,20,20,2.226122448979592,2.0877959183673473,0.13832653061224454,2.061959183673469,2.1120408163265307,descriptive_reference_not_treatment_CI
revision896_f2c6b9696988_local_gpt-6-luna_us_english_s1,uniform_edge_count,degree_one_share,20,20,20,0.0,0.002,-0.002,0.0,0.02,descriptive_reference_not_treatment_CI
revision896_f2c6b9696988_local_gpt-6-luna_us_english_s1,uniform_edge_count,isolate_share,20,20,20,0.0,0.0,0.0,0.0,0.0,descriptive_reference_not_treatment_CI
revision896_f2c6b9696988_local_gpt-6-luna_us_english_s1,uniform_edge_count,degree_gini,20,20,20,0.27744897959183673,0.17639795918367346,0.10105102040816327,0.14700765306122449,0.20730867346938775,descriptive_reference_not_treatment_CI
revision896_f2c6b9696988_local_gpt-6-luna_us_english_s1,uniform_edge_count,coleman_gender,20,20,20,0.23659238334379576,-0.020995393621909258,0.257587776965705,-0.08530084477875398,0.06447015323514568,descriptive_reference_not_treatment_CI
revision896_f2c6b9696988_local_gpt-6-luna_us_english_s1,uniform_edge_count,coleman_religion,20,20,20,0.3281097817013676,-0.02431243981723378,0.3524222215186014,-0.08268019430535196,0.03871687397232996,descriptive_reference_not_treatment_CI
revision896_f2c6b9696988_local_gpt-6-luna_us_english_s1,uniform_edge_count,coleman_political orientation,20,20,20,0.4545798035786184,-0.023226942201045337,0.4778067457796637,-0.08708112338516003,0.03642746257710682,descriptive_reference_not_treatment_CI
revision896_f2c6b9696988_local_gpt-6-luna_us_english_s1,uniform_edge_count,age_assortativity,20,20,20,0.6322799536099908,-0.023821702465368043,0.6561016560753589,-0.13513714770845958,0.129400076469742,descriptive_reference_not_treatment_CI
revision896_f2c6b9696988_local_gpt-6-luna_us_hindi_s0,degree_preserving_rewire,density,20,20,20,0.1730612244897959,0.17306122448979588,2.7755575615628914e-17,0.1730612244897959,0.1730612244897959,descriptive_reference_not_treatment_CI
revision896_f2c6b9696988_local_gpt-6-luna_us_hindi_s0,degree_preserving_rewire,avg_clustering_coef,20,20,20,0.5173966033966034,0.21261226828726826,0.30478433510933517,0.17752559940059937,0.2534448301698301,descriptive_reference_not_treatment_CI
revision896_f2c6b9696988_local_gpt-6-luna_us_hindi_s0,degree_preserving_rewire,prop_nodes_lcc,20,20,20,1.0,1.0,0.0,1.0,1.0,descriptive_reference_not_treatment_CI
revision896_f2c6b9696988_local_gpt-6-luna_us_hindi_s0,degree_preserving_rewire,global_efficiency,20,20,20,0.5181224489795904,0.5496496598639438,-0.031527210884353396,0.5473112244897941,0.5528163265306099,descriptive_reference_not_treatment_CI
revision896_f2c6b9696988_local_gpt-6-luna_us_hindi_s0,degree_preserving_rewire,num_components,20,20,20,1.0,1.0,0.0,1.0,1.0,descriptive_reference_not_treatment_CI
revision896_f2c6b9696988_local_gpt-6-luna_us_hindi_s0,degree_preserving_rewire,modularity,20,20,20,0.4374777500889996,0.2474763038447846,0.19000144624421497,0.2235075872196511,0.2735395714667141,descriptive_reference_not_treatment_CI
revision896_f2c6b9696988_local_gpt-6-luna_us_hindi_s0,degree_preserving_rewire,radius_lcc,20,20,20,3.0,2.85,0.1499999999999999,2.0,3.0,descriptive_reference_not_treatment_CI
revision896_f2c6b9696988_local_gpt-6-luna_us_hindi_s0,degree_preserving_rewire,diameter_lcc,20,20,20,5.0,4.0,1.0,4.0,4.0,descriptive_reference_not_treatment_CI
revision896_f2c6b9696988_local_gpt-6-luna_us_hindi_s0,degree_preserving_rewire,avg_shortest_path_lcc,20,20,20,2.2644897959183674,2.050448979591837,0.2140408163265306,2.0312448979591835,2.0661632653061224,descriptive_reference_not_treatment_CI
revision896_f2c6b9696988_local_gpt-6-luna_us_hindi_s0,degree_preserving_rewire,degree_one_share,20,20,20,0.0,0.0,0.0,0.0,0.0,descriptive_reference_not_treatment_CI
revision896_f2c6b9696988_local_gpt-6-luna_us_hindi_s0,degree_preserving_rewire,isolate_share,20,20,20,0.0,0.0,0.0,0.0,0.0,descriptive_reference_not_treatment_CI
revision896_f2c6b9696988_local_gpt-6-luna_us_hindi_s0,degree_preserving_rewire,degree_gini,20,20,20,0.23735849056603772,0.23735849056603775,-2.7755575615628914e-17,0.23735849056603772,0.23735849056603772,descriptive_reference_not_treatment_CI
revision896_f2c6b9696988_local_gpt-6-luna_us_hindi_s0,degree_preserving_rewire,coleman_gender,20,20,20,0.23707847343108557,-0.03295426639110018,0.27003273982218573,-0.10151599611425148,0.037465948085703735,descriptive_reference_not_treatment_CI
revision896_f2c6b9696988_local_gpt-6-luna_us_hindi_s0,degree_preserving_rewire,coleman_religion,20,20,20,0.2840602234577566,-0.026016225235864714,0.31007644869362133,-0.08529103664362206,0.013679327669484199,descriptive_reference_not_treatment_CI
revision896_f2c6b9696988_local_gpt-6-luna_us_hindi_s0,degree_preserving_rewire,coleman_political orientation,20,20,20,0.5596502746765906,-0.01599403392803165,0.5756443086046222,-0.09725507304729446,0.048275169718339145,descriptive_reference_not_treatment_CI
revision896_f2c6b9696988_local_gpt-6-luna_us_hindi_s0,degree_preserving_rewire,age_assortativity,20,20,20,0.6293743965035328,-0.03157972687474101,0.6609541233782738,-0.11849038901333471,0.10581955727862116,descriptive_reference_not_treatment_CI
revision896_f2c6b9696988_local_gpt-6-luna_us_hindi_s0,equal_weight_demographic_similarity,density,1,1,1,0.1730612244897959,0.1730612244897959,0.0,,,descriptive_reference_not_treatment_CI
revision896_f2c6b9696988_local_gpt-6-luna_us_hindi_s0,equal_weight_demographic_similarity,avg_clustering_coef,1,1,1,0.5173966033966034,0.5915720945720947,-0.07417549117549127,,,descriptive_reference_not_treatment_CI
revision896_f2c6b9696988_local_gpt-6-luna_us_hindi_s0,equal_weight_demographic_similarity,prop_nodes_lcc,1,1,1,1.0,1.0,0.0,,,descriptive_reference_not_treatment_CI
revision896_f2c6b9696988_local_gpt-6-luna_us_hindi_s0,equal_weight_demographic_similarity,global_efficiency,1,1,1,0.5181224489795904,0.4795102040816342,0.03861224489795617,,,descriptive_reference_not_treatment_CI
revision896_f2c6b9696988_local_gpt-6-luna_us_hindi_s0,equal_weight_demographic_similarity,num_components,1,1,1,1.0,1.0,0.0,,,descriptive_reference_not_treatment_CI
revision896_f2c6b9696988_local_gpt-6-luna_us_hindi_s0,equal_weight_demographic_similarity,modularity,1,1,1,0.4374777500889996,0.5728350836596654,-0.13535733357066582,,,descriptive_reference_not_treatment_CI
revision896_f2c6b9696988_local_gpt-6-luna_us_hindi_s0,equal_weight_demographic_similarity,radius_lcc,1,1,1,3.0,4.0,-1.0,,,descriptive_reference_not_treatment_CI
revision896_f2c6b9696988_local_gpt-6-luna_us_hindi_s0,equal_weight_demographic_similarity,diameter_lcc,1,1,1,5.0,5.0,0.0,,,descriptive_reference_not_treatment_CI
revision896_f2c6b9696988_local_gpt-6-luna_us_hindi_s0,equal_weight_demographic_similarity,avg_shortest_path_lcc,1,1,1,2.2644897959183674,2.5844897959183672,-0.31999999999999984,,,descriptive_reference_not_treatment_CI
revision896_f2c6b9696988_local_gpt-6-luna_us_hindi_s0,equal_weight_demographic_similarity,degree_one_share,1,1,1,0.0,0.0,0.0,,,descriptive_reference_not_treatment_CI
revision896_f2c6b9696988_local_gpt-6-luna_us_hindi_s0,equal_weight_demographic_similarity,isolate_share,1,1,1,0.0,0.0,0.0,,,descriptive_reference_not_treatment_CI
revision896_f2c6b9696988_local_gpt-6-luna_us_hindi_s0,equal_weight_demographic_similarity,degree_gini,1,1,1,0.23735849056603772,0.18924528301886792,0.0481132075471698,,,descriptive_reference_not_treatment_CI
revision896_f2c6b9696988_local_gpt-6-luna_us_hindi_s0,equal_weight_demographic_similarity,coleman_gender,1,1,1,0.23707847343108557,0.7324854252827745,-0.4954069518516889,,,descriptive_reference_not_treatment_CI
revision896_f2c6b9696988_local_gpt-6-luna_us_hindi_s0,equal_weight_demographic_similarity,coleman_religion,1,1,1,0.2840602234577566,0.33932676518883415,-0.055266541731077534,,,descriptive_reference_not_treatment_CI
revision896_f2c6b9696988_local_gpt-6-luna_us_hindi_s0,equal_weight_demographic_similarity,coleman_political orientation,1,1,1,0.5596502746765906,0.7716069487758987,-0.21195667409930818,,,descriptive_reference_not_treatment_CI
revision896_f2c6b9696988_local_gpt-6-luna_us_hindi_s0,equal_weight_demographic_similarity,age_assortativity,1,1,1,0.6293743965035328,0.19494475896864683,0.43442963753488595,,,descriptive_reference_not_treatment_CI
revision896_f2c6b9696988_local_gpt-6-luna_us_hindi_s0,uniform_edge_count,density,20,20,20,0.1730612244897959,0.17306122448979588,2.7755575615628914e-17,0.1730612244897959,0.1730612244897959,descriptive_reference_not_treatment_CI
revision896_f2c6b9696988_local_gpt-6-luna_us_hindi_s0,uniform_edge_count,avg_clustering_coef,20,20,20,0.5173966033966034,0.18315207341677928,0.3342445299798241,0.16781805833055832,0.20947536352536347,descriptive_reference_not_treatment_CI
revision896_f2c6b9696988_local_gpt-6-luna_us_hindi_s0,uniform_edge_count,prop_nodes_lcc,20,20,20,1.0,1.0,0.0,1.0,1.0,descriptive_reference_not_treatment_CI
revision896_f2c6b9696988_local_gpt-6-luna_us_hindi_s0,uniform_edge_count,global_efficiency,20,20,20,0.5181224489795904,0.5543877551020391,-0.036265306122448715,0.5498741496598631,0.5584421768707467,descriptive_reference_not_treatment_CI
revision896_f2c6b9696988_local_gpt-6-luna_us_hindi_s0,uniform_edge_count,num_components,20,20,20,1.0,1.0,0.0,1.0,1.0,descriptive_reference_not_treatment_CI
revision896_f2c6b9696988_local_gpt-6-luna_us_hindi_s0,uniform_edge_count,modularity,20,20,20,0.4374777500889996,0.25631953097187604,0.18115821911712354,0.2358023317906728,0.28131257787468844,descriptive_reference_not_treatment_CI
revision896_f2c6b9696988_local_gpt-6-luna_us_hindi_s0,uniform_edge_count,radius_lcc,20,20,20,3.0,2.9,0.10000000000000009,2.0,3.0,descriptive_reference_not_treatment_CI
revision896_f2c6b9696988_local_gpt-6-luna_us_hindi_s0,uniform_edge_count,diameter_lcc,20,20,20,5.0,3.5,1.5,3.0,4.0,descriptive_reference_not_treatment_CI
revision896_f2c6b9696988_local_gpt-6-luna_us_hindi_s0,uniform_edge_count,avg_shortest_path_lcc,20,20,20,2.2644897959183674,2.020612244897959,0.2438775510204083,1.9954693877551022,2.0485306122448983,descriptive_reference_not_treatment_CI
revision896_f2c6b9696988_local_gpt-6-luna_us_hindi_s0,uniform_edge_count,degree_one_share,20,20,20,0.0,0.002,-0.002,0.0,0.02,descriptive_reference_not_treatment_CI
revision896_f2c6b9696988_local_gpt-6-luna_us_hindi_s0,uniform_edge_count,isolate_share,20,20,20,0.0,0.0,0.0,0.0,0.0,descriptive_reference_not_treatment_CI
revision896_f2c6b9696988_local_gpt-6-luna_us_hindi_s0,uniform_edge_count,degree_gini,20,20,20,0.23735849056603772,0.1687311320754717,0.06862735849056603,0.1327995283018868,0.20968160377358488,descriptive_reference_not_treatment_CI
revision896_f2c6b9696988_local_gpt-6-luna_us_hindi_s0,uniform_edge_count,coleman_gender,20,20,20,0.23707847343108557,-0.025149035255359286,0.26222750868644484,-0.10372673650499378,0.07182067641023063,descriptive_reference_not_treatment_CI
revision896_f2c6b9696988_local_gpt-6-luna_us_hindi_s0,uniform_edge_count,coleman_religion,20,20,20,0.2840602234577566,-0.029301018997086082,0.3133612424548427,-0.06772442761092194,0.008353596096604592,descriptive_reference_not_treatment_CI
revision896_f2c6b9696988_local_gpt-6-luna_us_hindi_s0,uniform_edge_count,coleman_political orientation,20,20,20,0.5596502746765906,-0.03701573768713196,0.5966660123637225,-0.0890812163836184,0.038770913348868265,descriptive_reference_not_treatment_CI
revision896_f2c6b9696988_local_gpt-6-luna_us_hindi_s0,uniform_edge_count,age_assortativity,20,20,20,0.6293743965035328,-0.023276851494279032,0.6526512479978118,-0.11287199440698081,0.10366413941582431,descriptive_reference_not_treatment_CI
revision896_f2c6b9696988_local_gpt-6-luna_us_hindi_s1,degree_preserving_rewire,density,20,20,20,0.16081632653061226,0.16081632653061229,-2.7755575615628914e-17,0.16081632653061226,0.16081632653061226,descriptive_reference_not_treatment_CI
revision896_f2c6b9696988_local_gpt-6-luna_us_hindi_s1,degree_preserving_rewire,avg_clustering_coef,20,20,20,0.39779598179598175,0.21164838962207383,0.18614759217390792,0.18050732469285102,0.253552981229297,descriptive_reference_not_treatment_CI
revision896_f2c6b9696988_local_gpt-6-luna_us_hindi_s1,degree_preserving_rewire,prop_nodes_lcc,20,20,20,1.0,1.0,0.0,1.0,1.0,descriptive_reference_not_treatment_CI
revision896_f2c6b9696988_local_gpt-6-luna_us_hindi_s1,degree_preserving_rewire,global_efficiency,20,20,20,0.5303401360544204,0.5440306122448966,-0.013690476190476142,0.5399404761904748,0.5476020408163249,descriptive_reference_not_treatment_CI
revision896_f2c6b9696988_local_gpt-6-luna_us_hindi_s1,degree_preserving_rewire,num_components,20,20,20,1.0,1.0,0.0,1.0,1.0,descriptive_reference_not_treatment_CI
revision896_f2c6b9696988_local_gpt-6-luna_us_hindi_s1,degree_preserving_rewire,modularity,20,20,20,0.3624674688860831,0.24898219485170964,0.11348527403437347,0.22122510242469529,0.2683050323378598,descriptive_reference_not_treatment_CI
revision896_f2c6b9696988_local_gpt-6-luna_us_hindi_s1,degree_preserving_rewire,radius_lcc,20,20,20,2.0,2.3,-0.2999999999999998,2.0,3.0,descriptive_reference_not_treatment_CI
revision896_f2c6b9696988_local_gpt-6-luna_us_hindi_s1,degree_preserving_rewire,diameter_lcc,20,20,20,4.0,3.9,0.10000000000000009,3.0,4.0,descriptive_reference_not_treatment_CI
revision896_f2c6b9696988_local_gpt-6-luna_us_hindi_s1,degree_preserving_rewire,avg_shortest_path_lcc,20,20,20,2.143673469387755,2.0585714285714287,0.08510204081632633,2.0368367346938774,2.0838163265306124,descriptive_reference_not_treatment_CI
revision896_f2c6b9696988_local_gpt-6-luna_us_hindi_s1,degree_preserving_rewire,degree_one_share,20,20,20,0.0,0.0,0.0,0.0,0.0,descriptive_reference_not_treatment_CI
revision896_f2c6b9696988_local_gpt-6-luna_us_hindi_s1,degree_preserving_rewire,isolate_share,20,20,20,0.0,0.0,0.0,0.0,0.0,descriptive_reference_not_treatment_CI
revision896_f2c6b9696988_local_gpt-6-luna_us_hindi_s1,degree_preserving_rewire,degree_gini,20,20,20,0.2448730964467005,0.24487309644670047,2.7755575615628914e-17,0.2448730964467005,0.2448730964467005,descriptive_reference_not_treatment_CI
revision896_f2c6b9696988_local_gpt-6-luna_us_hindi_s1,degree_preserving_rewire,coleman_gender,20,20,20,0.3056826059560877,-0.0522457830009853,0.357928388957073,-0.15623532452772115,0.018523372888869523,descriptive_reference_not_treatment_CI
revision896_f2c6b9696988_local_gpt-6-luna_us_hindi_s1,degree_preserving_rewire,coleman_religion,20,20,20,0.3755168761134383,-0.027798678318647997,0.40331555443208633,-0.08616669675959364,0.029278985507246343,descriptive_reference_not_treatment_CI
revision896_f2c6b9696988_local_gpt-6-luna_us_hindi_s1,degree_preserving_rewire,coleman_political orientation,20,20,20,0.46419498415074195,-0.035482145777042375,0.49967712992778435,-0.10267220132701817,0.02682853077489479,descriptive_reference_not_treatment_CI
revision896_f2c6b9696988_local_gpt-6-luna_us_hindi_s1,degree_preserving_rewire,age_assortativity,20,20,20,0.4910197300988905,-0.03870969282529245,0.5297294229241829,-0.15360369488404763,0.05240203098124356,descriptive_reference_not_treatment_CI
revision896_f2c6b9696988_local_gpt-6-luna_us_hindi_s1,equal_weight_demographic_similarity,density,1,1,1,0.16081632653061226,0.16081632653061226,0.0,,,descriptive_reference_not_treatment_CI
revision896_f2c6b9696988_local_gpt-6-luna_us_hindi_s1,equal_weight_demographic_similarity,avg_clustering_coef,1,1,1,0.39779598179598175,0.561958041958042,-0.16416206016206025,,,descriptive_reference_not_treatment_CI
revision896_f2c6b9696988_local_gpt-6-luna_us_hindi_s1,equal_weight_demographic_similarity,prop_nodes_lcc,1,1,1,1.0,1.0,0.0,,,descriptive_reference_not_treatment_CI
revision896_f2c6b9696988_local_gpt-6-luna_us_hindi_s1,equal_weight_demographic_similarity,global_efficiency,1,1,1,0.5303401360544204,0.46853061224489956,0.06180952380952087,,,descriptive_reference_not_treatment_CI
revision896_f2c6b9696988_local_gpt-6-luna_us_hindi_s1,equal_weight_demographic_similarity,num_components,1,1,1,1.0,1.0,0.0,,,descriptive_reference_not_treatment_CI
revision896_f2c6b9696988_local_gpt-6-luna_us_hindi_s1,equal_weight_demographic_similarity,modularity,1,1,1,0.3624674688860831,0.5738230822747301,-0.211355613388647,,,descriptive_reference_not_treatment_CI
revision896_f2c6b9696988_local_gpt-6-luna_us_hindi_s1,equal_weight_demographic_similarity,radius_lcc,1,1,1,2.0,4.0,-2.0,,,descriptive_reference_not_treatment_CI
revision896_f2c6b9696988_local_gpt-6-luna_us_hindi_s1,equal_weight_demographic_similarity,diameter_lcc,1,1,1,4.0,5.0,-1.0,,,descriptive_reference_not_treatment_CI
revision896_f2c6b9696988_local_gpt-6-luna_us_hindi_s1,equal_weight_demographic_similarity,avg_shortest_path_lcc,1,1,1,2.143673469387755,2.6383673469387756,-0.49469387755102057,,,descriptive_reference_not_treatment_CI
revision896_f2c6b9696988_local_gpt-6-luna_us_hindi_s1,equal_weight_demographic_similarity,degree_one_share,1,1,1,0.0,0.0,0.0,,,descriptive_reference_not_treatment_CI
revision896_f2c6b9696988_local_gpt-6-luna_us_hindi_s1,equal_weight_demographic_similarity,isolate_share,1,1,1,0.0,0.0,0.0,,,descriptive_reference_not_treatment_CI
revision896_f2c6b9696988_local_gpt-6-luna_us_hindi_s1,equal_weight_demographic_similarity,degree_gini,1,1,1,0.2448730964467005,0.19065989847715736,0.05421319796954313,,,descriptive_reference_not_treatment_CI
revision896_f2c6b9696988_local_gpt-6-luna_us_hindi_s1,equal_weight_demographic_similarity,coleman_gender,1,1,1,0.3056826059560877,0.7224840948525159,-0.41680148889642815,,,descriptive_reference_not_treatment_CI
revision896_f2c6b9696988_local_gpt-6-luna_us_hindi_s1,equal_weight_demographic_similarity,coleman_religion,1,1,1,0.3755168761134383,0.37233392566512763,0.003182950448310684,,,descriptive_reference_not_treatment_CI
revision896_f2c6b9696988_local_gpt-6-luna_us_hindi_s1,equal_weight_demographic_similarity,coleman_political orientation,1,1,1,0.46419498415074195,0.7617125338055573,-0.2975175496548153,,,descriptive_reference_not_treatment_CI
revision896_f2c6b9696988_local_gpt-6-luna_us_hindi_s1,equal_weight_demographic_similarity,age_assortativity,1,1,1,0.4910197300988905,0.3148237351318567,0.1761959949670338,,,descriptive_reference_not_treatment_CI
revision896_f2c6b9696988_local_gpt-6-luna_us_hindi_s1,uniform_edge_count,density,20,20,20,0.16081632653061226,0.16081632653061229,-2.7755575615628914e-17,0.16081632653061226,0.16081632653061226,descriptive_reference_not_treatment_CI
revision896_f2c6b9696988_local_gpt-6-luna_us_hindi_s1,uniform_edge_count,avg_clustering_coef,20,20,20,0.39779598179598175,0.1592437451437452,0.23855223665223654,0.13340508935508935,0.18523755411255408,descriptive_reference_not_treatment_CI
revision896_f2c6b9696988_local_gpt-6-luna_us_hindi_s1,uniform_edge_count,prop_nodes_lcc,20,20,20,1.0,1.0,0.0,1.0,1.0,descriptive_reference_not_treatment_CI
revision896_f2c6b9696988_local_gpt-6-luna_us_hindi_s1,uniform_edge_count,global_efficiency,20,20,20,0.5303401360544204,0.540462585034012,-0.01012244897959158,0.5368928571428575,0.5436156462585013,descriptive_reference_not_treatment_CI
revision896_f2c6b9696988_local_gpt-6-luna_us_hindi_s1,uniform_edge_count,num_components,20,20,20,1.0,1.0,0.0,1.0,1.0,descriptive_reference_not_treatment_CI
revision896_f2c6b9696988_local_gpt-6-luna_us_hindi_s1,uniform_edge_count,modularity,20,20,20,0.3624674688860831,0.2720541626942204,0.09041330619186272,0.2514333015537633,0.2932966579917029,descriptive_reference_not_treatment_CI
revision896_f2c6b9696988_local_gpt-6-luna_us_hindi_s1,uniform_edge_count,radius_lcc,20,20,20,2.0,2.95,-0.9500000000000002,2.475,3.0,descriptive_reference_not_treatment_CI
revision896_f2c6b9696988_local_gpt-6-luna_us_hindi_s1,uniform_edge_count,diameter_lcc,20,20,20,4.0,3.8,0.20000000000000018,3.0,4.0,descriptive_reference_not_treatment_CI
revision896_f2c6b9696988_local_gpt-6-luna_us_hindi_s1,uniform_edge_count,avg_shortest_path_lcc,20,20,20,2.143673469387755,2.079877551020408,0.06379591836734688,2.059938775510204,2.1029795918367347,descriptive_reference_not_treatment_CI
revision896_f2c6b9696988_local_gpt-6-luna_us_hindi_s1,uniform_edge_count,degree_one_share,20,20,20,0.0,0.0,0.0,0.0,0.0,descriptive_reference_not_treatment_CI
revision896_f2c6b9696988_local_gpt-6-luna_us_hindi_s1,uniform_edge_count,isolate_share,20,20,20,0.0,0.0,0.0,0.0,0.0,descriptive_reference_not_treatment_CI
revision896_f2c6b9696988_local_gpt-6-luna_us_hindi_s1,uniform_edge_count,degree_gini,20,20,20,0.2448730964467005,0.16850761421319793,0.07636548223350256,0.1503020304568528,0.19615228426395936,descriptive_reference_not_treatment_CI
revision896_f2c6b9696988_local_gpt-6-luna_us_hindi_s1,uniform_edge_count,coleman_gender,20,20,20,0.3056826059560877,-0.016863857039737327,0.322546462995825,-0.10647970334591758,0.09315741097909397,descriptive_reference_not_treatment_CI
revision896_f2c6b9696988_local_gpt-6-luna_us_hindi_s1,uniform_edge_count,coleman_religion,20,20,20,0.3755168761134383,-0.013288425214698304,0.3888053013281366,-0.0835480826139539,0.06237210641643881,descriptive_reference_not_treatment_CI
revision896_f2c6b9696988_local_gpt-6-luna_us_hindi_s1,uniform_edge_count,coleman_political orientation,20,20,20,0.46419498415074195,-0.04865170582808404,0.512846689978826,-0.1321797889052366,0.021381807766892573,descriptive_reference_not_treatment_CI
revision896_f2c6b9696988_local_gpt-6-luna_us_hindi_s1,uniform_edge_count,age_assortativity,20,20,20,0.4910197300988905,-0.04697144980252693,0.5379911799014174,-0.13848998496764875,0.0803300376975486,descriptive_reference_not_treatment_CI
revision896_f2c6b9696988_local_gpt-6-luna_us_japanese_s0,degree_preserving_rewire,density,20,20,20,0.1763265306122449,0.17632653061224488,2.7755575615628914e-17,0.1763265306122449,0.1763265306122449,descriptive_reference_not_treatment_CI
revision896_f2c6b9696988_local_gpt-6-luna_us_japanese_s0,degree_preserving_rewire,avg_clustering_coef,20,20,20,0.4585143549261197,0.20118013195954365,0.25733422296657604,0.17577576247282134,0.24182617578499926,descriptive_reference_not_treatment_CI
revision896_f2c6b9696988_local_gpt-6-luna_us_japanese_s0,degree_preserving_rewire,prop_nodes_lcc,20,20,20,1.0,1.0,0.0,1.0,1.0,descriptive_reference_not_treatment_CI
revision896_f2c6b9696988_local_gpt-6-luna_us_japanese_s0,degree_preserving_rewire,global_efficiency,20,20,20,0.5267346938775495,0.5527312925170051,-0.025996598639455692,0.5487227891156448,0.556367346938774,descriptive_reference_not_treatment_CI
revision896_f2c6b9696988_local_gpt-6-luna_us_japanese_s0,degree_preserving_rewire,num_components,20,20,20,1.0,1.0,0.0,1.0,1.0,descriptive_reference_not_treatment_CI
revision896_f2c6b9696988_local_gpt-6-luna_us_japanese_s0,degree_preserving_rewire,modularity,20,20,20,0.4173311042524006,0.24125996656378607,0.17607113768861454,0.22336891289437588,0.26492117841220847,descriptive_reference_not_treatment_CI
revision896_f2c6b9696988_local_gpt-6-luna_us_japanese_s0,degree_preserving_rewire,radius_lcc,20,20,20,3.0,2.8,0.20000000000000018,2.0,3.0,descriptive_reference_not_treatment_CI
revision896_f2c6b9696988_local_gpt-6-luna_us_japanese_s0,degree_preserving_rewire,diameter_lcc,20,20,20,4.0,4.0,0.0,4.0,4.0,descriptive_reference_not_treatment_CI
revision896_f2c6b9696988_local_gpt-6-luna_us_japanese_s0,degree_preserving_rewire,avg_shortest_path_lcc,20,20,20,2.2081632653061223,2.0401632653061226,0.1679999999999997,2.0172448979591837,2.0674897959183673,descriptive_reference_not_treatment_CI
revision896_f2c6b9696988_local_gpt-6-luna_us_japanese_s0,degree_preserving_rewire,degree_one_share,20,20,20,0.02,0.020000000000000004,-3.469446951953614e-18,0.02,0.02,descriptive_reference_not_treatment_CI
revision896_f2c6b9696988_local_gpt-6-luna_us_japanese_s0,degree_preserving_rewire,isolate_share,20,20,20,0.0,0.0,0.0,0.0,0.0,descriptive_reference_not_treatment_CI
revision896_f2c6b9696988_local_gpt-6-luna_us_japanese_s0,degree_preserving_rewire,degree_gini,20,20,20,0.235,0.23500000000000001,-2.7755575615628914e-17,0.235,0.235,descriptive_reference_not_treatment_CI
revision896_f2c6b9696988_local_gpt-6-luna_us_japanese_s0,degree_preserving_rewire,coleman_gender,20,20,20,0.2706099478085896,-0.014351820411243207,0.2849617682198328,-0.10211026221467653,0.07184745016663513,descriptive_reference_not_treatment_CI
revision896_f2c6b9696988_local_gpt-6-luna_us_japanese_s0,degree_preserving_rewire,coleman_religion,20,20,20,0.3361235743008987,-0.019492006739143624,0.3556155810400423,-0.05747396502400343,0.024588696544402683,descriptive_reference_not_treatment_CI
revision896_f2c6b9696988_local_gpt-6-luna_us_japanese_s0,degree_preserving_rewire,coleman_political orientation,20,20,20,0.543867057989178,-0.025635102757376006,0.569502160746554,-0.10476398894966597,0.03534225538044527,descriptive_reference_not_treatment_CI
revision896_f2c6b9696988_local_gpt-6-luna_us_japanese_s0,degree_preserving_rewire,age_assortativity,20,20,20,0.5045195840718926,-0.0304130092141665,0.534932593286059,-0.10775822919214663,0.07085956071264254,descriptive_reference_not_treatment_CI
revision896_f2c6b9696988_local_gpt-6-luna_us_japanese_s0,equal_weight_demographic_similarity,density,1,1,1,0.1763265306122449,0.1763265306122449,0.0,,,descriptive_reference_not_treatment_CI
revision896_f2c6b9696988_local_gpt-6-luna_us_japanese_s0,equal_weight_demographic_similarity,avg_clustering_coef,1,1,1,0.4585143549261197,0.5930248640248643,-0.13451050909874462,,,descriptive_reference_not_treatment_CI
revision896_f2c6b9696988_local_gpt-6-luna_us_japanese_s0,equal_weight_demographic_similarity,prop_nodes_lcc,1,1,1,1.0,1.0,0.0,,,descriptive_reference_not_treatment_CI
revision896_f2c6b9696988_local_gpt-6-luna_us_japanese_s0,equal_weight_demographic_similarity,global_efficiency,1,1,1,0.5267346938775495,0.48257142857143015,0.044163265306119304,,,descriptive_reference_not_treatment_CI
revision896_f2c6b9696988_local_gpt-6-luna_us_japanese_s0,equal_weight_demographic_similarity,num_components,1,1,1,1.0,1.0,0.0,,,descriptive_reference_not_treatment_CI
revision896_f2c6b9696988_local_gpt-6-luna_us_japanese_s0,equal_weight_demographic_similarity,modularity,1,1,1,0.4173311042524006,0.5664651920438958,-0.14913408779149517,,,descriptive_reference_not_treatment_CI
revision896_f2c6b9696988_local_gpt-6-luna_us_japanese_s0,equal_weight_demographic_similarity,radius_lcc,1,1,1,3.0,4.0,-1.0,,,descriptive_reference_not_treatment_CI
revision896_f2c6b9696988_local_gpt-6-luna_us_japanese_s0,equal_weight_demographic_similarity,diameter_lcc,1,1,1,4.0,5.0,-1.0,,,descriptive_reference_not_treatment_CI
revision896_f2c6b9696988_local_gpt-6-luna_us_japanese_s0,equal_weight_demographic_similarity,avg_shortest_path_lcc,1,1,1,2.2081632653061223,2.569795918367347,-0.36163265306122483,,,descriptive_reference_not_treatment_CI
revision896_f2c6b9696988_local_gpt-6-luna_us_japanese_s0,equal_weight_demographic_similarity,degree_one_share,1,1,1,0.02,0.0,0.02,,,descriptive_reference_not_treatment_CI
revision896_f2c6b9696988_local_gpt-6-luna_us_japanese_s0,equal_weight_demographic_similarity,isolate_share,1,1,1,0.0,0.0,0.0,,,descriptive_reference_not_treatment_CI
revision896_f2c6b9696988_local_gpt-6-luna_us_japanese_s0,equal_weight_demographic_similarity,degree_gini,1,1,1,0.235,0.18722222222222223,0.04777777777777775,,,descriptive_reference_not_treatment_CI
revision896_f2c6b9696988_local_gpt-6-luna_us_japanese_s0,equal_weight_demographic_similarity,coleman_gender,1,1,1,0.2706099478085896,0.7220796647900888,-0.4514697169814992,,,descriptive_reference_not_treatment_CI
revision896_f2c6b9696988_local_gpt-6-luna_us_japanese_s0,equal_weight_demographic_similarity,coleman_religion,1,1,1,0.3361235743008987,0.3400238869213044,-0.0039003126204057437,,,descriptive_reference_not_treatment_CI
revision896_f2c6b9696988_local_gpt-6-luna_us_japanese_s0,equal_weight_demographic_similarity,coleman_political orientation,1,1,1,0.543867057989178,0.7759180529178012,-0.23205099492862324,,,descriptive_reference_not_treatment_CI
revision896_f2c6b9696988_local_gpt-6-luna_us_japanese_s0,equal_weight_demographic_similarity,age_assortativity,1,1,1,0.5045195840718926,0.16081548670046042,0.34370409737143215,,,descriptive_reference_not_treatment_CI
revision896_f2c6b9696988_local_gpt-6-luna_us_japanese_s0,uniform_edge_count,density,20,20,20,0.1763265306122449,0.17632653061224488,2.7755575615628914e-17,0.1763265306122449,0.1763265306122449,descriptive_reference_not_treatment_CI
revision896_f2c6b9696988_local_gpt-6-luna_us_japanese_s0,uniform_edge_count,avg_clustering_coef,20,20,20,0.4585143549261197,0.17922992024315554,0.27928443468296416,0.15254850566100572,0.20295506993006993,descriptive_reference_not_treatment_CI
revision896_f2c6b9696988_local_gpt-6-luna_us_japanese_s0,uniform_edge_count,prop_nodes_lcc,20,20,20,1.0,1.0,0.0,1.0,1.0,descriptive_reference_not_treatment_CI
revision896_f2c6b9696988_local_gpt-6-luna_us_japanese_s0,uniform_edge_count,global_efficiency,20,20,20,0.5267346938775495,0.5580238095238077,-0.03128911564625825,0.5539608843537401,0.5604081632653042,descriptive_reference_not_treatment_CI
revision896_f2c6b9696988_local_gpt-6-luna_us_japanese_s0,uniform_edge_count,num_components,20,20,20,1.0,1.0,0.0,1.0,1.0,descriptive_reference_not_treatment_CI
revision896_f2c6b9696988_local_gpt-6-luna_us_japanese_s0,uniform_edge_count,modularity,20,20,20,0.4173311042524006,0.24917588305898491,0.1681552211934157,0.22752673825445816,0.2748622899519891,descriptive_reference_not_treatment_CI
revision896_f2c6b9696988_local_gpt-6-luna_us_japanese_s0,uniform_edge_count,radius_lcc,20,20,20,3.0,2.9,0.10000000000000009,2.0,3.0,descriptive_reference_not_treatment_CI
revision896_f2c6b9696988_local_gpt-6-luna_us_japanese_s0,uniform_edge_count,diameter_lcc,20,20,20,4.0,3.6,0.3999999999999999,3.0,4.0,descriptive_reference_not_treatment_CI
revision896_f2c6b9696988_local_gpt-6-luna_us_japanese_s0,uniform_edge_count,avg_shortest_path_lcc,20,20,20,2.2081632653061223,2.005142857142857,0.2030204081632654,1.9902040816326532,2.029938775510204,descriptive_reference_not_treatment_CI
revision896_f2c6b9696988_local_gpt-6-luna_us_japanese_s0,uniform_edge_count,degree_one_share,20,20,20,0.02,0.002,0.018000000000000002,0.0,0.02,descriptive_reference_not_treatment_CI
revision896_f2c6b9696988_local_gpt-6-luna_us_japanese_s0,uniform_edge_count,isolate_share,20,20,20,0.0,0.0,0.0,0.0,0.0,descriptive_reference_not_treatment_CI
revision896_f2c6b9696988_local_gpt-6-luna_us_japanese_s0,uniform_edge_count,degree_gini,20,20,20,0.235,0.1725,0.0625,0.14395370370370372,0.19685416666666666,descriptive_reference_not_treatment_CI
revision896_f2c6b9696988_local_gpt-6-luna_us_japanese_s0,uniform_edge_count,coleman_gender,20,20,20,0.2706099478085896,-0.032306265347558656,0.30291621315614825,-0.0883757254104859,0.03365219096846131,descriptive_reference_not_treatment_CI
revision896_f2c6b9696988_local_gpt-6-luna_us_japanese_s0,uniform_edge_count,coleman_religion,20,20,20,0.3361235743008987,-0.01858164410358953,0.3547052184044882,-0.05990695376852183,0.036813879669788455,descriptive_reference_not_treatment_CI
revision896_f2c6b9696988_local_gpt-6-luna_us_japanese_s0,uniform_edge_count,coleman_political orientation,20,20,20,0.543867057989178,-0.009145309741850155,0.5530123677310281,-0.07607166183094204,0.0678719693481459,descriptive_reference_not_treatment_CI
revision896_f2c6b9696988_local_gpt-6-luna_us_japanese_s0,uniform_edge_count,age_assortativity,20,20,20,0.5045195840718926,-0.01952905925012131,0.5240486433220138,-0.1087923800032198,0.05774588906614964,descriptive_reference_not_treatment_CI
revision896_f2c6b9696988_local_gpt-6-luna_us_japanese_s1,degree_preserving_rewire,density,20,20,20,0.15918367346938775,0.15918367346938778,-2.7755575615628914e-17,0.15918367346938775,0.15918367346938775,descriptive_reference_not_treatment_CI
revision896_f2c6b9696988_local_gpt-6-luna_us_japanese_s1,degree_preserving_rewire,avg_clustering_coef,20,20,20,0.4858277687225055,0.23505232282337546,0.25077544589913003,0.19900213879687567,0.2621792675161097,descriptive_reference_not_treatment_CI
revision896_f2c6b9696988_local_gpt-6-luna_us_japanese_s1,degree_preserving_rewire,prop_nodes_lcc,20,20,20,1.0,1.0,0.0,1.0,1.0,descriptive_reference_not_treatment_CI
revision896_f2c6b9696988_local_gpt-6-luna_us_japanese_s1,degree_preserving_rewire,global_efficiency,20,20,20,0.5215646258503379,0.5392340136054399,-0.017669387755101962,0.5338122448979575,0.5436615646258482,descriptive_reference_not_treatment_CI
revision896_f2c6b9696988_local_gpt-6-luna_us_japanese_s1,degree_preserving_rewire,num_components,20,20,20,1.0,1.0,0.0,1.0,1.0,descriptive_reference_not_treatment_CI
revision896_f2c6b9696988_local_gpt-6-luna_us_japanese_s1,degree_preserving_rewire,modularity,20,20,20,0.360249835634451,0.24920775805391188,0.11104207758053913,0.23179750164365548,0.2669513477975016,descriptive_reference_not_treatment_CI
revision896_f2c6b9696988_local_gpt-6-luna_us_japanese_s1,degree_preserving_rewire,radius_lcc,20,20,20,3.0,2.5,0.5,2.0,3.0,descriptive_reference_not_treatment_CI
revision896_f2c6b9696988_local_gpt-6-luna_us_japanese_s1,degree_preserving_rewire,diameter_lcc,20,20,20,4.0,4.1,-0.09999999999999964,4.0,5.0,descriptive_reference_not_treatment_CI
revision896_f2c6b9696988_local_gpt-6-luna_us_japanese_s1,degree_preserving_rewire,avg_shortest_path_lcc,20,20,20,2.2048979591836733,2.0882857142857145,0.11661224489795874,2.0574081632653063,2.1278571428571427,descriptive_reference_not_treatment_CI
revision896_f2c6b9696988_local_gpt-6-luna_us_japanese_s1,degree_preserving_rewire,degree_one_share,20,20,20,0.02,0.020000000000000004,-3.469446951953614e-18,0.02,0.02,descriptive_reference_not_treatment_CI
revision896_f2c6b9696988_local_gpt-6-luna_us_japanese_s1,degree_preserving_rewire,isolate_share,20,20,20,0.0,0.0,0.0,0.0,0.0,descriptive_reference_not_treatment_CI
revision896_f2c6b9696988_local_gpt-6-luna_us_japanese_s1,degree_preserving_rewire,degree_gini,20,20,20,0.28717948717948716,0.28717948717948716,0.0,0.28717948717948716,0.28717948717948716,descriptive_reference_not_treatment_CI
revision896_f2c6b9696988_local_gpt-6-luna_us_japanese_s1,degree_preserving_rewire,coleman_gender,20,20,20,0.36918818499722805,-0.03527753493397021,0.4044657199311983,-0.1301522586251013,0.043303019318520986,descriptive_reference_not_treatment_CI
revision896_f2c6b9696988_local_gpt-6-luna_us_japanese_s1,degree_preserving_rewire,coleman_religion,20,20,20,0.30272475473468313,-0.031073683959085573,0.3337984386937687,-0.057219009693851505,-0.006307946853342498,descriptive_reference_not_treatment_CI
revision896_f2c6b9696988_local_gpt-6-luna_us_japanese_s1,degree_preserving_rewire,coleman_political orientation,20,20,20,0.4636425255899279,-0.019291617532986437,0.48293414312291433,-0.06894237053563407,0.02211217961937064,descriptive_reference_not_treatment_CI
revision896_f2c6b9696988_local_gpt-6-luna_us_japanese_s1,degree_preserving_rewire,age_assortativity,20,20,20,0.4991211956670105,-0.01096670189879166,0.5100878975658022,-0.11371563447862731,0.10750958982588493,descriptive_reference_not_treatment_CI
revision896_f2c6b9696988_local_gpt-6-luna_us_japanese_s1,equal_weight_demographic_similarity,density,1,1,1,0.15918367346938775,0.15918367346938775,0.0,,,descriptive_reference_not_treatment_CI
revision896_f2c6b9696988_local_gpt-6-luna_us_japanese_s1,equal_weight_demographic_similarity,avg_clustering_coef,1,1,1,0.4858277687225055,0.5522206682206684,-0.0663928994981629,,,descriptive_reference_not_treatment_CI
revision896_f2c6b9696988_local_gpt-6-luna_us_japanese_s1,equal_weight_demographic_similarity,prop_nodes_lcc,1,1,1,1.0,1.0,0.0,,,descriptive_reference_not_treatment_CI
revision896_f2c6b9696988_local_gpt-6-luna_us_japanese_s1,equal_weight_demographic_similarity,global_efficiency,1,1,1,0.5215646258503379,0.4671700680272127,0.05439455782312519,,,descriptive_reference_not_treatment_CI
revision896_f2c6b9696988_local_gpt-6-luna_us_japanese_s1,equal_weight_demographic_similarity,num_components,1,1,1,1.0,1.0,0.0,,,descriptive_reference_not_treatment_CI
revision896_f2c6b9696988_local_gpt-6-luna_us_japanese_s1,equal_weight_demographic_similarity,modularity,1,1,1,0.360249835634451,0.5724523339907954,-0.21220249835634442,,,descriptive_reference_not_treatment_CI
revision896_f2c6b9696988_local_gpt-6-luna_us_japanese_s1,equal_weight_demographic_similarity,radius_lcc,1,1,1,3.0,4.0,-1.0,,,descriptive_reference_not_treatment_CI
revision896_f2c6b9696988_local_gpt-6-luna_us_japanese_s1,equal_weight_demographic_similarity,diameter_lcc,1,1,1,4.0,5.0,-1.0,,,descriptive_reference_not_treatment_CI
revision896_f2c6b9696988_local_gpt-6-luna_us_japanese_s1,equal_weight_demographic_similarity,avg_shortest_path_lcc,1,1,1,2.2048979591836733,2.6440816326530614,-0.43918367346938814,,,descriptive_reference_not_treatment_CI
revision896_f2c6b9696988_local_gpt-6-luna_us_japanese_s1,equal_weight_demographic_similarity,degree_one_share,1,1,1,0.02,0.0,0.02,,,descriptive_reference_not_treatment_CI
revision896_f2c6b9696988_local_gpt-6-luna_us_japanese_s1,equal_weight_demographic_similarity,isolate_share,1,1,1,0.0,0.0,0.0,,,descriptive_reference_not_treatment_CI
revision896_f2c6b9696988_local_gpt-6-luna_us_japanese_s1,equal_weight_demographic_similarity,degree_gini,1,1,1,0.28717948717948716,0.18964102564102564,0.09753846153846152,,,descriptive_reference_not_treatment_CI
revision896_f2c6b9696988_local_gpt-6-luna_us_japanese_s1,equal_weight_demographic_similarity,coleman_gender,1,1,1,0.36918818499722805,0.7196391446391446,-0.3504509596419165,,,descriptive_reference_not_treatment_CI
revision896_f2c6b9696988_local_gpt-6-luna_us_japanese_s1,equal_weight_demographic_similarity,coleman_religion,1,1,1,0.30272475473468313,0.37878790501828824,-0.07606315028360511,,,descriptive_reference_not_treatment_CI
revision896_f2c6b9696988_local_gpt-6-luna_us_japanese_s1,equal_weight_demographic_similarity,coleman_political orientation,1,1,1,0.4636425255899279,0.7587733747733749,-0.295130849183447,,,descriptive_reference_not_treatment_CI
revision896_f2c6b9696988_local_gpt-6-luna_us_japanese_s1,equal_weight_demographic_similarity,age_assortativity,1,1,1,0.4991211956670105,0.328192727067498,0.1709284685995125,,,descriptive_reference_not_treatment_CI
revision896_f2c6b9696988_local_gpt-6-luna_us_japanese_s1,uniform_edge_count,density,20,20,20,0.15918367346938775,0.15918367346938778,-2.7755575615628914e-17,0.15918367346938775,0.15918367346938775,descriptive_reference_not_treatment_CI
revision896_f2c6b9696988_local_gpt-6-luna_us_japanese_s1,uniform_edge_count,avg_clustering_coef,20,20,20,0.4858277687225055,0.16503709901209904,0.3207906697104065,0.12094423076923075,0.1945222513597513,descriptive_reference_not_treatment_CI
revision896_f2c6b9696988_local_gpt-6-luna_us_japanese_s1,uniform_edge_count,prop_nodes_lcc,20,20,20,1.0,1.0,0.0,1.0,1.0,descriptive_reference_not_treatment_CI
revision896_f2c6b9696988_local_gpt-6-luna_us_japanese_s1,uniform_edge_count,global_efficiency,20,20,20,0.5215646258503379,0.538193877551019,-0.01662925170068108,0.534261904761903,0.5415102040816315,descriptive_reference_not_treatment_CI
revision896_f2c6b9696988_local_gpt-6-luna_us_japanese_s1,uniform_edge_count,num_components,20,20,20,1.0,1.0,0.0,1.0,1.0,descriptive_reference_not_treatment_CI
revision896_f2c6b9696988_local_gpt-6-luna_us_japanese_s1,uniform_edge_count,modularity,20,20,20,0.360249835634451,0.27015121630506245,0.09009861932938856,0.25263214990138066,0.29071564760026297,descriptive_reference_not_treatment_CI
revision896_f2c6b9696988_local_gpt-6-luna_us_japanese_s1,uniform_edge_count,radius_lcc,20,20,20,3.0,2.75,0.25,2.0,3.0,descriptive_reference_not_treatment_CI
revision896_f2c6b9696988_local_gpt-6-luna_us_japanese_s1,uniform_edge_count,diameter_lcc,20,20,20,4.0,3.95,0.04999999999999982,3.475,4.0,descriptive_reference_not_treatment_CI
revision896_f2c6b9696988_local_gpt-6-luna_us_japanese_s1,uniform_edge_count,avg_shortest_path_lcc,20,20,20,2.2048979591836733,2.0910612244897964,0.1138367346938769,2.0696938775510203,2.1188775510204083,descriptive_reference_not_treatment_CI
revision896_f2c6b9696988_local_gpt-6-luna_us_japanese_s1,uniform_edge_count,degree_one_share,20,20,20,0.02,0.001,0.019,0.0,0.010499999999999971,descriptive_reference_not_treatment_CI
revision896_f2c6b9696988_local_gpt-6-luna_us_japanese_s1,uniform_edge_count,isolate_share,20,20,20,0.0,0.0,0.0,0.0,0.0,descriptive_reference_not_treatment_CI
revision896_f2c6b9696988_local_gpt-6-luna_us_japanese_s1,uniform_edge_count,degree_gini,20,20,20,0.28717948717948716,0.1798820512820513,0.10729743589743587,0.15374102564102565,0.20027692307692305,descriptive_reference_not_treatment_CI
revision896_f2c6b9696988_local_gpt-6-luna_us_japanese_s1,uniform_edge_count,coleman_gender,20,20,20,0.36918818499722805,-0.009173943881747724,0.3783621288789758,-0.06918505475252835,0.05636772437617842,descriptive_reference_not_treatment_CI
revision896_f2c6b9696988_local_gpt-6-luna_us_japanese_s1,uniform_edge_count,coleman_religion,20,20,20,0.30272475473468313,-0.02169384122125719,0.3244185959559403,-0.07393710373288188,0.030068490373273353,descriptive_reference_not_treatment_CI
revision896_f2c6b9696988_local_gpt-6-luna_us_japanese_s1,uniform_edge_count,coleman_political orientation,20,20,20,0.4636425255899279,-0.04686984018156544,0.5105123657714934,-0.1005403067832375,0.025084385517486704,descriptive_reference_not_treatment_CI
revision896_f2c6b9696988_local_gpt-6-luna_us_japanese_s1,uniform_edge_count,age_assortativity,20,20,20,0.4991211956670105,-0.016339993751687067,0.5154611894186976,-0.137590580872862,0.09951269750825101,descriptive_reference_not_treatment_CI
revision896_f2c6b9696988_local_gpt-6-luna_us_portuguese_s0,degree_preserving_rewire,density,20,20,20,0.17795918367346938,0.17795918367346936,2.7755575615628914e-17,0.17795918367346938,0.17795918367346938,descriptive_reference_not_treatment_CI
revision896_f2c6b9696988_local_gpt-6-luna_us_portuguese_s0,degree_preserving_rewire,avg_clustering_coef,20,20,20,0.4530488955488956,0.20646211566211564,0.24658677988677996,0.18262098179598177,0.2435536144411144,descriptive_reference_not_treatment_CI
revision896_f2c6b9696988_local_gpt-6-luna_us_portuguese_s0,degree_preserving_rewire,prop_nodes_lcc,20,20,20,1.0,1.0,0.0,1.0,1.0,descriptive_reference_not_treatment_CI
revision896_f2c6b9696988_local_gpt-6-luna_us_portuguese_s0,degree_preserving_rewire,global_efficiency,20,20,20,0.5230204081632635,0.5551068027210868,-0.03208639455782336,0.5514292517006786,0.5585748299319706,descriptive_reference_not_treatment_CI
revision896_f2c6b9696988_local_gpt-6-luna_us_portuguese_s0,degree_preserving_rewire,num_components,20,20,20,1.0,1.0,0.0,1.0,1.0,descriptive_reference_not_treatment_CI
revision896_f2c6b9696988_local_gpt-6-luna_us_portuguese_s0,degree_preserving_rewire,modularity,20,20,20,0.43126630754986955,0.23726538170187697,0.19400092584799258,0.22277980599276156,0.2574909519400724,descriptive_reference_not_treatment_CI
revision896_f2c6b9696988_local_gpt-6-luna_us_portuguese_s0,degree_preserving_rewire,radius_lcc,20,20,20,3.0,2.9,0.10000000000000009,2.0,3.0,descriptive_reference_not_treatment_CI
revision896_f2c6b9696988_local_gpt-6-luna_us_portuguese_s0,degree_preserving_rewire,diameter_lcc,20,20,20,5.0,4.05,0.9500000000000002,4.0,4.524999999999999,descriptive_reference_not_treatment_CI
revision896_f2c6b9696988_local_gpt-6-luna_us_portuguese_s0,degree_preserving_rewire,avg_shortest_path_lcc,20,20,20,2.2424489795918365,2.0286530612244897,0.2137959183673468,2.006877551020408,2.0568367346938774,descriptive_reference_not_treatment_CI
revision896_f2c6b9696988_local_gpt-6-luna_us_portuguese_s0,degree_preserving_rewire,degree_one_share,20,20,20,0.02,0.020000000000000004,-3.469446951953614e-18,0.02,0.02,descriptive_reference_not_treatment_CI
revision896_f2c6b9696988_local_gpt-6-luna_us_portuguese_s0,degree_preserving_rewire,isolate_share,20,20,20,0.0,0.0,0.0,0.0,0.0,descriptive_reference_not_treatment_CI
revision896_f2c6b9696988_local_gpt-6-luna_us_portuguese_s0,degree_preserving_rewire,degree_gini,20,20,20,0.2344954128440367,0.23449541284403672,-2.7755575615628914e-17,0.2344954128440367,0.2344954128440367,descriptive_reference_not_treatment_CI
revision896_f2c6b9696988_local_gpt-6-luna_us_portuguese_s0,degree_preserving_rewire,coleman_gender,20,20,20,0.25232774674115455,-0.036925225612376496,0.28925297235353103,-0.08690552929379747,0.030942916487609155,descriptive_reference_not_treatment_CI
revision896_f2c6b9696988_local_gpt-6-luna_us_portuguese_s0,degree_preserving_rewire,coleman_religion,20,20,20,0.3080948835230295,-0.014940032975215418,0.3230349164982449,-0.06898993458142752,0.04141022231677477,descriptive_reference_not_treatment_CI
revision896_f2c6b9696988_local_gpt-6-luna_us_portuguese_s0,degree_preserving_rewire,coleman_political orientation,20,20,20,0.496864864515449,-0.019447274254737655,0.5163121387701867,-0.0944399880316661,0.06408001884072892,descriptive_reference_not_treatment_CI
revision896_f2c6b9696988_local_gpt-6-luna_us_portuguese_s0,degree_preserving_rewire,age_assortativity,20,20,20,0.631724077391144,-0.0020729885475436107,0.6337970659386876,-0.07421318756683194,0.0671303618948999,descriptive_reference_not_treatment_CI
revision896_f2c6b9696988_local_gpt-6-luna_us_portuguese_s0,equal_weight_demographic_similarity,density,1,1,1,0.17795918367346938,0.17795918367346938,0.0,,,descriptive_reference_not_treatment_CI
revision896_f2c6b9696988_local_gpt-6-luna_us_portuguese_s0,equal_weight_demographic_similarity,avg_clustering_coef,1,1,1,0.4530488955488956,0.5930537240537243,-0.14000482850482865,,,descriptive_reference_not_treatment_CI
revision896_f2c6b9696988_local_gpt-6-luna_us_portuguese_s0,equal_weight_demographic_similarity,prop_nodes_lcc,1,1,1,1.0,1.0,0.0,,,descriptive_reference_not_treatment_CI
revision896_f2c6b9696988_local_gpt-6-luna_us_portuguese_s0,equal_weight_demographic_similarity,global_efficiency,1,1,1,0.5230204081632635,0.4847482993197294,0.03827210884353405,,,descriptive_reference_not_treatment_CI
revision896_f2c6b9696988_local_gpt-6-luna_us_portuguese_s0,equal_weight_demographic_similarity,num_components,1,1,1,1.0,1.0,0.0,,,descriptive_reference_not_treatment_CI
revision896_f2c6b9696988_local_gpt-6-luna_us_portuguese_s0,equal_weight_demographic_similarity,modularity,1,1,1,0.43126630754986955,0.5629681844962545,-0.13170187694638497,,,descriptive_reference_not_treatment_CI
revision896_f2c6b9696988_local_gpt-6-luna_us_portuguese_s0,equal_weight_demographic_similarity,radius_lcc,1,1,1,3.0,4.0,-1.0,,,descriptive_reference_not_treatment_CI
revision896_f2c6b9696988_local_gpt-6-luna_us_portuguese_s0,equal_weight_demographic_similarity,diameter_lcc,1,1,1,5.0,5.0,0.0,,,descriptive_reference_not_treatment_CI
revision896_f2c6b9696988_local_gpt-6-luna_us_portuguese_s0,equal_weight_demographic_similarity,avg_shortest_path_lcc,1,1,1,2.2424489795918365,2.556734693877551,-0.3142857142857145,,,descriptive_reference_not_treatment_CI
revision896_f2c6b9696988_local_gpt-6-luna_us_portuguese_s0,equal_weight_demographic_similarity,degree_one_share,1,1,1,0.02,0.0,0.02,,,descriptive_reference_not_treatment_CI
revision896_f2c6b9696988_local_gpt-6-luna_us_portuguese_s0,equal_weight_demographic_similarity,isolate_share,1,1,1,0.0,0.0,0.0,,,descriptive_reference_not_treatment_CI
revision896_f2c6b9696988_local_gpt-6-luna_us_portuguese_s0,equal_weight_demographic_similarity,degree_gini,1,1,1,0.2344954128440367,0.1873394495412844,0.04715596330275229,,,descriptive_reference_not_treatment_CI
revision896_f2c6b9696988_local_gpt-6-luna_us_portuguese_s0,equal_weight_demographic_similarity,coleman_gender,1,1,1,0.25232774674115455,0.7242298813049461,-0.4719021345637916,,,descriptive_reference_not_treatment_CI
revision896_f2c6b9696988_local_gpt-6-luna_us_portuguese_s0,equal_weight_demographic_similarity,coleman_religion,1,1,1,0.3080948835230295,0.34075090000594344,-0.03265601648291394,,,descriptive_reference_not_treatment_CI
revision896_f2c6b9696988_local_gpt-6-luna_us_portuguese_s0,equal_weight_demographic_similarity,coleman_political orientation,1,1,1,0.496864864515449,0.7710609341793749,-0.27419606966392596,,,descriptive_reference_not_treatment_CI
revision896_f2c6b9696988_local_gpt-6-luna_us_portuguese_s0,equal_weight_demographic_similarity,age_assortativity,1,1,1,0.631724077391144,0.1434934397502681,0.48823063764087593,,,descriptive_reference_not_treatment_CI
revision896_f2c6b9696988_local_gpt-6-luna_us_portuguese_s0,uniform_edge_count,density,20,20,20,0.17795918367346938,0.17795918367346936,2.7755575615628914e-17,0.17795918367346938,0.17795918367346938,descriptive_reference_not_treatment_CI
revision896_f2c6b9696988_local_gpt-6-luna_us_portuguese_s0,uniform_edge_count,avg_clustering_coef,20,20,20,0.4530488955488956,0.17895343094298205,0.27409546460591355,0.15194227994227996,0.2164953666216824,descriptive_reference_not_treatment_CI
revision896_f2c6b9696988_local_gpt-6-luna_us_portuguese_s0,uniform_edge_count,prop_nodes_lcc,20,20,20,1.0,1.0,0.0,1.0,1.0,descriptive_reference_not_treatment_CI
revision896_f2c6b9696988_local_gpt-6-luna_us_portuguese_s0,uniform_edge_count,global_efficiency,20,20,20,0.5230204081632635,0.5601700680272094,-0.037149659863945916,0.5568282312925149,0.5638061224489787,descriptive_reference_not_treatment_CI
revision896_f2c6b9696988_local_gpt-6-luna_us_portuguese_s0,uniform_edge_count,num_components,20,20,20,1.0,1.0,0.0,1.0,1.0,descriptive_reference_not_treatment_CI
revision896_f2c6b9696988_local_gpt-6-luna_us_portuguese_s0,uniform_edge_count,modularity,20,20,20,0.43126630754986955,0.2484707726622338,0.18279553488763575,0.22920313946637488,0.27142575330359403,descriptive_reference_not_treatment_CI
revision896_f2c6b9696988_local_gpt-6-luna_us_portuguese_s0,uniform_edge_count,radius_lcc,20,20,20,3.0,2.65,0.3500000000000001,2.0,3.0,descriptive_reference_not_treatment_CI
revision896_f2c6b9696988_local_gpt-6-luna_us_portuguese_s0,uniform_edge_count,diameter_lcc,20,20,20,5.0,3.45,1.5499999999999998,3.0,4.0,descriptive_reference_not_treatment_CI
revision896_f2c6b9696988_local_gpt-6-luna_us_portuguese_s0,uniform_edge_count,avg_shortest_path_lcc,20,20,20,2.2424489795918365,1.995142857142857,0.24730612244897943,1.9730816326530611,2.0155510204081635,descriptive_reference_not_treatment_CI
revision896_f2c6b9696988_local_gpt-6-luna_us_portuguese_s0,uniform_edge_count,degree_one_share,20,20,20,0.02,0.0,0.02,0.0,0.0,descriptive_reference_not_treatment_CI
revision896_f2c6b9696988_local_gpt-6-luna_us_portuguese_s0,uniform_edge_count,isolate_share,20,20,20,0.0,0.0,0.0,0.0,0.0,descriptive_reference_not_treatment_CI
revision896_f2c6b9696988_local_gpt-6-luna_us_portuguese_s0,uniform_edge_count,degree_gini,20,20,20,0.2344954128440367,0.16479357798165137,0.06970183486238532,0.1344243119266055,0.19882798165137613,descriptive_reference_not_treatment_CI
revision896_f2c6b9696988_local_gpt-6-luna_us_portuguese_s0,uniform_edge_count,coleman_gender,20,20,20,0.25232774674115455,-0.023873791858142934,0.27620153859929747,-0.10197619562356275,0.03919465386308603,descriptive_reference_not_treatment_CI
revision896_f2c6b9696988_local_gpt-6-luna_us_portuguese_s0,uniform_edge_count,coleman_religion,20,20,20,0.3080948835230295,-0.01942614866526298,0.3275210321882925,-0.06507428896382536,0.06225420896763706,descriptive_reference_not_treatment_CI
revision896_f2c6b9696988_local_gpt-6-luna_us_portuguese_s0,uniform_edge_count,coleman_political orientation,20,20,20,0.496864864515449,-0.017109450802980177,0.5139743153184292,-0.10331000056923068,0.03615747275208315,descriptive_reference_not_treatment_CI
revision896_f2c6b9696988_local_gpt-6-luna_us_portuguese_s0,uniform_edge_count,age_assortativity,20,20,20,0.631724077391144,-0.03390723964800545,0.6656313170391495,-0.11171377493032289,0.06752441014809923,descriptive_reference_not_treatment_CI
revision896_f2c6b9696988_local_gpt-6-luna_us_portuguese_s1,degree_preserving_rewire,density,20,20,20,0.16326530612244897,0.163265306122449,-2.7755575615628914e-17,0.16326530612244897,0.16326530612244897,descriptive_reference_not_treatment_CI
revision896_f2c6b9696988_local_gpt-6-luna_us_portuguese_s1,degree_preserving_rewire,avg_clustering_coef,20,20,20,0.46406238206238193,0.2535385836385836,0.21052379842379831,0.21872604340104335,0.2945373903873904,descriptive_reference_not_treatment_CI
revision896_f2c6b9696988_local_gpt-6-luna_us_portuguese_s1,degree_preserving_rewire,prop_nodes_lcc,20,20,20,1.0,1.0,0.0,1.0,1.0,descriptive_reference_not_treatment_CI
revision896_f2c6b9696988_local_gpt-6-luna_us_portuguese_s1,degree_preserving_rewire,global_efficiency,20,20,20,0.52190476190476,0.5449489795918345,-0.023044217687074542,0.5402278911564603,0.5502755102040793,descriptive_reference_not_treatment_CI
revision896_f2c6b9696988_local_gpt-6-luna_us_portuguese_s1,degree_preserving_rewire,num_components,20,20,20,1.0,1.0,0.0,1.0,1.0,descriptive_reference_not_treatment_CI
revision896_f2c6b9696988_local_gpt-6-luna_us_portuguese_s1,degree_preserving_rewire,modularity,20,20,20,0.37100000000000005,0.24445812500000003,0.12654187500000003,0.22982875,0.2709846875,descriptive_reference_not_treatment_CI
revision896_f2c6b9696988_local_gpt-6-luna_us_portuguese_s1,degree_preserving_rewire,radius_lcc,20,20,20,3.0,2.35,0.6499999999999999,2.0,3.0,descriptive_reference_not_treatment_CI
revision896_f2c6b9696988_local_gpt-6-luna_us_portuguese_s1,degree_preserving_rewire,diameter_lcc,20,20,20,4.0,3.9,0.10000000000000009,3.0,4.0,descriptive_reference_not_treatment_CI
revision896_f2c6b9696988_local_gpt-6-luna_us_portuguese_s1,degree_preserving_rewire,avg_shortest_path_lcc,20,20,20,2.2146938775510203,2.0592244897959184,0.15546938775510188,2.025265306122449,2.0891428571428574,descriptive_reference_not_treatment_CI
revision896_f2c6b9696988_local_gpt-6-luna_us_portuguese_s1,degree_preserving_rewire,degree_one_share,20,20,20,0.0,0.0,0.0,0.0,0.0,descriptive_reference_not_treatment_CI
revision896_f2c6b9696988_local_gpt-6-luna_us_portuguese_s1,degree_preserving_rewire,isolate_share,20,20,20,0.0,0.0,0.0,0.0,0.0,descriptive_reference_not_treatment_CI
revision896_f2c6b9696988_local_gpt-6-luna_us_portuguese_s1,degree_preserving_rewire,degree_gini,20,20,20,0.279,0.279,0.0,0.279,0.279,descriptive_reference_not_treatment_CI
revision896_f2c6b9696988_local_gpt-6-luna_us_portuguese_s1,degree_preserving_rewire,coleman_gender,20,20,20,0.25730127360562144,-0.04318456302151958,0.300485836627141,-0.12316370223978926,0.06138010540184448,descriptive_reference_not_treatment_CI
revision896_f2c6b9696988_local_gpt-6-luna_us_portuguese_s1,degree_preserving_rewire,coleman_religion,20,20,20,0.287461229393881,-0.03560907491799364,0.32307030431187467,-0.06837447556381594,-0.0011090566125929319,descriptive_reference_not_treatment_CI
revision896_f2c6b9696988_local_gpt-6-luna_us_portuguese_s1,degree_preserving_rewire,coleman_political orientation,20,20,20,0.43304641030823904,-0.03841016925455868,0.47145657956279774,-0.11692903773806113,0.0200654500886278,descriptive_reference_not_treatment_CI
revision896_f2c6b9696988_local_gpt-6-luna_us_portuguese_s1,degree_preserving_rewire,age_assortativity,20,20,20,0.5419601608746603,-0.044809482760936145,0.5867696436355964,-0.1393420537925768,0.07069444108766716,descriptive_reference_not_treatment_CI
revision896_f2c6b9696988_local_gpt-6-luna_us_portuguese_s1,equal_weight_demographic_similarity,density,1,1,1,0.16326530612244897,0.16326530612244897,0.0,,,descriptive_reference_not_treatment_CI
revision896_f2c6b9696988_local_gpt-6-luna_us_portuguese_s1,equal_weight_demographic_similarity,avg_clustering_coef,1,1,1,0.46406238206238193,0.5669420579420581,-0.10287967587967617,,,descriptive_reference_not_treatment_CI
revision896_f2c6b9696988_local_gpt-6-luna_us_portuguese_s1,equal_weight_demographic_similarity,prop_nodes_lcc,1,1,1,1.0,1.0,0.0,,,descriptive_reference_not_treatment_CI
revision896_f2c6b9696988_local_gpt-6-luna_us_portuguese_s1,equal_weight_demographic_similarity,global_efficiency,1,1,1,0.52190476190476,0.4704353741496617,0.051469387755098295,,,descriptive_reference_not_treatment_CI
revision896_f2c6b9696988_local_gpt-6-luna_us_portuguese_s1,equal_weight_demographic_similarity,num_components,1,1,1,1.0,1.0,0.0,,,descriptive_reference_not_treatment_CI
revision896_f2c6b9696988_local_gpt-6-luna_us_portuguese_s1,equal_weight_demographic_similarity,modularity,1,1,1,0.37100000000000005,0.5761125,-0.20511249999999998,,,descriptive_reference_not_treatment_CI
revision896_f2c6b9696988_local_gpt-6-luna_us_portuguese_s1,equal_weight_demographic_similarity,radius_lcc,1,1,1,3.0,4.0,-1.0,,,descriptive_reference_not_treatment_CI
revision896_f2c6b9696988_local_gpt-6-luna_us_portuguese_s1,equal_weight_demographic_similarity,diameter_lcc,1,1,1,4.0,5.0,-1.0,,,descriptive_reference_not_treatment_CI
revision896_f2c6b9696988_local_gpt-6-luna_us_portuguese_s1,equal_weight_demographic_similarity,avg_shortest_path_lcc,1,1,1,2.2146938775510203,2.6318367346938776,-0.41714285714285726,,,descriptive_reference_not_treatment_CI
revision896_f2c6b9696988_local_gpt-6-luna_us_portuguese_s1,equal_weight_demographic_similarity,degree_one_share,1,1,1,0.0,0.0,0.0,,,descriptive_reference_not_treatment_CI
revision896_f2c6b9696988_local_gpt-6-luna_us_portuguese_s1,equal_weight_demographic_similarity,isolate_share,1,1,1,0.0,0.0,0.0,,,descriptive_reference_not_treatment_CI
revision896_f2c6b9696988_local_gpt-6-luna_us_portuguese_s1,equal_weight_demographic_similarity,degree_gini,1,1,1,0.279,0.1907,0.08830000000000002,,,descriptive_reference_not_treatment_CI
revision896_f2c6b9696988_local_gpt-6-luna_us_portuguese_s1,equal_weight_demographic_similarity,coleman_gender,1,1,1,0.25730127360562144,0.7264814299624426,-0.46918015635682114,,,descriptive_reference_not_treatment_CI
revision896_f2c6b9696988_local_gpt-6-luna_us_portuguese_s1,equal_weight_demographic_similarity,coleman_religion,1,1,1,0.287461229393881,0.36306634541928656,-0.07560511602540554,,,descriptive_reference_not_treatment_CI
revision896_f2c6b9696988_local_gpt-6-luna_us_portuguese_s1,equal_weight_demographic_similarity,coleman_political orientation,1,1,1,0.43304641030823904,0.7657958026379081,-0.3327493923296691,,,descriptive_reference_not_treatment_CI
revision896_f2c6b9696988_local_gpt-6-luna_us_portuguese_s1,equal_weight_demographic_similarity,age_assortativity,1,1,1,0.5419601608746603,0.29335725009063546,0.2486029107840248,,,descriptive_reference_not_treatment_CI
revision896_f2c6b9696988_local_gpt-6-luna_us_portuguese_s1,uniform_edge_count,density,20,20,20,0.16326530612244897,0.163265306122449,-2.7755575615628914e-17,0.16326530612244897,0.16326530612244897,descriptive_reference_not_treatment_CI
revision896_f2c6b9696988_local_gpt-6-luna_us_portuguese_s1,uniform_edge_count,avg_clustering_coef,20,20,20,0.46406238206238193,0.157513566988567,0.30654881507381493,0.13414055944055947,0.19359354118104113,descriptive_reference_not_treatment_CI
revision896_f2c6b9696988_local_gpt-6-luna_us_portuguese_s1,uniform_edge_count,prop_nodes_lcc,20,20,20,1.0,1.0,0.0,1.0,1.0,descriptive_reference_not_treatment_CI
revision896_f2c6b9696988_local_gpt-6-luna_us_portuguese_s1,uniform_edge_count,global_efficiency,20,20,20,0.52190476190476,0.5434115646258488,-0.021506802721088847,0.5396173469387748,0.5470782312925161,descriptive_reference_not_treatment_CI
revision896_f2c6b9696988_local_gpt-6-luna_us_portuguese_s1,uniform_edge_count,num_components,20,20,20,1.0,1.0,0.0,1.0,1.0,descriptive_reference_not_treatment_CI
revision896_f2c6b9696988_local_gpt-6-luna_us_portuguese_s1,uniform_edge_count,modularity,20,20,20,0.37100000000000005,0.266460625,0.10453937500000005,0.2395871875,0.30549656249999996,descriptive_reference_not_treatment_CI
revision896_f2c6b9696988_local_gpt-6-luna_us_portuguese_s1,uniform_edge_count,radius_lcc,20,20,20,3.0,3.0,0.0,3.0,3.0,descriptive_reference_not_treatment_CI
revision896_f2c6b9696988_local_gpt-6-luna_us_portuguese_s1,uniform_edge_count,diameter_lcc,20,20,20,4.0,3.8,0.20000000000000018,3.0,4.0,descriptive_reference_not_treatment_CI
revision896_f2c6b9696988_local_gpt-6-luna_us_portuguese_s1,uniform_edge_count,avg_shortest_path_lcc,20,20,20,2.2146938775510203,2.06734693877551,0.14734693877551042,2.0448979591836736,2.091551020408163,descriptive_reference_not_treatment_CI
revision896_f2c6b9696988_local_gpt-6-luna_us_portuguese_s1,uniform_edge_count,degree_one_share,20,20,20,0.0,0.0,0.0,0.0,0.0,descriptive_reference_not_treatment_CI
revision896_f2c6b9696988_local_gpt-6-luna_us_portuguese_s1,uniform_edge_count,isolate_share,20,20,20,0.0,0.0,0.0,0.0,0.0,descriptive_reference_not_treatment_CI
revision896_f2c6b9696988_local_gpt-6-luna_us_portuguese_s1,uniform_edge_count,degree_gini,20,20,20,0.279,0.171225,0.10777500000000004,0.13309,0.2057725,descriptive_reference_not_treatment_CI
revision896_f2c6b9696988_local_gpt-6-luna_us_portuguese_s1,uniform_edge_count,coleman_gender,20,20,20,0.25730127360562144,-0.023044085548560606,0.280345359154182,-0.12236185255186623,0.07092707340474683,descriptive_reference_not_treatment_CI
revision896_f2c6b9696988_local_gpt-6-luna_us_portuguese_s1,uniform_edge_count,coleman_religion,20,20,20,0.287461229393881,-0.01428403434129243,0.30174526373517346,-0.05973221290927961,0.03352099801939912,descriptive_reference_not_treatment_CI
revision896_f2c6b9696988_local_gpt-6-luna_us_portuguese_s1,uniform_edge_count,coleman_political orientation,20,20,20,0.43304641030823904,-0.01787696752387337,0.4509233778321124,-0.07555360497645895,0.04937170146340935,descriptive_reference_not_treatment_CI
revision896_f2c6b9696988_local_gpt-6-luna_us_portuguese_s1,uniform_edge_count,age_assortativity,20,20,20,0.5419601608746603,-0.02780732309263386,0.5697674839672942,-0.1124116125080278,0.0813896095544099,descriptive_reference_not_treatment_CI
revision896_f2c6b9696988_local_gpt-6-sol_us_english_s0,degree_preserving_rewire,density,20,20,20,0.16979591836734695,0.16979591836734692,2.7755575615628914e-17,0.16979591836734695,0.16979591836734695,descriptive_reference_not_treatment_CI
revision896_f2c6b9696988_local_gpt-6-sol_us_english_s0,degree_preserving_rewire,avg_clustering_coef,20,20,20,0.5103142413142412,0.17962271617271616,0.330691525141525,0.1525686840936841,0.2097314740814741,descriptive_reference_not_treatment_CI
revision896_f2c6b9696988_local_gpt-6-sol_us_english_s0,degree_preserving_rewire,prop_nodes_lcc,20,20,20,1.0,1.0,0.0,1.0,1.0,descriptive_reference_not_treatment_CI
revision896_f2c6b9696988_local_gpt-6-sol_us_english_s0,degree_preserving_rewire,global_efficiency,20,20,20,0.509482993197279,0.5485714285714265,-0.03908843537414752,0.545093537414964,0.5520510204081612,descriptive_reference_not_treatment_CI
revision896_f2c6b9696988_local_gpt-6-sol_us_english_s0,degree_preserving_rewire,num_components,20,20,20,1.0,1.0,0.0,1.0,1.0,descriptive_reference_not_treatment_CI
revision896_f2c6b9696988_local_gpt-6-sol_us_english_s0,degree_preserving_rewire,modularity,20,20,20,0.4382858727810651,0.24567885539940826,0.19260701738165686,0.22753790680473374,0.2681585729474852,descriptive_reference_not_treatment_CI
revision896_f2c6b9696988_local_gpt-6-sol_us_english_s0,degree_preserving_rewire,radius_lcc,20,20,20,3.0,2.95,0.04999999999999982,2.475,3.0,descriptive_reference_not_treatment_CI
revision896_f2c6b9696988_local_gpt-6-sol_us_english_s0,degree_preserving_rewire,diameter_lcc,20,20,20,5.0,3.7,1.2999999999999998,3.0,4.0,descriptive_reference_not_treatment_CI
revision896_f2c6b9696988_local_gpt-6-sol_us_english_s0,degree_preserving_rewire,avg_shortest_path_lcc,20,20,20,2.3224489795918366,2.0488979591836736,0.27355102040816304,2.027673469387755,2.0701020408163266,descriptive_reference_not_treatment_CI
revision896_f2c6b9696988_local_gpt-6-sol_us_english_s0,degree_preserving_rewire,degree_one_share,20,20,20,0.0,0.0,0.0,0.0,0.0,descriptive_reference_not_treatment_CI
revision896_f2c6b9696988_local_gpt-6-sol_us_english_s0,degree_preserving_rewire,isolate_share,20,20,20,0.0,0.0,0.0,0.0,0.0,descriptive_reference_not_treatment_CI
revision896_f2c6b9696988_local_gpt-6-sol_us_english_s0,degree_preserving_rewire,degree_gini,20,20,20,0.21990384615384614,0.21990384615384614,0.0,0.21990384615384614,0.21990384615384614,descriptive_reference_not_treatment_CI
revision896_f2c6b9696988_local_gpt-6-sol_us_english_s0,degree_preserving_rewire,coleman_gender,20,20,20,0.15265433586913818,-0.019125392871174006,0.1717797287403122,-0.09989620165005896,0.08853003120647156,descriptive_reference_not_treatment_CI
revision896_f2c6b9696988_local_gpt-6-sol_us_english_s0,degree_preserving_rewire,coleman_religion,20,20,20,0.31596989009899834,-0.025129322959787044,0.3410992130587854,-0.07083110918611958,0.026328175128226085,descriptive_reference_not_treatment_CI
revision896_f2c6b9696988_local_gpt-6-sol_us_english_s0,degree_preserving_rewire,coleman_political orientation,20,20,20,0.39587228775809824,-0.02012033416370864,0.41599262192180686,-0.0964752274474027,0.06674524138284234,descriptive_reference_not_treatment_CI
revision896_f2c6b9696988_local_gpt-6-sol_us_english_s0,degree_preserving_rewire,age_assortativity,20,20,20,0.8086509979618978,-0.019059159566180775,0.8277101575280785,-0.13271152919006785,0.09078477737662641,descriptive_reference_not_treatment_CI
revision896_f2c6b9696988_local_gpt-6-sol_us_english_s0,equal_weight_demographic_similarity,density,1,1,1,0.16979591836734695,0.16979591836734695,0.0,,,descriptive_reference_not_treatment_CI
revision896_f2c6b9696988_local_gpt-6-sol_us_english_s0,equal_weight_demographic_similarity,avg_clustering_coef,1,1,1,0.5103142413142412,0.5846658896658897,-0.07435164835164854,,,descriptive_reference_not_treatment_CI
revision896_f2c6b9696988_local_gpt-6-sol_us_english_s0,equal_weight_demographic_similarity,prop_nodes_lcc,1,1,1,1.0,1.0,0.0,,,descriptive_reference_not_treatment_CI
revision896_f2c6b9696988_local_gpt-6-sol_us_english_s0,equal_weight_demographic_similarity,global_efficiency,1,1,1,0.509482993197279,0.4762448979591858,0.03323809523809318,,,descriptive_reference_not_treatment_CI
revision896_f2c6b9696988_local_gpt-6-sol_us_english_s0,equal_weight_demographic_similarity,num_components,1,1,1,1.0,1.0,0.0,,,descriptive_reference_not_treatment_CI
revision896_f2c6b9696988_local_gpt-6-sol_us_english_s0,equal_weight_demographic_similarity,modularity,1,1,1,0.4382858727810651,0.5800087832840237,-0.1417229105029586,,,descriptive_reference_not_treatment_CI
revision896_f2c6b9696988_local_gpt-6-sol_us_english_s0,equal_weight_demographic_similarity,radius_lcc,1,1,1,3.0,4.0,-1.0,,,descriptive_reference_not_treatment_CI
revision896_f2c6b9696988_local_gpt-6-sol_us_english_s0,equal_weight_demographic_similarity,diameter_lcc,1,1,1,5.0,5.0,0.0,,,descriptive_reference_not_treatment_CI
revision896_f2c6b9696988_local_gpt-6-sol_us_english_s0,equal_weight_demographic_similarity,avg_shortest_path_lcc,1,1,1,2.3224489795918366,2.6,-0.2775510204081635,,,descriptive_reference_not_treatment_CI
revision896_f2c6b9696988_local_gpt-6-sol_us_english_s0,equal_weight_demographic_similarity,degree_one_share,1,1,1,0.0,0.0,0.0,,,descriptive_reference_not_treatment_CI
revision896_f2c6b9696988_local_gpt-6-sol_us_english_s0,equal_weight_demographic_similarity,isolate_share,1,1,1,0.0,0.0,0.0,,,descriptive_reference_not_treatment_CI
revision896_f2c6b9696988_local_gpt-6-sol_us_english_s0,equal_weight_demographic_similarity,degree_gini,1,1,1,0.21990384615384614,0.18826923076923077,0.03163461538461537,,,descriptive_reference_not_treatment_CI
revision896_f2c6b9696988_local_gpt-6-sol_us_english_s0,equal_weight_demographic_similarity,coleman_gender,1,1,1,0.15265433586913818,0.735081053698075,-0.5824267178289368,,,descriptive_reference_not_treatment_CI
revision896_f2c6b9696988_local_gpt-6-sol_us_english_s0,equal_weight_demographic_similarity,coleman_religion,1,1,1,0.31596989009899834,0.3387722167848234,-0.022802326685825047,,,descriptive_reference_not_treatment_CI
revision896_f2c6b9696988_local_gpt-6-sol_us_english_s0,equal_weight_demographic_similarity,coleman_political orientation,1,1,1,0.39587228775809824,0.774237931437545,-0.3783656436794468,,,descriptive_reference_not_treatment_CI
revision896_f2c6b9696988_local_gpt-6-sol_us_english_s0,equal_weight_demographic_similarity,age_assortativity,1,1,1,0.8086509979618978,0.2288289989422809,0.5798219990196168,,,descriptive_reference_not_treatment_CI
revision896_f2c6b9696988_local_gpt-6-sol_us_english_s0,uniform_edge_count,density,20,20,20,0.16979591836734695,0.16979591836734692,2.7755575615628914e-17,0.16979591836734695,0.16979591836734695,descriptive_reference_not_treatment_CI
revision896_f2c6b9696988_local_gpt-6-sol_us_english_s0,uniform_edge_count,avg_clustering_coef,20,20,20,0.5103142413142412,0.16892928509399102,0.34138495622025017,0.13871653346653343,0.19424447080697083,descriptive_reference_not_treatment_CI
revision896_f2c6b9696988_local_gpt-6-sol_us_english_s0,uniform_edge_count,prop_nodes_lcc,20,20,20,1.0,1.0,0.0,1.0,1.0,descriptive_reference_not_treatment_CI
revision896_f2c6b9696988_local_gpt-6-sol_us_english_s0,uniform_edge_count,global_efficiency,20,20,20,0.509482993197279,0.5516224489795903,-0.042139455782311375,0.5483894557823116,0.5536190476190455,descriptive_reference_not_treatment_CI
revision896_f2c6b9696988_local_gpt-6-sol_us_english_s0,uniform_edge_count,num_components,20,20,20,1.0,1.0,0.0,1.0,1.0,descriptive_reference_not_treatment_CI
revision896_f2c6b9696988_local_gpt-6-sol_us_english_s0,uniform_edge_count,modularity,20,20,20,0.4382858727810651,0.2564978966346154,0.1817879761464497,0.23429236778846158,0.271567296135355,descriptive_reference_not_treatment_CI
revision896_f2c6b9696988_local_gpt-6-sol_us_english_s0,uniform_edge_count,radius_lcc,20,20,20,3.0,2.7,0.2999999999999998,2.0,3.0,descriptive_reference_not_treatment_CI
revision896_f2c6b9696988_local_gpt-6-sol_us_english_s0,uniform_edge_count,diameter_lcc,20,20,20,5.0,3.55,1.4500000000000002,3.0,4.0,descriptive_reference_not_treatment_CI
revision896_f2c6b9696988_local_gpt-6-sol_us_english_s0,uniform_edge_count,avg_shortest_path_lcc,20,20,20,2.3224489795918366,2.0305306122448976,0.291918367346939,2.0178775510204083,2.050265306122449,descriptive_reference_not_treatment_CI
revision896_f2c6b9696988_local_gpt-6-sol_us_english_s0,uniform_edge_count,degree_one_share,20,20,20,0.0,0.001,-0.001,0.0,0.010499999999999971,descriptive_reference_not_treatment_CI
revision896_f2c6b9696988_local_gpt-6-sol_us_english_s0,uniform_edge_count,isolate_share,20,20,20,0.0,0.0,0.0,0.0,0.0,descriptive_reference_not_treatment_CI
revision896_f2c6b9696988_local_gpt-6-sol_us_english_s0,uniform_edge_count,degree_gini,20,20,20,0.21990384615384614,0.1682451923076923,0.05165865384615384,0.13759134615384616,0.19704086538461538,descriptive_reference_not_treatment_CI
revision896_f2c6b9696988_local_gpt-6-sol_us_english_s0,uniform_edge_count,coleman_gender,20,20,20,0.15265433586913818,-0.018788069698723743,0.17144240556786192,-0.08263501069723725,0.09315659562203182,descriptive_reference_not_treatment_CI
revision896_f2c6b9696988_local_gpt-6-sol_us_english_s0,uniform_edge_count,coleman_religion,20,20,20,0.31596989009899834,-0.031168232593116713,0.3471381226921151,-0.07904433259634942,0.02512901033397484,descriptive_reference_not_treatment_CI
revision896_f2c6b9696988_local_gpt-6-sol_us_english_s0,uniform_edge_count,coleman_political orientation,20,20,20,0.39587228775809824,-0.019635836488769456,0.41550812424686767,-0.12060668118496948,0.058371843905228406,descriptive_reference_not_treatment_CI
revision896_f2c6b9696988_local_gpt-6-sol_us_english_s0,uniform_edge_count,age_assortativity,20,20,20,0.8086509979618978,-0.04913584359889368,0.8577868415607914,-0.164792410596131,0.04537968140553292,descriptive_reference_not_treatment_CI
revision896_f2c6b9696988_sequential_gpt-4.1_us_english_s0,degree_preserving_rewire,density,20,20,20,0.17469387755102042,0.1746938775510204,2.7755575615628914e-17,0.17469387755102042,0.17469387755102042,descriptive_reference_not_treatment_CI
revision896_f2c6b9696988_sequential_gpt-4.1_us_english_s0,degree_preserving_rewire,avg_clustering_coef,20,20,20,0.5754603403132815,0.23650240164891864,0.33895793866436286,0.20167482349092253,0.2617243998476583,descriptive_reference_not_treatment_CI
revision896_f2c6b9696988_sequential_gpt-4.1_us_english_s0,degree_preserving_rewire,prop_nodes_lcc,20,20,20,1.0,1.0,0.0,1.0,1.0,descriptive_reference_not_treatment_CI
revision896_f2c6b9696988_sequential_gpt-4.1_us_english_s0,degree_preserving_rewire,global_efficiency,20,20,20,0.5136054421768697,0.5526258503401353,-0.039020408163265685,0.5495782312925162,0.5554455782312918,descriptive_reference_not_treatment_CI
revision896_f2c6b9696988_sequential_gpt-4.1_us_english_s0,degree_preserving_rewire,num_components,20,20,20,1.0,1.0,0.0,1.0,1.0,descriptive_reference_not_treatment_CI
revision896_f2c6b9696988_sequential_gpt-4.1_us_english_s0,degree_preserving_rewire,modularity,20,20,20,0.4820180801816752,0.23759989955454622,0.24441818062712897,0.2180247729059306,0.2559778692462223,descriptive_reference_not_treatment_CI
revision896_f2c6b9696988_sequential_gpt-4.1_us_english_s0,degree_preserving_rewire,radius_lcc,20,20,20,3.0,2.4,0.6000000000000001,2.0,3.0,descriptive_reference_not_treatment_CI
revision896_f2c6b9696988_sequential_gpt-4.1_us_english_s0,degree_preserving_rewire,diameter_lcc,20,20,20,4.0,3.85,0.1499999999999999,3.0,4.0,descriptive_reference_not_treatment_CI
revision896_f2c6b9696988_sequential_gpt-4.1_us_english_s0,degree_preserving_rewire,avg_shortest_path_lcc,20,20,20,2.2955102040816326,2.0344897959183674,0.2610204081632652,2.0171020408163267,2.053571428571429,descriptive_reference_not_treatment_CI
revision896_f2c6b9696988_sequential_gpt-4.1_us_english_s0,degree_preserving_rewire,degree_one_share,20,20,20,0.0,0.0,0.0,0.0,0.0,descriptive_reference_not_treatment_CI
revision896_f2c6b9696988_sequential_gpt-4.1_us_english_s0,degree_preserving_rewire,isolate_share,20,20,20,0.0,0.0,0.0,0.0,0.0,descriptive_reference_not_treatment_CI
revision896_f2c6b9696988_sequential_gpt-4.1_us_english_s0,degree_preserving_rewire,degree_gini,20,20,20,0.26485981308411216,0.2648598130841122,-5.551115123125783e-17,0.26485981308411216,0.26485981308411216,descriptive_reference_not_treatment_CI
revision896_f2c6b9696988_sequential_gpt-4.1_us_english_s0,degree_preserving_rewire,coleman_gender,20,20,20,0.10072201693005212,-0.014821351203510278,0.11554336813356239,-0.09232339483176732,0.10013038933766917,descriptive_reference_not_treatment_CI
revision896_f2c6b9696988_sequential_gpt-4.1_us_english_s0,degree_preserving_rewire,coleman_religion,20,20,20,0.3555270062337252,-0.025417193351704736,0.3809441995854299,-0.06929947191131156,0.01822955804486418,descriptive_reference_not_treatment_CI
revision896_f2c6b9696988_sequential_gpt-4.1_us_english_s0,degree_preserving_rewire,coleman_political orientation,20,20,20,0.663503430169117,-0.02601340941729574,0.6895168395864126,-0.08389545984253537,0.04903815752386556,descriptive_reference_not_treatment_CI
revision896_f2c6b9696988_sequential_gpt-4.1_us_english_s0,degree_preserving_rewire,age_assortativity,20,20,20,0.0660910946599242,-0.009340053121316218,0.07543114778124042,-0.10855624937696318,0.10532547010108329,descriptive_reference_not_treatment_CI
revision896_f2c6b9696988_sequential_gpt-4.1_us_english_s0,equal_weight_demographic_similarity,density,1,1,1,0.17469387755102042,0.17469387755102042,0.0,,,descriptive_reference_not_treatment_CI
revision896_f2c6b9696988_sequential_gpt-4.1_us_english_s0,equal_weight_demographic_similarity,avg_clustering_coef,1,1,1,0.5754603403132815,0.5951965811965814,-0.019736240883299838,,,descriptive_reference_not_treatment_CI
revision896_f2c6b9696988_sequential_gpt-4.1_us_english_s0,equal_weight_demographic_similarity,prop_nodes_lcc,1,1,1,1.0,1.0,0.0,,,descriptive_reference_not_treatment_CI
revision896_f2c6b9696988_sequential_gpt-4.1_us_english_s0,equal_weight_demographic_similarity,global_efficiency,1,1,1,0.5136054421768697,0.4807346938775526,0.032870748299317076,,,descriptive_reference_not_treatment_CI
revision896_f2c6b9696988_sequential_gpt-4.1_us_english_s0,equal_weight_demographic_similarity,num_components,1,1,1,1.0,1.0,0.0,,,descriptive_reference_not_treatment_CI
revision896_f2c6b9696988_sequential_gpt-4.1_us_english_s0,equal_weight_demographic_similarity,modularity,1,1,1,0.4820180801816752,0.5742750458555331,-0.09225696567385794,,,descriptive_reference_not_treatment_CI
revision896_f2c6b9696988_sequential_gpt-4.1_us_english_s0,equal_weight_demographic_similarity,radius_lcc,1,1,1,3.0,4.0,-1.0,,,descriptive_reference_not_treatment_CI
revision896_f2c6b9696988_sequential_gpt-4.1_us_english_s0,equal_weight_demographic_similarity,diameter_lcc,1,1,1,4.0,5.0,-1.0,,,descriptive_reference_not_treatment_CI
revision896_f2c6b9696988_sequential_gpt-4.1_us_english_s0,equal_weight_demographic_similarity,avg_shortest_path_lcc,1,1,1,2.2955102040816326,2.580408163265306,-0.28489795918367333,,,descriptive_reference_not_treatment_CI
revision896_f2c6b9696988_sequential_gpt-4.1_us_english_s0,equal_weight_demographic_similarity,degree_one_share,1,1,1,0.0,0.0,0.0,,,descriptive_reference_not_treatment_CI
revision896_f2c6b9696988_sequential_gpt-4.1_us_english_s0,equal_weight_demographic_similarity,isolate_share,1,1,1,0.0,0.0,0.0,,,descriptive_reference_not_treatment_CI
revision896_f2c6b9696988_sequential_gpt-4.1_us_english_s0,equal_weight_demographic_similarity,degree_gini,1,1,1,0.26485981308411216,0.18906542056074765,0.0757943925233645,,,descriptive_reference_not_treatment_CI
revision896_f2c6b9696988_sequential_gpt-4.1_us_english_s0,equal_weight_demographic_similarity,coleman_gender,1,1,1,0.10072201693005212,0.7346136508746872,-0.6338916339446351,,,descriptive_reference_not_treatment_CI
revision896_f2c6b9696988_sequential_gpt-4.1_us_english_s0,equal_weight_demographic_similarity,coleman_religion,1,1,1,0.3555270062337252,0.3336634846071179,0.021863521626607263,,,descriptive_reference_not_treatment_CI
revision896_f2c6b9696988_sequential_gpt-4.1_us_english_s0,equal_weight_demographic_similarity,coleman_political orientation,1,1,1,0.663503430169117,0.7740325696530078,-0.11052913948389087,,,descriptive_reference_not_treatment_CI
revision896_f2c6b9696988_sequential_gpt-4.1_us_english_s0,equal_weight_demographic_similarity,age_assortativity,1,1,1,0.0660910946599242,0.17798179102511136,-0.11189069636518716,,,descriptive_reference_not_treatment_CI
revision896_f2c6b9696988_sequential_gpt-4.1_us_english_s0,uniform_edge_count,density,20,20,20,0.17469387755102042,0.1746938775510204,2.7755575615628914e-17,0.17469387755102042,0.17469387755102042,descriptive_reference_not_treatment_CI
revision896_f2c6b9696988_sequential_gpt-4.1_us_english_s0,uniform_edge_count,avg_clustering_coef,20,20,20,0.5754603403132815,0.17362787120859877,0.40183246910468273,0.14863404512154516,0.19937303252303254,descriptive_reference_not_treatment_CI
revision896_f2c6b9696988_sequential_gpt-4.1_us_english_s0,uniform_edge_count,prop_nodes_lcc,20,20,20,1.0,1.0,0.0,1.0,1.0,descriptive_reference_not_treatment_CI
revision896_f2c6b9696988_sequential_gpt-4.1_us_english_s0,uniform_edge_count,global_efficiency,20,20,20,0.5136054421768697,0.5566428571428556,-0.0430374149659859,0.5518299319727875,0.5606037414965974,descriptive_reference_not_treatment_CI
revision896_f2c6b9696988_sequential_gpt-4.1_us_english_s0,uniform_edge_count,num_components,20,20,20,1.0,1.0,0.0,1.0,1.0,descriptive_reference_not_treatment_CI
revision896_f2c6b9696988_sequential_gpt-4.1_us_english_s0,uniform_edge_count,modularity,20,20,20,0.4820180801816752,0.24874825312254348,0.2332698270591317,0.23855140186915888,0.26275657262643026,descriptive_reference_not_treatment_CI
revision896_f2c6b9696988_sequential_gpt-4.1_us_english_s0,uniform_edge_count,radius_lcc,20,20,20,3.0,2.65,0.3500000000000001,2.0,3.0,descriptive_reference_not_treatment_CI
revision896_f2c6b9696988_sequential_gpt-4.1_us_english_s0,uniform_edge_count,diameter_lcc,20,20,20,4.0,3.45,0.5499999999999998,3.0,4.0,descriptive_reference_not_treatment_CI
revision896_f2c6b9696988_sequential_gpt-4.1_us_english_s0,uniform_edge_count,avg_shortest_path_lcc,20,20,20,2.2955102040816326,2.0102448979591836,0.28526530612244905,1.9859591836734694,2.0433061224489797,descriptive_reference_not_treatment_CI
revision896_f2c6b9696988_sequential_gpt-4.1_us_english_s0,uniform_edge_count,degree_one_share,20,20,20,0.0,0.001,-0.001,0.0,0.010499999999999971,descriptive_reference_not_treatment_CI
revision896_f2c6b9696988_sequential_gpt-4.1_us_english_s0,uniform_edge_count,isolate_share,20,20,20,0.0,0.0,0.0,0.0,0.0,descriptive_reference_not_treatment_CI
revision896_f2c6b9696988_sequential_gpt-4.1_us_english_s0,uniform_edge_count,degree_gini,20,20,20,0.26485981308411216,0.17009813084112152,0.09476168224299064,0.14644158878504673,0.20255140186915888,descriptive_reference_not_treatment_CI
revision896_f2c6b9696988_sequential_gpt-4.1_us_english_s0,uniform_edge_count,coleman_gender,20,20,20,0.10072201693005212,-0.02969455747839355,0.13041657440844567,-0.0933171427403694,0.04645522455724983,descriptive_reference_not_treatment_CI
revision896_f2c6b9696988_sequential_gpt-4.1_us_english_s0,uniform_edge_count,coleman_religion,20,20,20,0.3555270062337252,-0.019501486949017384,0.37502849318274256,-0.06499557014369622,0.039429018035975066,descriptive_reference_not_treatment_CI
revision896_f2c6b9696988_sequential_gpt-4.1_us_english_s0,uniform_edge_count,coleman_political orientation,20,20,20,0.663503430169117,-0.0213841927683349,0.6848876229374519,-0.0825287009560697,0.052719979722235404,descriptive_reference_not_treatment_CI
revision896_f2c6b9696988_sequential_gpt-4.1_us_english_s0,uniform_edge_count,age_assortativity,20,20,20,0.0660910946599242,-0.022609830368789538,0.08870092502871374,-0.11657996374616256,0.06349022359130528,descriptive_reference_not_treatment_CI
revision896_f2c6b9696988_sequential_gpt-5.6-luna_us_english_s0,degree_preserving_rewire,density,20,20,20,0.1730612244897959,0.17306122448979588,2.7755575615628914e-17,0.1730612244897959,0.1730612244897959,descriptive_reference_not_treatment_CI
revision896_f2c6b9696988_sequential_gpt-5.6-luna_us_english_s0,degree_preserving_rewire,avg_clustering_coef,20,20,20,0.530744977244977,0.21621289543789546,0.3145320818070816,0.16666236124986122,0.2593803002553002,descriptive_reference_not_treatment_CI
revision896_f2c6b9696988_sequential_gpt-5.6-luna_us_english_s0,degree_preserving_rewire,prop_nodes_lcc,20,20,20,1.0,1.0,0.0,1.0,1.0,descriptive_reference_not_treatment_CI
revision896_f2c6b9696988_sequential_gpt-5.6-luna_us_english_s0,degree_preserving_rewire,global_efficiency,20,20,20,0.49568707482993274,0.5471632653061209,-0.05147619047618818,0.5435204081632635,0.5499353741496587,descriptive_reference_not_treatment_CI
revision896_f2c6b9696988_sequential_gpt-5.6-luna_us_english_s0,degree_preserving_rewire,num_components,20,20,20,1.0,1.0,0.0,1.0,1.0,descriptive_reference_not_treatment_CI
revision896_f2c6b9696988_sequential_gpt-5.6-luna_us_english_s0,degree_preserving_rewire,modularity,20,20,20,0.486071555713777,0.2354257520469918,0.25064580366678524,0.22213476771092913,0.2549878737985048,descriptive_reference_not_treatment_CI
revision896_f2c6b9696988_sequential_gpt-5.6-luna_us_english_s0,degree_preserving_rewire,radius_lcc,20,20,20,3.0,2.85,0.1499999999999999,2.0,3.0,descriptive_reference_not_treatment_CI
revision896_f2c6b9696988_sequential_gpt-5.6-luna_us_english_s0,degree_preserving_rewire,diameter_lcc,20,20,20,5.0,4.0,1.0,4.0,4.0,descriptive_reference_not_treatment_CI
revision896_f2c6b9696988_sequential_gpt-5.6-luna_us_english_s0,degree_preserving_rewire,avg_shortest_path_lcc,20,20,20,2.430204081632653,2.0673061224489793,0.3628979591836736,2.0485510204081634,2.091938775510204,descriptive_reference_not_treatment_CI
revision896_f2c6b9696988_sequential_gpt-5.6-luna_us_english_s0,degree_preserving_rewire,degree_one_share,20,20,20,0.0,0.0,0.0,0.0,0.0,descriptive_reference_not_treatment_CI
revision896_f2c6b9696988_sequential_gpt-5.6-luna_us_english_s0,degree_preserving_rewire,isolate_share,20,20,20,0.0,0.0,0.0,0.0,0.0,descriptive_reference_not_treatment_CI
revision896_f2c6b9696988_sequential_gpt-5.6-luna_us_english_s0,degree_preserving_rewire,degree_gini,20,20,20,0.26,0.25999999999999995,5.551115123125783e-17,0.26,0.26,descriptive_reference_not_treatment_CI
revision896_f2c6b9696988_sequential_gpt-5.6-luna_us_english_s0,degree_preserving_rewire,coleman_gender,20,20,20,0.2237501459978617,-0.02460462655993104,0.24835477255779273,-0.12343060721633743,0.048440504186769436,descriptive_reference_not_treatment_CI
revision896_f2c6b9696988_sequential_gpt-5.6-luna_us_english_s0,degree_preserving_rewire,coleman_religion,20,20,20,0.19390211544661595,-0.032321799913629726,0.22622391536024566,-0.06406198823181387,0.03096581689499127,descriptive_reference_not_treatment_CI
revision896_f2c6b9696988_sequential_gpt-5.6-luna_us_english_s0,degree_preserving_rewire,coleman_political orientation,20,20,20,0.7203625681512169,-0.040309486491402875,0.7606720546426198,-0.12643943674123434,0.02227091993924978,descriptive_reference_not_treatment_CI
revision896_f2c6b9696988_sequential_gpt-5.6-luna_us_english_s0,degree_preserving_rewire,age_assortativity,20,20,20,0.42572907350116684,-0.0013892135157066508,0.4271182870168735,-0.10291341548715771,0.07991517105940829,descriptive_reference_not_treatment_CI
revision896_f2c6b9696988_sequential_gpt-5.6-luna_us_english_s0,equal_weight_demographic_similarity,density,1,1,1,0.1730612244897959,0.1730612244897959,0.0,,,descriptive_reference_not_treatment_CI
revision896_f2c6b9696988_sequential_gpt-5.6-luna_us_english_s0,equal_weight_demographic_similarity,avg_clustering_coef,1,1,1,0.530744977244977,0.5915720945720947,-0.06082711732711765,,,descriptive_reference_not_treatment_CI
revision896_f2c6b9696988_sequential_gpt-5.6-luna_us_english_s0,equal_weight_demographic_similarity,prop_nodes_lcc,1,1,1,1.0,1.0,0.0,,,descriptive_reference_not_treatment_CI
revision896_f2c6b9696988_sequential_gpt-5.6-luna_us_english_s0,equal_weight_demographic_similarity,global_efficiency,1,1,1,0.49568707482993274,0.4795102040816342,0.016176870748298544,,,descriptive_reference_not_treatment_CI
revision896_f2c6b9696988_sequential_gpt-5.6-luna_us_english_s0,equal_weight_demographic_similarity,num_components,1,1,1,1.0,1.0,0.0,,,descriptive_reference_not_treatment_CI
revision896_f2c6b9696988_sequential_gpt-5.6-luna_us_english_s0,equal_weight_demographic_similarity,modularity,1,1,1,0.486071555713777,0.5728350836596654,-0.08676352794588837,,,descriptive_reference_not_treatment_CI
revision896_f2c6b9696988_sequential_gpt-5.6-luna_us_english_s0,equal_weight_demographic_similarity,radius_lcc,1,1,1,3.0,4.0,-1.0,,,descriptive_reference_not_treatment_CI
revision896_f2c6b9696988_sequential_gpt-5.6-luna_us_english_s0,equal_weight_demographic_similarity,diameter_lcc,1,1,1,5.0,5.0,0.0,,,descriptive_reference_not_treatment_CI
revision896_f2c6b9696988_sequential_gpt-5.6-luna_us_english_s0,equal_weight_demographic_similarity,avg_shortest_path_lcc,1,1,1,2.430204081632653,2.5844897959183672,-0.15428571428571436,,,descriptive_reference_not_treatment_CI
revision896_f2c6b9696988_sequential_gpt-5.6-luna_us_english_s0,equal_weight_demographic_similarity,degree_one_share,1,1,1,0.0,0.0,0.0,,,descriptive_reference_not_treatment_CI
revision896_f2c6b9696988_sequential_gpt-5.6-luna_us_english_s0,equal_weight_demographic_similarity,isolate_share,1,1,1,0.0,0.0,0.0,,,descriptive_reference_not_treatment_CI
revision896_f2c6b9696988_sequential_gpt-5.6-luna_us_english_s0,equal_weight_demographic_similarity,degree_gini,1,1,1,0.26,0.18924528301886792,0.07075471698113209,,,descriptive_reference_not_treatment_CI
revision896_f2c6b9696988_sequential_gpt-5.6-luna_us_english_s0,equal_weight_demographic_similarity,coleman_gender,1,1,1,0.2237501459978617,0.7324854252827745,-0.5087352792849128,,,descriptive_reference_not_treatment_CI
revision896_f2c6b9696988_sequential_gpt-5.6-luna_us_english_s0,equal_weight_demographic_similarity,coleman_religion,1,1,1,0.19390211544661595,0.33932676518883415,-0.1454246497422182,,,descriptive_reference_not_treatment_CI
revision896_f2c6b9696988_sequential_gpt-5.6-luna_us_english_s0,equal_weight_demographic_similarity,coleman_political orientation,1,1,1,0.7203625681512169,0.7716069487758987,-0.05124438062468184,,,descriptive_reference_not_treatment_CI
revision896_f2c6b9696988_sequential_gpt-5.6-luna_us_english_s0,equal_weight_demographic_similarity,age_assortativity,1,1,1,0.42572907350116684,0.19494475896864683,0.23078431453252002,,,descriptive_reference_not_treatment_CI
revision896_f2c6b9696988_sequential_gpt-5.6-luna_us_english_s0,uniform_edge_count,density,20,20,20,0.1730612244897959,0.17306122448979588,2.7755575615628914e-17,0.1730612244897959,0.1730612244897959,descriptive_reference_not_treatment_CI
revision896_f2c6b9696988_sequential_gpt-5.6-luna_us_english_s0,uniform_edge_count,avg_clustering_coef,20,20,20,0.530744977244977,0.17704360933184465,0.3537013679131324,0.15068072483072487,0.21376451603951596,descriptive_reference_not_treatment_CI
revision896_f2c6b9696988_sequential_gpt-5.6-luna_us_english_s0,uniform_edge_count,prop_nodes_lcc,20,20,20,1.0,1.0,0.0,1.0,1.0,descriptive_reference_not_treatment_CI
revision896_f2c6b9696988_sequential_gpt-5.6-luna_us_english_s0,uniform_edge_count,global_efficiency,20,20,20,0.49568707482993274,0.5543945578231275,-0.05870748299319478,0.5509574829931955,0.5571802721088415,descriptive_reference_not_treatment_CI
revision896_f2c6b9696988_sequential_gpt-5.6-luna_us_english_s0,uniform_edge_count,num_components,20,20,20,1.0,1.0,0.0,1.0,1.0,descriptive_reference_not_treatment_CI
revision896_f2c6b9696988_sequential_gpt-5.6-luna_us_english_s0,uniform_edge_count,modularity,20,20,20,0.486071555713777,0.2553027100391599,0.23076884567461714,0.2280749377002492,0.274596442239231,descriptive_reference_not_treatment_CI
revision896_f2c6b9696988_sequential_gpt-5.6-luna_us_english_s0,uniform_edge_count,radius_lcc,20,20,20,3.0,2.65,0.3500000000000001,2.0,3.0,descriptive_reference_not_treatment_CI
revision896_f2c6b9696988_sequential_gpt-5.6-luna_us_english_s0,uniform_edge_count,diameter_lcc,20,20,20,5.0,3.55,1.4500000000000002,3.0,4.0,descriptive_reference_not_treatment_CI
revision896_f2c6b9696988_sequential_gpt-5.6-luna_us_english_s0,uniform_edge_count,avg_shortest_path_lcc,20,20,20,2.430204081632653,2.0201224489795915,0.4100816326530614,2.0034489795918367,2.040591836734694,descriptive_reference_not_treatment_CI
revision896_f2c6b9696988_sequential_gpt-5.6-luna_us_english_s0,uniform_edge_count,degree_one_share,20,20,20,0.0,0.0,0.0,0.0,0.0,descriptive_reference_not_treatment_CI
revision896_f2c6b9696988_sequential_gpt-5.6-luna_us_english_s0,uniform_edge_count,isolate_share,20,20,20,0.0,0.0,0.0,0.0,0.0,descriptive_reference_not_treatment_CI
revision896_f2c6b9696988_sequential_gpt-5.6-luna_us_english_s0,uniform_edge_count,degree_gini,20,20,20,0.26,0.17292452830188682,0.0870754716981132,0.15474056603773587,0.18606603773584904,descriptive_reference_not_treatment_CI
revision896_f2c6b9696988_sequential_gpt-5.6-luna_us_english_s0,uniform_edge_count,coleman_gender,20,20,20,0.2237501459978617,-0.020206709099998856,0.24395685509786055,-0.08195371689168912,0.03017864870224534,descriptive_reference_not_treatment_CI
revision896_f2c6b9696988_sequential_gpt-5.6-luna_us_english_s0,uniform_edge_count,coleman_religion,20,20,20,0.19390211544661595,-0.016591138016749135,0.2104932534633651,-0.07444437943450073,0.04451769627065286,descriptive_reference_not_treatment_CI
revision896_f2c6b9696988_sequential_gpt-5.6-luna_us_english_s0,uniform_edge_count,coleman_political orientation,20,20,20,0.7203625681512169,-0.02678173539500467,0.7471443035462215,-0.09414347410475019,0.044680514420398346,descriptive_reference_not_treatment_CI
revision896_f2c6b9696988_sequential_gpt-5.6-luna_us_english_s0,uniform_edge_count,age_assortativity,20,20,20,0.42572907350116684,-0.027809914643822032,0.4535389881449889,-0.14404794686794165,0.07392201447069711,descriptive_reference_not_treatment_CI
revision896_f2c6b9696988_sequential_gpt-6-luna_brazil_english_s0,degree_preserving_rewire,density,20,20,20,0.17795918367346938,0.17795918367346936,2.7755575615628914e-17,0.17795918367346938,0.17795918367346938,descriptive_reference_not_treatment_CI
revision896_f2c6b9696988_sequential_gpt-6-luna_brazil_english_s0,degree_preserving_rewire,avg_clustering_coef,20,20,20,0.5005533943181003,0.2238017885709062,0.2767516057471941,0.19697027759821872,0.2637479767781238,descriptive_reference_not_treatment_CI
revision896_f2c6b9696988_sequential_gpt-6-luna_brazil_english_s0,degree_preserving_rewire,prop_nodes_lcc,20,20,20,1.0,1.0,0.0,1.0,1.0,descriptive_reference_not_treatment_CI
revision896_f2c6b9696988_sequential_gpt-6-luna_brazil_english_s0,degree_preserving_rewire,global_efficiency,20,20,20,0.5166666666666655,0.5496387755102009,-0.03297210884353541,0.5418309523809505,0.5534472789115612,descriptive_reference_not_treatment_CI
revision896_f2c6b9696988_sequential_gpt-6-luna_brazil_english_s0,degree_preserving_rewire,num_components,20,20,20,1.0,1.0,0.0,1.0,1.0,descriptive_reference_not_treatment_CI
revision896_f2c6b9696988_sequential_gpt-6-luna_brazil_english_s0,degree_preserving_rewire,modularity,20,20,20,0.421029374631765,0.23273346098813233,0.18829591364363266,0.21538380607692956,0.25031142159750863,descriptive_reference_not_treatment_CI
revision896_f2c6b9696988_sequential_gpt-6-luna_brazil_english_s0,degree_preserving_rewire,radius_lcc,20,20,20,3.0,2.9,0.10000000000000009,2.0,3.0,descriptive_reference_not_treatment_CI
revision896_f2c6b9696988_sequential_gpt-6-luna_brazil_english_s0,degree_preserving_rewire,diameter_lcc,20,20,20,6.0,4.2,1.7999999999999998,4.0,5.524999999999999,descriptive_reference_not_treatment_CI
revision896_f2c6b9696988_sequential_gpt-6-luna_brazil_english_s0,degree_preserving_rewire,avg_shortest_path_lcc,20,20,20,2.297142857142857,2.0666122448979594,0.2305306122448978,2.0386326530612244,2.1427551020408164,descriptive_reference_not_treatment_CI
revision896_f2c6b9696988_sequential_gpt-6-luna_brazil_english_s0,degree_preserving_rewire,degree_one_share,20,20,20,0.04,0.04000000000000001,-6.938893903907228e-18,0.04,0.04,descriptive_reference_not_treatment_CI
revision896_f2c6b9696988_sequential_gpt-6-luna_brazil_english_s0,degree_preserving_rewire,isolate_share,20,20,20,0.0,0.0,0.0,0.0,0.0,descriptive_reference_not_treatment_CI
revision896_f2c6b9696988_sequential_gpt-6-luna_brazil_english_s0,degree_preserving_rewire,degree_gini,20,20,20,0.2689908256880734,0.26899082568807337,5.551115123125783e-17,0.2689908256880734,0.2689908256880734,descriptive_reference_not_treatment_CI
revision896_f2c6b9696988_sequential_gpt-6-luna_brazil_english_s0,degree_preserving_rewire,coleman_gender,20,20,20,0.245648313013379,-0.03406941254113455,0.2797177255545136,-0.12222337376181182,0.03302232325566287,descriptive_reference_not_treatment_CI
revision896_f2c6b9696988_sequential_gpt-6-luna_brazil_english_s0,degree_preserving_rewire,coleman_religion,20,20,20,0.2945428661815881,-0.024638785283173703,0.3191816514647618,-0.06047670333555758,0.015082991279396886,descriptive_reference_not_treatment_CI
revision896_f2c6b9696988_sequential_gpt-6-luna_brazil_english_s0,degree_preserving_rewire,coleman_political orientation,20,20,20,0.5301643509723657,-0.02486062509515396,0.5550249760675197,-0.11023621009502672,0.05371323089313132,descriptive_reference_not_treatment_CI
revision896_f2c6b9696988_sequential_gpt-6-luna_brazil_english_s0,degree_preserving_rewire,age_assortativity,20,20,20,0.5181260386453745,-0.02590119822205326,0.5440272368674278,-0.15309371581976736,0.1058747840000901,descriptive_reference_not_treatment_CI
revision896_f2c6b9696988_sequential_gpt-6-luna_brazil_english_s0,equal_weight_demographic_similarity,density,1,1,1,0.17795918367346938,0.17795918367346938,0.0,,,descriptive_reference_not_treatment_CI
revision896_f2c6b9696988_sequential_gpt-6-luna_brazil_english_s0,equal_weight_demographic_similarity,avg_clustering_coef,1,1,1,0.5005533943181003,0.5930537240537243,-0.09250032973562394,,,descriptive_reference_not_treatment_CI
revision896_f2c6b9696988_sequential_gpt-6-luna_brazil_english_s0,equal_weight_demographic_similarity,prop_nodes_lcc,1,1,1,1.0,1.0,0.0,,,descriptive_reference_not_treatment_CI
revision896_f2c6b9696988_sequential_gpt-6-luna_brazil_english_s0,equal_weight_demographic_similarity,global_efficiency,1,1,1,0.5166666666666655,0.4847482993197294,0.031918367346936094,,,descriptive_reference_not_treatment_CI
revision896_f2c6b9696988_sequential_gpt-6-luna_brazil_english_s0,equal_weight_demographic_similarity,num_components,1,1,1,1.0,1.0,0.0,,,descriptive_reference_not_treatment_CI
revision896_f2c6b9696988_sequential_gpt-6-luna_brazil_english_s0,equal_weight_demographic_similarity,modularity,1,1,1,0.421029374631765,0.5629681844962545,-0.14193880986448953,,,descriptive_reference_not_treatment_CI
revision896_f2c6b9696988_sequential_gpt-6-luna_brazil_english_s0,equal_weight_demographic_similarity,radius_lcc,1,1,1,3.0,4.0,-1.0,,,descriptive_reference_not_treatment_CI
revision896_f2c6b9696988_sequential_gpt-6-luna_brazil_english_s0,equal_weight_demographic_similarity,diameter_lcc,1,1,1,6.0,5.0,1.0,,,descriptive_reference_not_treatment_CI
revision896_f2c6b9696988_sequential_gpt-6-luna_brazil_english_s0,equal_weight_demographic_similarity,avg_shortest_path_lcc,1,1,1,2.297142857142857,2.556734693877551,-0.2595918367346939,,,descriptive_reference_not_treatment_CI
revision896_f2c6b9696988_sequential_gpt-6-luna_brazil_english_s0,equal_weight_demographic_similarity,degree_one_share,1,1,1,0.04,0.0,0.04,,,descriptive_reference_not_treatment_CI
revision896_f2c6b9696988_sequential_gpt-6-luna_brazil_english_s0,equal_weight_demographic_similarity,isolate_share,1,1,1,0.0,0.0,0.0,,,descriptive_reference_not_treatment_CI
revision896_f2c6b9696988_sequential_gpt-6-luna_brazil_english_s0,equal_weight_demographic_similarity,degree_gini,1,1,1,0.2689908256880734,0.1873394495412844,0.08165137614678902,,,descriptive_reference_not_treatment_CI
revision896_f2c6b9696988_sequential_gpt-6-luna_brazil_english_s0,equal_weight_demographic_similarity,coleman_gender,1,1,1,0.245648313013379,0.7242298813049461,-0.47858156829156717,,,descriptive_reference_not_treatment_CI
revision896_f2c6b9696988_sequential_gpt-6-luna_brazil_english_s0,equal_weight_demographic_similarity,coleman_religion,1,1,1,0.2945428661815881,0.34075090000594344,-0.04620803382435534,,,descriptive_reference_not_treatment_CI
revision896_f2c6b9696988_sequential_gpt-6-luna_brazil_english_s0,equal_weight_demographic_similarity,coleman_political orientation,1,1,1,0.5301643509723657,0.7710609341793749,-0.24089658320700924,,,descriptive_reference_not_treatment_CI
revision896_f2c6b9696988_sequential_gpt-6-luna_brazil_english_s0,equal_weight_demographic_similarity,age_assortativity,1,1,1,0.5181260386453745,0.1434934397502681,0.3746325988951065,,,descriptive_reference_not_treatment_CI
revision896_f2c6b9696988_sequential_gpt-6-luna_brazil_english_s0,uniform_edge_count,density,20,20,20,0.17795918367346938,0.17795918367346936,2.7755575615628914e-17,0.17795918367346938,0.17795918367346938,descriptive_reference_not_treatment_CI
revision896_f2c6b9696988_sequential_gpt-6-luna_brazil_english_s0,uniform_edge_count,avg_clustering_coef,20,20,20,0.5005533943181003,0.16906969958146428,0.331483694736636,0.14845793373293376,0.2008362526362527,descriptive_reference_not_treatment_CI
revision896_f2c6b9696988_sequential_gpt-6-luna_brazil_english_s0,uniform_edge_count,prop_nodes_lcc,20,20,20,1.0,1.0,0.0,1.0,1.0,descriptive_reference_not_treatment_CI
revision896_f2c6b9696988_sequential_gpt-6-luna_brazil_english_s0,uniform_edge_count,global_efficiency,20,20,20,0.5166666666666655,0.5605102040816314,-0.04384353741496594,0.5591989795918366,0.5622482993197259,descriptive_reference_not_treatment_CI
revision896_f2c6b9696988_sequential_gpt-6-luna_brazil_english_s0,uniform_edge_count,num_components,20,20,20,1.0,1.0,0.0,1.0,1.0,descriptive_reference_not_treatment_CI
revision896_f2c6b9696988_sequential_gpt-6-luna_brazil_english_s0,uniform_edge_count,modularity,20,20,20,0.421029374631765,0.24270473865836212,0.17832463597340287,0.2206174774850602,0.2617795745307634,descriptive_reference_not_treatment_CI
revision896_f2c6b9696988_sequential_gpt-6-luna_brazil_english_s0,uniform_edge_count,radius_lcc,20,20,20,3.0,2.75,0.25,2.0,3.0,descriptive_reference_not_treatment_CI
revision896_f2c6b9696988_sequential_gpt-6-luna_brazil_english_s0,uniform_edge_count,diameter_lcc,20,20,20,6.0,3.25,2.75,3.0,4.0,descriptive_reference_not_treatment_CI
revision896_f2c6b9696988_sequential_gpt-6-luna_brazil_english_s0,uniform_edge_count,avg_shortest_path_lcc,20,20,20,2.297142857142857,1.993020408163265,0.3041224489795922,1.9824285714285714,2.000938775510204,descriptive_reference_not_treatment_CI
revision896_f2c6b9696988_sequential_gpt-6-luna_brazil_english_s0,uniform_edge_count,degree_one_share,20,20,20,0.04,0.0,0.04,0.0,0.0,descriptive_reference_not_treatment_CI
revision896_f2c6b9696988_sequential_gpt-6-luna_brazil_english_s0,uniform_edge_count,isolate_share,20,20,20,0.0,0.0,0.0,0.0,0.0,descriptive_reference_not_treatment_CI
revision896_f2c6b9696988_sequential_gpt-6-luna_brazil_english_s0,uniform_edge_count,degree_gini,20,20,20,0.2689908256880734,0.16703669724770645,0.10195412844036697,0.1483577981651376,0.18946788990825686,descriptive_reference_not_treatment_CI
revision896_f2c6b9696988_sequential_gpt-6-luna_brazil_english_s0,uniform_edge_count,coleman_gender,20,20,20,0.245648313013379,-0.026931427555561677,0.2725797405689407,-0.08030236941004781,0.02849299139531865,descriptive_reference_not_treatment_CI
revision896_f2c6b9696988_sequential_gpt-6-luna_brazil_english_s0,uniform_edge_count,coleman_religion,20,20,20,0.2945428661815881,-0.014895132827965724,0.3094379990095538,-0.06909250133615423,0.035340327771746276,descriptive_reference_not_treatment_CI
revision896_f2c6b9696988_sequential_gpt-6-luna_brazil_english_s0,uniform_edge_count,coleman_political orientation,20,20,20,0.5301643509723657,-0.026070641784219806,0.5562349927565855,-0.090863341095709,0.043349856154119154,descriptive_reference_not_treatment_CI
revision896_f2c6b9696988_sequential_gpt-6-luna_brazil_english_s0,uniform_edge_count,age_assortativity,20,20,20,0.5181260386453745,-0.03861041789377216,0.5567364565391467,-0.10625705623409266,0.025645597637708937,descriptive_reference_not_treatment_CI
revision896_f2c6b9696988_sequential_gpt-6-luna_brazil_english_s1,degree_preserving_rewire,density,20,20,20,0.15591836734693879,0.1559183673469388,-2.7755575615628914e-17,0.15591836734693879,0.15591836734693879,descriptive_reference_not_treatment_CI
revision896_f2c6b9696988_sequential_gpt-6-luna_brazil_english_s1,degree_preserving_rewire,avg_clustering_coef,20,20,20,0.4813448773448773,0.2488168413457887,0.2325280359990886,0.196343098275993,0.28533218083086503,descriptive_reference_not_treatment_CI
revision896_f2c6b9696988_sequential_gpt-6-luna_brazil_english_s1,degree_preserving_rewire,prop_nodes_lcc,20,20,20,1.0,1.0,0.0,1.0,1.0,descriptive_reference_not_treatment_CI
revision896_f2c6b9696988_sequential_gpt-6-luna_brazil_english_s1,degree_preserving_rewire,global_efficiency,20,20,20,0.5085578231292504,0.5358346938775498,-0.02727687074829943,0.5304870748299308,0.540227891156461,descriptive_reference_not_treatment_CI
revision896_f2c6b9696988_sequential_gpt-6-luna_brazil_english_s1,degree_preserving_rewire,num_components,20,20,20,1.0,1.0,0.0,1.0,1.0,descriptive_reference_not_treatment_CI
revision896_f2c6b9696988_sequential_gpt-6-luna_brazil_english_s1,degree_preserving_rewire,modularity,20,20,20,0.3792659192456347,0.2577074367478961,0.1215584824977386,0.24392560510950906,0.2756544502617801,descriptive_reference_not_treatment_CI
revision896_f2c6b9696988_sequential_gpt-6-luna_brazil_english_s1,degree_preserving_rewire,radius_lcc,20,20,20,3.0,2.4,0.6000000000000001,2.0,3.0,descriptive_reference_not_treatment_CI
revision896_f2c6b9696988_sequential_gpt-6-luna_brazil_english_s1,degree_preserving_rewire,diameter_lcc,20,20,20,5.0,4.05,0.9500000000000002,4.0,4.524999999999999,descriptive_reference_not_treatment_CI
revision896_f2c6b9696988_sequential_gpt-6-luna_brazil_english_s1,degree_preserving_rewire,avg_shortest_path_lcc,20,20,20,2.290612244897959,2.1011836734693876,0.1894285714285715,2.072591836734694,2.1396530612244895,descriptive_reference_not_treatment_CI
revision896_f2c6b9696988_sequential_gpt-6-luna_brazil_english_s1,degree_preserving_rewire,degree_one_share,20,20,20,0.02,0.020000000000000004,-3.469446951953614e-18,0.02,0.02,descriptive_reference_not_treatment_CI
revision896_f2c6b9696988_sequential_gpt-6-luna_brazil_english_s1,degree_preserving_rewire,isolate_share,20,20,20,0.0,0.0,0.0,0.0,0.0,descriptive_reference_not_treatment_CI
revision896_f2c6b9696988_sequential_gpt-6-luna_brazil_english_s1,degree_preserving_rewire,degree_gini,20,20,20,0.2889005235602094,0.2889005235602094,0.0,0.2889005235602094,0.2889005235602094,descriptive_reference_not_treatment_CI
revision896_f2c6b9696988_sequential_gpt-6-luna_brazil_english_s1,degree_preserving_rewire,coleman_gender,20,20,20,0.2626646650247568,-0.03856466798640677,0.3012293330111636,-0.10959824451814862,0.02297380483883021,descriptive_reference_not_treatment_CI
revision896_f2c6b9696988_sequential_gpt-6-luna_brazil_english_s1,degree_preserving_rewire,coleman_religion,20,20,20,0.34661593967394255,-0.01907347649980324,0.3656894161737458,-0.06986574053733699,0.03499306189785779,descriptive_reference_not_treatment_CI
revision896_f2c6b9696988_sequential_gpt-6-luna_brazil_english_s1,degree_preserving_rewire,coleman_political orientation,20,20,20,0.5420712413051441,-0.009841804801404511,0.5519130461065486,-0.09120855640372683,0.08850238551339079,descriptive_reference_not_treatment_CI
revision896_f2c6b9696988_sequential_gpt-6-luna_brazil_english_s1,degree_preserving_rewire,age_assortativity,20,20,20,0.47250218647061604,-0.018145651562610627,0.49064783803322665,-0.11381737546172949,0.15846564678458994,descriptive_reference_not_treatment_CI
revision896_f2c6b9696988_sequential_gpt-6-luna_brazil_english_s1,equal_weight_demographic_similarity,density,1,1,1,0.15591836734693879,0.15591836734693879,0.0,,,descriptive_reference_not_treatment_CI
revision896_f2c6b9696988_sequential_gpt-6-luna_brazil_english_s1,equal_weight_demographic_similarity,avg_clustering_coef,1,1,1,0.4813448773448773,0.5454010434010435,-0.06405616605616615,,,descriptive_reference_not_treatment_CI
revision896_f2c6b9696988_sequential_gpt-6-luna_brazil_english_s1,equal_weight_demographic_similarity,prop_nodes_lcc,1,1,1,1.0,1.0,0.0,,,descriptive_reference_not_treatment_CI
revision896_f2c6b9696988_sequential_gpt-6-luna_brazil_english_s1,equal_weight_demographic_similarity,global_efficiency,1,1,1,0.5085578231292504,0.4614557823129271,0.04710204081632324,,,descriptive_reference_not_treatment_CI
revision896_f2c6b9696988_sequential_gpt-6-luna_brazil_english_s1,equal_weight_demographic_similarity,num_components,1,1,1,1.0,1.0,0.0,,,descriptive_reference_not_treatment_CI
revision896_f2c6b9696988_sequential_gpt-6-luna_brazil_english_s1,equal_weight_demographic_similarity,modularity,1,1,1,0.3792659192456347,0.5757243496614677,-0.196458430415833,,,descriptive_reference_not_treatment_CI
revision896_f2c6b9696988_sequential_gpt-6-luna_brazil_english_s1,equal_weight_demographic_similarity,radius_lcc,1,1,1,3.0,4.0,-1.0,,,descriptive_reference_not_treatment_CI
revision896_f2c6b9696988_sequential_gpt-6-luna_brazil_english_s1,equal_weight_demographic_similarity,diameter_lcc,1,1,1,5.0,5.0,0.0,,,descriptive_reference_not_treatment_CI
revision896_f2c6b9696988_sequential_gpt-6-luna_brazil_english_s1,equal_weight_demographic_similarity,avg_shortest_path_lcc,1,1,1,2.290612244897959,2.6865306122448978,-0.39591836734693864,,,descriptive_reference_not_treatment_CI
revision896_f2c6b9696988_sequential_gpt-6-luna_brazil_english_s1,equal_weight_demographic_similarity,degree_one_share,1,1,1,0.02,0.0,0.02,,,descriptive_reference_not_treatment_CI
revision896_f2c6b9696988_sequential_gpt-6-luna_brazil_english_s1,equal_weight_demographic_similarity,isolate_share,1,1,1,0.0,0.0,0.0,,,descriptive_reference_not_treatment_CI
revision896_f2c6b9696988_sequential_gpt-6-luna_brazil_english_s1,equal_weight_demographic_similarity,degree_gini,1,1,1,0.2889005235602094,0.19151832460732984,0.09738219895287956,,,descriptive_reference_not_treatment_CI
revision896_f2c6b9696988_sequential_gpt-6-luna_brazil_english_s1,equal_weight_demographic_similarity,coleman_gender,1,1,1,0.2626646650247568,0.7154109589041096,-0.4527462938793527,,,descriptive_reference_not_treatment_CI
revision896_f2c6b9696988_sequential_gpt-6-luna_brazil_english_s1,equal_weight_demographic_similarity,coleman_religion,1,1,1,0.34661593967394255,0.3853960514774409,-0.03878011180349833,,,descriptive_reference_not_treatment_CI
revision896_f2c6b9696988_sequential_gpt-6-luna_brazil_english_s1,equal_weight_demographic_similarity,coleman_political orientation,1,1,1,0.5420712413051441,0.7613350701585997,-0.21926382885345563,,,descriptive_reference_not_treatment_CI
revision896_f2c6b9696988_sequential_gpt-6-luna_brazil_english_s1,equal_weight_demographic_similarity,age_assortativity,1,1,1,0.47250218647061604,0.350054286187639,0.12244790028297703,,,descriptive_reference_not_treatment_CI
revision896_f2c6b9696988_sequential_gpt-6-luna_brazil_english_s1,uniform_edge_count,density,20,20,20,0.15591836734693879,0.1559183673469388,-2.7755575615628914e-17,0.15591836734693879,0.15591836734693879,descriptive_reference_not_treatment_CI
revision896_f2c6b9696988_sequential_gpt-6-luna_brazil_english_s1,uniform_edge_count,avg_clustering_coef,20,20,20,0.4813448773448773,0.16028535353535353,0.32105952380952374,0.12878363303363305,0.19901062271062273,descriptive_reference_not_treatment_CI
revision896_f2c6b9696988_sequential_gpt-6-luna_brazil_english_s1,uniform_edge_count,prop_nodes_lcc,20,20,20,1.0,1.0,0.0,1.0,1.0,descriptive_reference_not_treatment_CI
revision896_f2c6b9696988_sequential_gpt-6-luna_brazil_english_s1,uniform_edge_count,global_efficiency,20,20,20,0.5085578231292504,0.5340204081632642,-0.025462585034013885,0.5305561224489785,0.5374064625850321,descriptive_reference_not_treatment_CI
revision896_f2c6b9696988_sequential_gpt-6-luna_brazil_english_s1,uniform_edge_count,num_components,20,20,20,1.0,1.0,0.0,1.0,1.0,descriptive_reference_not_treatment_CI
revision896_f2c6b9696988_sequential_gpt-6-luna_brazil_english_s1,uniform_edge_count,modularity,20,20,20,0.3792659192456347,0.2734176694717798,0.10584824977385487,0.24821859324031684,0.3019842520764233,descriptive_reference_not_treatment_CI
revision896_f2c6b9696988_sequential_gpt-6-luna_brazil_english_s1,uniform_edge_count,radius_lcc,20,20,20,3.0,2.95,0.04999999999999982,2.475,3.0,descriptive_reference_not_treatment_CI
revision896_f2c6b9696988_sequential_gpt-6-luna_brazil_english_s1,uniform_edge_count,diameter_lcc,20,20,20,5.0,3.9,1.1,3.0,4.0,descriptive_reference_not_treatment_CI
revision896_f2c6b9696988_sequential_gpt-6-luna_brazil_english_s1,uniform_edge_count,avg_shortest_path_lcc,20,20,20,2.290612244897959,2.1099183673469386,0.1806938775510205,2.089326530612245,2.1330612244897957,descriptive_reference_not_treatment_CI
revision896_f2c6b9696988_sequential_gpt-6-luna_brazil_english_s1,uniform_edge_count,degree_one_share,20,20,20,0.02,0.003,0.017,0.0,0.02,descriptive_reference_not_treatment_CI
revision896_f2c6b9696988_sequential_gpt-6-luna_brazil_english_s1,uniform_edge_count,isolate_share,20,20,20,0.0,0.0,0.0,0.0,0.0,descriptive_reference_not_treatment_CI
revision896_f2c6b9696988_sequential_gpt-6-luna_brazil_english_s1,uniform_edge_count,degree_gini,20,20,20,0.2889005235602094,0.1849371727748691,0.1039633507853403,0.15631413612565445,0.2163062827225131,descriptive_reference_not_treatment_CI
revision896_f2c6b9696988_sequential_gpt-6-luna_brazil_english_s1,uniform_edge_count,coleman_gender,20,20,20,0.2626646650247568,-0.026455808460917656,0.2891204734856745,-0.09920013848019629,0.08476456315377903,descriptive_reference_not_treatment_CI
revision896_f2c6b9696988_sequential_gpt-6-luna_brazil_english_s1,uniform_edge_count,coleman_religion,20,20,20,0.34661593967394255,-0.01912585316550274,0.3657417928394453,-0.054364405096182594,0.019725018294256956,descriptive_reference_not_treatment_CI
revision896_f2c6b9696988_sequential_gpt-6-luna_brazil_english_s1,uniform_edge_count,coleman_political orientation,20,20,20,0.5420712413051441,-0.01921697707578688,0.5612882183809309,-0.10526927841023881,0.0725664523402446,descriptive_reference_not_treatment_CI
revision896_f2c6b9696988_sequential_gpt-6-luna_brazil_english_s1,uniform_edge_count,age_assortativity,20,20,20,0.47250218647061604,-0.019559223024303102,0.49206140949491917,-0.14745461577962848,0.10454000665779273,descriptive_reference_not_treatment_CI
revision896_f2c6b9696988_sequential_gpt-6-luna_india_english_s0,degree_preserving_rewire,density,20,20,20,0.1763265306122449,0.17632653061224488,2.7755575615628914e-17,0.1763265306122449,0.1763265306122449,descriptive_reference_not_treatment_CI
revision896_f2c6b9696988_sequential_gpt-6-luna_india_english_s0,degree_preserving_rewire,avg_clustering_coef,20,20,20,0.4895212532565471,0.22049040599922948,0.26903084725731763,0.19113874964904376,0.2663902366424424,descriptive_reference_not_treatment_CI
revision896_f2c6b9696988_sequential_gpt-6-luna_india_english_s0,degree_preserving_rewire,prop_nodes_lcc,20,20,20,1.0,1.0,0.0,1.0,1.0,descriptive_reference_not_treatment_CI
revision896_f2c6b9696988_sequential_gpt-6-luna_india_english_s0,degree_preserving_rewire,global_efficiency,20,20,20,0.523741496598637,0.5500455782312901,-0.026304081632653076,0.5446690476190459,0.5541156462585011,descriptive_reference_not_treatment_CI
revision896_f2c6b9696988_sequential_gpt-6-luna_india_english_s0,degree_preserving_rewire,num_components,20,20,20,1.0,1.0,0.0,1.0,1.0,descriptive_reference_not_treatment_CI
revision896_f2c6b9696988_sequential_gpt-6-luna_india_english_s0,degree_preserving_rewire,modularity,20,20,20,0.43300968792866945,0.2376232424554184,0.19538644547325104,0.2186956125685871,0.2563057270233196,descriptive_reference_not_treatment_CI
revision896_f2c6b9696988_sequential_gpt-6-luna_india_english_s0,degree_preserving_rewire,radius_lcc,20,20,20,3.0,2.95,0.04999999999999982,2.475,3.0,descriptive_reference_not_treatment_CI
revision896_f2c6b9696988_sequential_gpt-6-luna_india_english_s0,degree_preserving_rewire,diameter_lcc,20,20,20,4.0,4.05,-0.04999999999999982,4.0,4.524999999999999,descriptive_reference_not_treatment_CI
revision896_f2c6b9696988_sequential_gpt-6-luna_india_english_s0,degree_preserving_rewire,avg_shortest_path_lcc,20,20,20,2.2310204081632654,2.0578367346938777,0.17318367346938768,2.0312448979591835,2.0956938775510205,descriptive_reference_not_treatment_CI
revision896_f2c6b9696988_sequential_gpt-6-luna_india_english_s0,degree_preserving_rewire,degree_one_share,20,20,20,0.02,0.020000000000000004,-3.469446951953614e-18,0.02,0.02,descriptive_reference_not_treatment_CI
revision896_f2c6b9696988_sequential_gpt-6-luna_india_english_s0,degree_preserving_rewire,isolate_share,20,20,20,0.0,0.0,0.0,0.0,0.0,descriptive_reference_not_treatment_CI
revision896_f2c6b9696988_sequential_gpt-6-luna_india_english_s0,degree_preserving_rewire,degree_gini,20,20,20,0.2551851851851852,0.25518518518518524,-5.551115123125783e-17,0.2551851851851852,0.2551851851851852,descriptive_reference_not_treatment_CI
revision896_f2c6b9696988_sequential_gpt-6-luna_india_english_s0,degree_preserving_rewire,coleman_gender,20,20,20,0.1644705603038936,0.0011435580880024888,0.1633270022158911,-0.0760302904400127,0.06073569563152887,descriptive_reference_not_treatment_CI
revision896_f2c6b9696988_sequential_gpt-6-luna_india_english_s0,degree_preserving_rewire,coleman_religion,20,20,20,0.31947638280943735,-0.034855987663692634,0.35433237047313,-0.0988105108496799,0.016247137503785272,descriptive_reference_not_treatment_CI
revision896_f2c6b9696988_sequential_gpt-6-luna_india_english_s0,degree_preserving_rewire,coleman_political orientation,20,20,20,0.6064326615453063,-0.022085908069352542,0.6285185696146588,-0.07899264452946438,0.054502961436283595,descriptive_reference_not_treatment_CI
revision896_f2c6b9696988_sequential_gpt-6-luna_india_english_s0,degree_preserving_rewire,age_assortativity,20,20,20,0.4041468102906367,-0.015713736758247165,0.41986054704888387,-0.1142297135228528,0.11866197793390008,descriptive_reference_not_treatment_CI
revision896_f2c6b9696988_sequential_gpt-6-luna_india_english_s0,equal_weight_demographic_similarity,density,1,1,1,0.1763265306122449,0.1763265306122449,0.0,,,descriptive_reference_not_treatment_CI
revision896_f2c6b9696988_sequential_gpt-6-luna_india_english_s0,equal_weight_demographic_similarity,avg_clustering_coef,1,1,1,0.4895212532565471,0.5930248640248643,-0.10350361076831721,,,descriptive_reference_not_treatment_CI
revision896_f2c6b9696988_sequential_gpt-6-luna_india_english_s0,equal_weight_demographic_similarity,prop_nodes_lcc,1,1,1,1.0,1.0,0.0,,,descriptive_reference_not_treatment_CI
revision896_f2c6b9696988_sequential_gpt-6-luna_india_english_s0,equal_weight_demographic_similarity,global_efficiency,1,1,1,0.523741496598637,0.48257142857143015,0.04117006802720685,,,descriptive_reference_not_treatment_CI
revision896_f2c6b9696988_sequential_gpt-6-luna_india_english_s0,equal_weight_demographic_similarity,num_components,1,1,1,1.0,1.0,0.0,,,descriptive_reference_not_treatment_CI
revision896_f2c6b9696988_sequential_gpt-6-luna_india_english_s0,equal_weight_demographic_similarity,modularity,1,1,1,0.43300968792866945,0.5664651920438958,-0.13345550411522633,,,descriptive_reference_not_treatment_CI
revision896_f2c6b9696988_sequential_gpt-6-luna_india_english_s0,equal_weight_demographic_similarity,radius_lcc,1,1,1,3.0,4.0,-1.0,,,descriptive_reference_not_treatment_CI
revision896_f2c6b9696988_sequential_gpt-6-luna_india_english_s0,equal_weight_demographic_similarity,diameter_lcc,1,1,1,4.0,5.0,-1.0,,,descriptive_reference_not_treatment_CI
revision896_f2c6b9696988_sequential_gpt-6-luna_india_english_s0,equal_weight_demographic_similarity,avg_shortest_path_lcc,1,1,1,2.2310204081632654,2.569795918367347,-0.3387755102040817,,,descriptive_reference_not_treatment_CI
revision896_f2c6b9696988_sequential_gpt-6-luna_india_english_s0,equal_weight_demographic_similarity,degree_one_share,1,1,1,0.02,0.0,0.02,,,descriptive_reference_not_treatment_CI
revision896_f2c6b9696988_sequential_gpt-6-luna_india_english_s0,equal_weight_demographic_similarity,isolate_share,1,1,1,0.0,0.0,0.0,,,descriptive_reference_not_treatment_CI
revision896_f2c6b9696988_sequential_gpt-6-luna_india_english_s0,equal_weight_demographic_similarity,degree_gini,1,1,1,0.2551851851851852,0.18722222222222223,0.06796296296296295,,,descriptive_reference_not_treatment_CI
revision896_f2c6b9696988_sequential_gpt-6-luna_india_english_s0,equal_weight_demographic_similarity,coleman_gender,1,1,1,0.1644705603038936,0.7220796647900888,-0.5576091044861952,,,descriptive_reference_not_treatment_CI
revision896_f2c6b9696988_sequential_gpt-6-luna_india_english_s0,equal_weight_demographic_similarity,coleman_religion,1,1,1,0.31947638280943735,0.3400238869213044,-0.020547504111867065,,,descriptive_reference_not_treatment_CI
revision896_f2c6b9696988_sequential_gpt-6-luna_india_english_s0,equal_weight_demographic_similarity,coleman_political orientation,1,1,1,0.6064326615453063,0.7759180529178012,-0.16948539137249496,,,descriptive_reference_not_treatment_CI
revision896_f2c6b9696988_sequential_gpt-6-luna_india_english_s0,equal_weight_demographic_similarity,age_assortativity,1,1,1,0.4041468102906367,0.16081548670046042,0.24333132359017628,,,descriptive_reference_not_treatment_CI
revision896_f2c6b9696988_sequential_gpt-6-luna_india_english_s0,uniform_edge_count,density,20,20,20,0.1763265306122449,0.17632653061224488,2.7755575615628914e-17,0.1763265306122449,0.1763265306122449,descriptive_reference_not_treatment_CI
revision896_f2c6b9696988_sequential_gpt-6-luna_india_english_s0,uniform_edge_count,avg_clustering_coef,20,20,20,0.4895212532565471,0.1734195172904151,0.316101735966132,0.1529324730824731,0.19906053399215162,descriptive_reference_not_treatment_CI
revision896_f2c6b9696988_sequential_gpt-6-luna_india_english_s0,uniform_edge_count,prop_nodes_lcc,20,20,20,1.0,1.0,0.0,1.0,1.0,descriptive_reference_not_treatment_CI
revision896_f2c6b9696988_sequential_gpt-6-luna_india_english_s0,uniform_edge_count,global_efficiency,20,20,20,0.523741496598637,0.5580170068027196,-0.03427551020408259,0.5549812925170053,0.5610952380952361,descriptive_reference_not_treatment_CI
revision896_f2c6b9696988_sequential_gpt-6-luna_india_english_s0,uniform_edge_count,num_components,20,20,20,1.0,1.0,0.0,1.0,1.0,descriptive_reference_not_treatment_CI
revision896_f2c6b9696988_sequential_gpt-6-luna_india_english_s0,uniform_edge_count,modularity,20,20,20,0.43300968792866945,0.24954828960905356,0.1834613983196159,0.22929553540809328,0.26705354080932786,descriptive_reference_not_treatment_CI
revision896_f2c6b9696988_sequential_gpt-6-luna_india_english_s0,uniform_edge_count,radius_lcc,20,20,20,3.0,2.65,0.3500000000000001,2.0,3.0,descriptive_reference_not_treatment_CI
revision896_f2c6b9696988_sequential_gpt-6-luna_india_english_s0,uniform_edge_count,diameter_lcc,20,20,20,4.0,3.45,0.5499999999999998,3.0,4.0,descriptive_reference_not_treatment_CI
revision896_f2c6b9696988_sequential_gpt-6-luna_india_english_s0,uniform_edge_count,avg_shortest_path_lcc,20,20,20,2.2310204081632654,2.005020408163265,0.22600000000000042,1.9860816326530613,2.0229795918367346,descriptive_reference_not_treatment_CI
revision896_f2c6b9696988_sequential_gpt-6-luna_india_english_s0,uniform_edge_count,degree_one_share,20,20,20,0.02,0.001,0.019,0.0,0.010499999999999971,descriptive_reference_not_treatment_CI
revision896_f2c6b9696988_sequential_gpt-6-luna_india_english_s0,uniform_edge_count,isolate_share,20,20,20,0.0,0.0,0.0,0.0,0.0,descriptive_reference_not_treatment_CI
revision896_f2c6b9696988_sequential_gpt-6-luna_india_english_s0,uniform_edge_count,degree_gini,20,20,20,0.2551851851851852,0.16950925925925925,0.08567592592592593,0.14831944444444445,0.2102962962962963,descriptive_reference_not_treatment_CI
revision896_f2c6b9696988_sequential_gpt-6-luna_india_english_s0,uniform_edge_count,coleman_gender,20,20,20,0.1644705603038936,-0.01667531283578973,0.18114587313968333,-0.09257273910851654,0.10882416504029689,descriptive_reference_not_treatment_CI
revision896_f2c6b9696988_sequential_gpt-6-luna_india_english_s0,uniform_edge_count,coleman_religion,20,20,20,0.31947638280943735,-0.03215725427129311,0.3516336370807305,-0.07864871734806161,0.016179751773525174,descriptive_reference_not_treatment_CI
revision896_f2c6b9696988_sequential_gpt-6-luna_india_english_s0,uniform_edge_count,coleman_political orientation,20,20,20,0.6064326615453063,-0.028278303356153556,0.6347109649014598,-0.11092789716096808,0.03974322258573252,descriptive_reference_not_treatment_CI
revision896_f2c6b9696988_sequential_gpt-6-luna_india_english_s0,uniform_edge_count,age_assortativity,20,20,20,0.4041468102906367,-0.016688045673515884,0.4208348559641526,-0.11840789805084237,0.10295700541347011,descriptive_reference_not_treatment_CI
revision896_f2c6b9696988_sequential_gpt-6-luna_india_english_s1,degree_preserving_rewire,density,20,20,20,0.16408163265306122,0.16408163265306125,-2.7755575615628914e-17,0.16408163265306122,0.16408163265306122,descriptive_reference_not_treatment_CI
revision896_f2c6b9696988_sequential_gpt-6-luna_india_english_s1,degree_preserving_rewire,avg_clustering_coef,20,20,20,0.43969275169275157,0.25866808454703194,0.18102466714571963,0.21876667528378052,0.28891107211501954,descriptive_reference_not_treatment_CI
revision896_f2c6b9696988_sequential_gpt-6-luna_india_english_s1,degree_preserving_rewire,prop_nodes_lcc,20,20,20,1.0,1.0,0.0,1.0,1.0,descriptive_reference_not_treatment_CI
revision896_f2c6b9696988_sequential_gpt-6-luna_india_english_s1,degree_preserving_rewire,global_efficiency,20,20,20,0.5155918367346926,0.5437210884353721,-0.02812925170067959,0.5411173469387734,0.5468384353741477,descriptive_reference_not_treatment_CI
revision896_f2c6b9696988_sequential_gpt-6-luna_india_english_s1,degree_preserving_rewire,num_components,20,20,20,1.0,1.0,0.0,1.0,1.0,descriptive_reference_not_treatment_CI
revision896_f2c6b9696988_sequential_gpt-6-luna_india_english_s1,degree_preserving_rewire,modularity,20,20,20,0.37234226875572385,0.24310041830647755,0.1292418504492463,0.21609799262394494,0.2667901165812727,descriptive_reference_not_treatment_CI
revision896_f2c6b9696988_sequential_gpt-6-luna_india_english_s1,degree_preserving_rewire,radius_lcc,20,20,20,3.0,2.3,0.7000000000000002,2.0,3.0,descriptive_reference_not_treatment_CI
revision896_f2c6b9696988_sequential_gpt-6-luna_india_english_s1,degree_preserving_rewire,diameter_lcc,20,20,20,5.0,3.95,1.0499999999999998,3.475,4.0,descriptive_reference_not_treatment_CI
revision896_f2c6b9696988_sequential_gpt-6-luna_india_english_s1,degree_preserving_rewire,avg_shortest_path_lcc,20,20,20,2.266122448979592,2.0685306122448974,0.1975918367346945,2.0485510204081634,2.0887551020408166,descriptive_reference_not_treatment_CI
revision896_f2c6b9696988_sequential_gpt-6-luna_india_english_s1,degree_preserving_rewire,degree_one_share,20,20,20,0.0,0.0,0.0,0.0,0.0,descriptive_reference_not_treatment_CI
revision896_f2c6b9696988_sequential_gpt-6-luna_india_english_s1,degree_preserving_rewire,isolate_share,20,20,20,0.0,0.0,0.0,0.0,0.0,descriptive_reference_not_treatment_CI
revision896_f2c6b9696988_sequential_gpt-6-luna_india_english_s1,degree_preserving_rewire,degree_gini,20,20,20,0.2892537313432836,0.2892537313432835,5.551115123125783e-17,0.2892537313432836,0.2892537313432836,descriptive_reference_not_treatment_CI
revision896_f2c6b9696988_sequential_gpt-6-luna_india_english_s1,degree_preserving_rewire,coleman_gender,20,20,20,0.22469323566536298,-0.043397144202594606,0.2680903798679576,-0.10808090213701986,0.03539002916369594,descriptive_reference_not_treatment_CI
revision896_f2c6b9696988_sequential_gpt-6-luna_india_english_s1,degree_preserving_rewire,coleman_religion,20,20,20,0.34762190509883145,-0.01734555623864962,0.3649674613374811,-0.0486485182403526,0.024596378092839738,descriptive_reference_not_treatment_CI
revision896_f2c6b9696988_sequential_gpt-6-luna_india_english_s1,degree_preserving_rewire,coleman_political orientation,20,20,20,0.42407279074899085,-0.02661208778216768,0.4506848785311585,-0.086126217094553,0.05789289097214741,descriptive_reference_not_treatment_CI
revision896_f2c6b9696988_sequential_gpt-6-luna_india_english_s1,degree_preserving_rewire,age_assortativity,20,20,20,0.5171915712634163,-0.01219994548617026,0.5293915167495866,-0.13548098737679162,0.09046539435090213,descriptive_reference_not_treatment_CI
revision896_f2c6b9696988_sequential_gpt-6-luna_india_english_s1,equal_weight_demographic_similarity,density,1,1,1,0.16408163265306122,0.16408163265306122,0.0,,,descriptive_reference_not_treatment_CI
revision896_f2c6b9696988_sequential_gpt-6-luna_india_english_s1,equal_weight_demographic_similarity,avg_clustering_coef,1,1,1,0.43969275169275157,0.5710661560661563,-0.13137340437340472,,,descriptive_reference_not_treatment_CI
revision896_f2c6b9696988_sequential_gpt-6-luna_india_english_s1,equal_weight_demographic_similarity,prop_nodes_lcc,1,1,1,1.0,1.0,0.0,,,descriptive_reference_not_treatment_CI
revision896_f2c6b9696988_sequential_gpt-6-luna_india_english_s1,equal_weight_demographic_similarity,global_efficiency,1,1,1,0.5155918367346926,0.4708435374149679,0.04474829931972463,,,descriptive_reference_not_treatment_CI
revision896_f2c6b9696988_sequential_gpt-6-luna_india_english_s1,equal_weight_demographic_similarity,num_components,1,1,1,1.0,1.0,0.0,,,descriptive_reference_not_treatment_CI
revision896_f2c6b9696988_sequential_gpt-6-luna_india_english_s1,equal_weight_demographic_similarity,modularity,1,1,1,0.37234226875572385,0.5763842479146556,-0.20404197915893174,,,descriptive_reference_not_treatment_CI
revision896_f2c6b9696988_sequential_gpt-6-luna_india_english_s1,equal_weight_demographic_similarity,radius_lcc,1,1,1,3.0,4.0,-1.0,,,descriptive_reference_not_treatment_CI
revision896_f2c6b9696988_sequential_gpt-6-luna_india_english_s1,equal_weight_demographic_similarity,diameter_lcc,1,1,1,5.0,5.0,0.0,,,descriptive_reference_not_treatment_CI
revision896_f2c6b9696988_sequential_gpt-6-luna_india_english_s1,equal_weight_demographic_similarity,avg_shortest_path_lcc,1,1,1,2.266122448979592,2.6310204081632653,-0.3648979591836734,,,descriptive_reference_not_treatment_CI
revision896_f2c6b9696988_sequential_gpt-6-luna_india_english_s1,equal_weight_demographic_similarity,degree_one_share,1,1,1,0.0,0.0,0.0,,,descriptive_reference_not_treatment_CI
revision896_f2c6b9696988_sequential_gpt-6-luna_india_english_s1,equal_weight_demographic_similarity,isolate_share,1,1,1,0.0,0.0,0.0,,,descriptive_reference_not_treatment_CI
revision896_f2c6b9696988_sequential_gpt-6-luna_india_english_s1,equal_weight_demographic_similarity,degree_gini,1,1,1,0.2892537313432836,0.1927363184079602,0.09651741293532337,,,descriptive_reference_not_treatment_CI
revision896_f2c6b9696988_sequential_gpt-6-luna_india_english_s1,equal_weight_demographic_similarity,coleman_gender,1,1,1,0.22469323566536298,0.727357365620987,-0.502664129955624,,,descriptive_reference_not_treatment_CI
revision896_f2c6b9696988_sequential_gpt-6-luna_india_english_s1,equal_weight_demographic_similarity,coleman_religion,1,1,1,0.34762190509883145,0.3600779065895344,-0.012456001490702973,,,descriptive_reference_not_treatment_CI
revision896_f2c6b9696988_sequential_gpt-6-luna_india_english_s1,equal_weight_demographic_similarity,coleman_political orientation,1,1,1,0.42407279074899085,0.7666609013132257,-0.3425881105642349,,,descriptive_reference_not_treatment_CI
revision896_f2c6b9696988_sequential_gpt-6-luna_india_english_s1,equal_weight_demographic_similarity,age_assortativity,1,1,1,0.5171915712634163,0.28552485900025937,0.23166671226315694,,,descriptive_reference_not_treatment_CI
revision896_f2c6b9696988_sequential_gpt-6-luna_india_english_s1,uniform_edge_count,density,20,20,20,0.16408163265306122,0.16408163265306125,-2.7755575615628914e-17,0.16408163265306122,0.16408163265306122,descriptive_reference_not_treatment_CI
revision896_f2c6b9696988_sequential_gpt-6-luna_india_english_s1,uniform_edge_count,avg_clustering_coef,20,20,20,0.43969275169275157,0.169317815681051,0.2703749360117006,0.1282502303252304,0.2052452090393266,descriptive_reference_not_treatment_CI
revision896_f2c6b9696988_sequential_gpt-6-luna_india_english_s1,uniform_edge_count,prop_nodes_lcc,20,20,20,1.0,1.0,0.0,1.0,1.0,descriptive_reference_not_treatment_CI
revision896_f2c6b9696988_sequential_gpt-6-luna_india_english_s1,uniform_edge_count,global_efficiency,20,20,20,0.5155918367346926,0.5444149659863927,-0.028823129251700164,0.5388826530612237,0.5479047619047603,descriptive_reference_not_treatment_CI
revision896_f2c6b9696988_sequential_gpt-6-luna_india_english_s1,uniform_edge_count,num_components,20,20,20,1.0,1.0,0.0,1.0,1.0,descriptive_reference_not_treatment_CI
revision896_f2c6b9696988_sequential_gpt-6-luna_india_english_s1,uniform_edge_count,modularity,20,20,20,0.37234226875572385,0.26439630207173087,0.10794596668399298,0.2378997425806292,0.2848370089849261,descriptive_reference_not_treatment_CI
revision896_f2c6b9696988_sequential_gpt-6-luna_india_english_s1,uniform_edge_count,radius_lcc,20,20,20,3.0,2.75,0.25,2.0,3.0,descriptive_reference_not_treatment_CI
revision896_f2c6b9696988_sequential_gpt-6-luna_india_english_s1,uniform_edge_count,diameter_lcc,20,20,20,5.0,3.7,1.2999999999999998,3.0,4.0,descriptive_reference_not_treatment_CI
revision896_f2c6b9696988_sequential_gpt-6-luna_india_english_s1,uniform_edge_count,avg_shortest_path_lcc,20,20,20,2.266122448979592,2.062734693877551,0.2033877551020411,2.041122448979592,2.098938775510204,descriptive_reference_not_treatment_CI
revision896_f2c6b9696988_sequential_gpt-6-luna_india_english_s1,uniform_edge_count,degree_one_share,20,20,20,0.0,0.0,0.0,0.0,0.0,descriptive_reference_not_treatment_CI
revision896_f2c6b9696988_sequential_gpt-6-luna_india_english_s1,uniform_edge_count,isolate_share,20,20,20,0.0,0.0,0.0,0.0,0.0,descriptive_reference_not_treatment_CI
revision896_f2c6b9696988_sequential_gpt-6-luna_india_english_s1,uniform_edge_count,degree_gini,20,20,20,0.2892537313432836,0.17870646766169154,0.11054726368159204,0.1519676616915423,0.2069328358208955,descriptive_reference_not_treatment_CI
revision896_f2c6b9696988_sequential_gpt-6-luna_india_english_s1,uniform_edge_count,coleman_gender,20,20,20,0.22469323566536298,-0.02704747608854543,0.2517407117539084,-0.10144345446804254,0.02721910571512122,descriptive_reference_not_treatment_CI
revision896_f2c6b9696988_sequential_gpt-6-luna_india_english_s1,uniform_edge_count,coleman_religion,20,20,20,0.34762190509883145,-0.032938310890940126,0.3805602159897716,-0.06937710510319013,0.008473275392297796,descriptive_reference_not_treatment_CI
revision896_f2c6b9696988_sequential_gpt-6-luna_india_english_s1,uniform_edge_count,coleman_political orientation,20,20,20,0.42407279074899085,-0.023295201491211826,0.4473679922402027,-0.08288229717923677,0.05202628810004846,descriptive_reference_not_treatment_CI
revision896_f2c6b9696988_sequential_gpt-6-luna_india_english_s1,uniform_edge_count,age_assortativity,20,20,20,0.5171915712634163,-0.014430670527173594,0.5316222417905899,-0.1521664947332112,0.12075818955569392,descriptive_reference_not_treatment_CI
revision896_f2c6b9696988_sequential_gpt-6-luna_japan_english_s0,degree_preserving_rewire,density,20,20,20,0.17877551020408164,0.1787755102040816,2.7755575615628914e-17,0.17877551020408164,0.17877551020408164,descriptive_reference_not_treatment_CI
revision896_f2c6b9696988_sequential_gpt-6-luna_japan_english_s0,degree_preserving_rewire,avg_clustering_coef,20,20,20,0.4918371106018167,0.2266195288371759,0.2652175817646408,0.19485353739397857,0.26196695738901626,descriptive_reference_not_treatment_CI
revision896_f2c6b9696988_sequential_gpt-6-luna_japan_english_s0,degree_preserving_rewire,prop_nodes_lcc,20,20,20,1.0,1.0,0.0,1.0,1.0,descriptive_reference_not_treatment_CI
revision896_f2c6b9696988_sequential_gpt-6-luna_japan_english_s0,degree_preserving_rewire,global_efficiency,20,20,20,0.5238911564625841,0.5547653061224467,-0.03087414965986257,0.5519013605442152,0.5596411564625828,descriptive_reference_not_treatment_CI
revision896_f2c6b9696988_sequential_gpt-6-luna_japan_english_s0,degree_preserving_rewire,num_components,20,20,20,1.0,1.0,0.0,1.0,1.0,descriptive_reference_not_treatment_CI
revision896_f2c6b9696988_sequential_gpt-6-luna_japan_english_s0,degree_preserving_rewire,modularity,20,20,20,0.42787890160755604,0.23521090052334187,0.19266800108421417,0.22020912825003647,0.26013297262359,descriptive_reference_not_treatment_CI
revision896_f2c6b9696988_sequential_gpt-6-luna_japan_english_s0,degree_preserving_rewire,radius_lcc,20,20,20,3.0,2.65,0.3500000000000001,2.0,3.0,descriptive_reference_not_treatment_CI
revision896_f2c6b9696988_sequential_gpt-6-luna_japan_english_s0,degree_preserving_rewire,diameter_lcc,20,20,20,5.0,4.0,1.0,4.0,4.0,descriptive_reference_not_treatment_CI
revision896_f2c6b9696988_sequential_gpt-6-luna_japan_english_s0,degree_preserving_rewire,avg_shortest_path_lcc,20,20,20,2.246530612244898,2.030734693877551,0.21579591836734702,2.000714285714286,2.0481632653061226,descriptive_reference_not_treatment_CI
revision896_f2c6b9696988_sequential_gpt-6-luna_japan_english_s0,degree_preserving_rewire,degree_one_share,20,20,20,0.0,0.0,0.0,0.0,0.0,descriptive_reference_not_treatment_CI
revision896_f2c6b9696988_sequential_gpt-6-luna_japan_english_s0,degree_preserving_rewire,isolate_share,20,20,20,0.0,0.0,0.0,0.0,0.0,descriptive_reference_not_treatment_CI
revision896_f2c6b9696988_sequential_gpt-6-luna_japan_english_s0,degree_preserving_rewire,degree_gini,20,20,20,0.25726027397260276,0.2572602739726027,5.551115123125783e-17,0.25726027397260276,0.25726027397260276,descriptive_reference_not_treatment_CI
revision896_f2c6b9696988_sequential_gpt-6-luna_japan_english_s0,degree_preserving_rewire,coleman_gender,20,20,20,0.24683827953058723,-0.025929154006077103,0.2727674335366643,-0.12294806112113807,0.04899934698011614,descriptive_reference_not_treatment_CI
revision896_f2c6b9696988_sequential_gpt-6-luna_japan_english_s0,degree_preserving_rewire,coleman_religion,20,20,20,0.29527195977264376,-0.02506778628871654,0.3203397460613603,-0.06075157106791855,0.022307960461175214,descriptive_reference_not_treatment_CI
revision896_f2c6b9696988_sequential_gpt-6-luna_japan_english_s0,degree_preserving_rewire,coleman_political orientation,20,20,20,0.566148769963025,-0.023156551658193365,0.5893053216212184,-0.08933275977694782,0.0546785386862247,descriptive_reference_not_treatment_CI
revision896_f2c6b9696988_sequential_gpt-6-luna_japan_english_s0,degree_preserving_rewire,age_assortativity,20,20,20,0.46681726986271277,-0.02195083461344618,0.4887681044761589,-0.13938480868848718,0.05245747818253047,descriptive_reference_not_treatment_CI
revision896_f2c6b9696988_sequential_gpt-6-luna_japan_english_s0,equal_weight_demographic_similarity,density,1,1,1,0.17877551020408164,0.17877551020408164,0.0,,,descriptive_reference_not_treatment_CI
revision896_f2c6b9696988_sequential_gpt-6-luna_japan_english_s0,equal_weight_demographic_similarity,avg_clustering_coef,1,1,1,0.4918371106018167,0.5933870573870575,-0.10154994678524087,,,descriptive_reference_not_treatment_CI
revision896_f2c6b9696988_sequential_gpt-6-luna_japan_english_s0,equal_weight_demographic_similarity,prop_nodes_lcc,1,1,1,1.0,1.0,0.0,,,descriptive_reference_not_treatment_CI
revision896_f2c6b9696988_sequential_gpt-6-luna_japan_english_s0,equal_weight_demographic_similarity,global_efficiency,1,1,1,0.5238911564625841,0.48515646258503553,0.038734693877548576,,,descriptive_reference_not_treatment_CI
revision896_f2c6b9696988_sequential_gpt-6-luna_japan_english_s0,equal_weight_demographic_similarity,num_components,1,1,1,1.0,1.0,0.0,,,descriptive_reference_not_treatment_CI
revision896_f2c6b9696988_sequential_gpt-6-luna_japan_english_s0,equal_weight_demographic_similarity,modularity,1,1,1,0.42787890160755604,0.5648026521548758,-0.13692375054731976,,,descriptive_reference_not_treatment_CI
revision896_f2c6b9696988_sequential_gpt-6-luna_japan_english_s0,equal_weight_demographic_similarity,radius_lcc,1,1,1,3.0,4.0,-1.0,,,descriptive_reference_not_treatment_CI
revision896_f2c6b9696988_sequential_gpt-6-luna_japan_english_s0,equal_weight_demographic_similarity,diameter_lcc,1,1,1,5.0,5.0,0.0,,,descriptive_reference_not_treatment_CI
revision896_f2c6b9696988_sequential_gpt-6-luna_japan_english_s0,equal_weight_demographic_similarity,avg_shortest_path_lcc,1,1,1,2.246530612244898,2.555918367346939,-0.309387755102041,,,descriptive_reference_not_treatment_CI
revision896_f2c6b9696988_sequential_gpt-6-luna_japan_english_s0,equal_weight_demographic_similarity,degree_one_share,1,1,1,0.0,0.0,0.0,,,descriptive_reference_not_treatment_CI
revision896_f2c6b9696988_sequential_gpt-6-luna_japan_english_s0,equal_weight_demographic_similarity,isolate_share,1,1,1,0.0,0.0,0.0,,,descriptive_reference_not_treatment_CI
revision896_f2c6b9696988_sequential_gpt-6-luna_japan_english_s0,equal_weight_demographic_similarity,degree_gini,1,1,1,0.25726027397260276,0.18429223744292236,0.0729680365296804,,,descriptive_reference_not_treatment_CI
revision896_f2c6b9696988_sequential_gpt-6-luna_japan_english_s0,equal_weight_demographic_similarity,coleman_gender,1,1,1,0.24683827953058723,0.7251070742874022,-0.47826879475681494,,,descriptive_reference_not_treatment_CI
revision896_f2c6b9696988_sequential_gpt-6-luna_japan_english_s0,equal_weight_demographic_similarity,coleman_religion,1,1,1,0.29527195977264376,0.34312933552391384,-0.04785737575127008,,,descriptive_reference_not_treatment_CI
revision896_f2c6b9696988_sequential_gpt-6-luna_japan_english_s0,equal_weight_demographic_similarity,coleman_political orientation,1,1,1,0.566148769963025,0.7652008035716117,-0.1990520336085867,,,descriptive_reference_not_treatment_CI
revision896_f2c6b9696988_sequential_gpt-6-luna_japan_english_s0,equal_weight_demographic_similarity,age_assortativity,1,1,1,0.46681726986271277,0.13490026831685661,0.3319170015458561,,,descriptive_reference_not_treatment_CI
revision896_f2c6b9696988_sequential_gpt-6-luna_japan_english_s0,uniform_edge_count,density,20,20,20,0.17877551020408164,0.1787755102040816,2.7755575615628914e-17,0.17877551020408164,0.17877551020408164,descriptive_reference_not_treatment_CI
revision896_f2c6b9696988_sequential_gpt-6-luna_japan_english_s0,uniform_edge_count,avg_clustering_coef,20,20,20,0.4918371106018167,0.1787751026751027,0.313062007926714,0.1575776308658662,0.20305138750138746,descriptive_reference_not_treatment_CI
revision896_f2c6b9696988_sequential_gpt-6-luna_japan_english_s0,uniform_edge_count,prop_nodes_lcc,20,20,20,1.0,1.0,0.0,1.0,1.0,descriptive_reference_not_treatment_CI
revision896_f2c6b9696988_sequential_gpt-6-luna_japan_english_s0,uniform_edge_count,global_efficiency,20,20,20,0.5238911564625841,0.560034013605441,-0.03614285714285692,0.5566530612244895,0.5628707482993186,descriptive_reference_not_treatment_CI
revision896_f2c6b9696988_sequential_gpt-6-luna_japan_english_s0,uniform_edge_count,num_components,20,20,20,1.0,1.0,0.0,1.0,1.0,descriptive_reference_not_treatment_CI
revision896_f2c6b9696988_sequential_gpt-6-luna_japan_english_s0,uniform_edge_count,modularity,20,20,20,0.42787890160755604,0.24900075060987054,0.1788781509976855,0.2329955588915994,0.26637267780071305,descriptive_reference_not_treatment_CI
revision896_f2c6b9696988_sequential_gpt-6-luna_japan_english_s0,uniform_edge_count,radius_lcc,20,20,20,3.0,2.8,0.20000000000000018,2.0,3.0,descriptive_reference_not_treatment_CI
revision896_f2c6b9696988_sequential_gpt-6-luna_japan_english_s0,uniform_edge_count,diameter_lcc,20,20,20,5.0,3.5,1.5,3.0,4.0,descriptive_reference_not_treatment_CI
revision896_f2c6b9696988_sequential_gpt-6-luna_japan_english_s0,uniform_edge_count,avg_shortest_path_lcc,20,20,20,2.246530612244898,1.9979591836734696,0.24857142857142822,1.9803265306122448,2.019285714285714,descriptive_reference_not_treatment_CI
revision896_f2c6b9696988_sequential_gpt-6-luna_japan_english_s0,uniform_edge_count,degree_one_share,20,20,20,0.0,0.001,-0.001,0.0,0.010499999999999971,descriptive_reference_not_treatment_CI
revision896_f2c6b9696988_sequential_gpt-6-luna_japan_english_s0,uniform_edge_count,isolate_share,20,20,20,0.0,0.0,0.0,0.0,0.0,descriptive_reference_not_treatment_CI
revision896_f2c6b9696988_sequential_gpt-6-luna_japan_english_s0,uniform_edge_count,degree_gini,20,20,20,0.25726027397260276,0.16704566210045663,0.09021461187214613,0.14325114155251142,0.1973447488584475,descriptive_reference_not_treatment_CI
revision896_f2c6b9696988_sequential_gpt-6-luna_japan_english_s0,uniform_edge_count,coleman_gender,20,20,20,0.24683827953058723,-0.029447552598375303,0.2762858321289625,-0.11302720238662417,0.03162806106361475,descriptive_reference_not_treatment_CI
revision896_f2c6b9696988_sequential_gpt-6-luna_japan_english_s0,uniform_edge_count,coleman_religion,20,20,20,0.29527195977264376,-0.0327297084714531,0.3280016682440969,-0.07705896124114602,0.01119073135559221,descriptive_reference_not_treatment_CI
revision896_f2c6b9696988_sequential_gpt-6-luna_japan_english_s0,uniform_edge_count,coleman_political orientation,20,20,20,0.566148769963025,-0.007550322109351669,0.5736990920723767,-0.11264950671091495,0.08299670222704339,descriptive_reference_not_treatment_CI
revision896_f2c6b9696988_sequential_gpt-6-luna_japan_english_s0,uniform_edge_count,age_assortativity,20,20,20,0.46681726986271277,-0.012575410897692766,0.47939268076040553,-0.09644796232162257,0.10927478191128147,descriptive_reference_not_treatment_CI
revision896_f2c6b9696988_sequential_gpt-6-luna_japan_english_s1,degree_preserving_rewire,density,20,20,20,0.16408163265306122,0.16408163265306125,-2.7755575615628914e-17,0.16408163265306122,0.16408163265306122,descriptive_reference_not_treatment_CI
revision896_f2c6b9696988_sequential_gpt-6-luna_japan_english_s1,degree_preserving_rewire,avg_clustering_coef,20,20,20,0.4391814851814852,0.24376050061050059,0.1954209845709846,0.20578909146409147,0.27742771395271393,descriptive_reference_not_treatment_CI
revision896_f2c6b9696988_sequential_gpt-6-luna_japan_english_s1,degree_preserving_rewire,prop_nodes_lcc,20,20,20,1.0,1.0,0.0,1.0,1.0,descriptive_reference_not_treatment_CI
revision896_f2c6b9696988_sequential_gpt-6-luna_japan_english_s1,degree_preserving_rewire,global_efficiency,20,20,20,0.5167210884353723,0.5437925170068008,-0.027071428571428413,0.539040816326528,0.5492431972789096,descriptive_reference_not_treatment_CI
revision896_f2c6b9696988_sequential_gpt-6-luna_japan_english_s1,degree_preserving_rewire,num_components,20,20,20,1.0,1.0,0.0,1.0,1.0,descriptive_reference_not_treatment_CI
revision896_f2c6b9696988_sequential_gpt-6-luna_japan_english_s1,degree_preserving_rewire,modularity,20,20,20,0.3612410583896438,0.24744684537511447,0.11379421301452936,0.22672396722853394,0.27937303532090785,descriptive_reference_not_treatment_CI
revision896_f2c6b9696988_sequential_gpt-6-luna_japan_english_s1,degree_preserving_rewire,radius_lcc,20,20,20,3.0,2.25,0.75,2.0,3.0,descriptive_reference_not_treatment_CI
revision896_f2c6b9696988_sequential_gpt-6-luna_japan_english_s1,degree_preserving_rewire,diameter_lcc,20,20,20,5.0,3.95,1.0499999999999998,3.475,4.0,descriptive_reference_not_treatment_CI
revision896_f2c6b9696988_sequential_gpt-6-luna_japan_english_s1,degree_preserving_rewire,avg_shortest_path_lcc,20,20,20,2.249795918367347,2.067183673469388,0.18261224489795902,2.0333061224489795,2.0971836734693876,descriptive_reference_not_treatment_CI
revision896_f2c6b9696988_sequential_gpt-6-luna_japan_english_s1,degree_preserving_rewire,degree_one_share,20,20,20,0.0,0.0,0.0,0.0,0.0,descriptive_reference_not_treatment_CI
revision896_f2c6b9696988_sequential_gpt-6-luna_japan_english_s1,degree_preserving_rewire,isolate_share,20,20,20,0.0,0.0,0.0,0.0,0.0,descriptive_reference_not_treatment_CI
revision896_f2c6b9696988_sequential_gpt-6-luna_japan_english_s1,degree_preserving_rewire,degree_gini,20,20,20,0.27930348258706467,0.2793034825870647,-5.551115123125783e-17,0.27930348258706467,0.27930348258706467,descriptive_reference_not_treatment_CI
revision896_f2c6b9696988_sequential_gpt-6-luna_japan_english_s1,degree_preserving_rewire,coleman_gender,20,20,20,0.2822713775700174,-0.024675218007565784,0.3069465955775832,-0.0808179312200602,0.03566664007083868,descriptive_reference_not_treatment_CI
revision896_f2c6b9696988_sequential_gpt-6-luna_japan_english_s1,degree_preserving_rewire,coleman_religion,20,20,20,0.3067586718481859,-0.019445962179338153,0.32620463402752403,-0.08038639477530143,0.031203390545941633,descriptive_reference_not_treatment_CI
revision896_f2c6b9696988_sequential_gpt-6-luna_japan_english_s1,degree_preserving_rewire,coleman_political orientation,20,20,20,0.516286954825631,-0.021345178540624492,0.5376321333662555,-0.09374515227055695,0.04193897350556574,descriptive_reference_not_treatment_CI
revision896_f2c6b9696988_sequential_gpt-6-luna_japan_english_s1,degree_preserving_rewire,age_assortativity,20,20,20,0.5500499724945026,-0.021249116731069516,0.5712990892255722,-0.17508040796116917,0.10943582511035733,descriptive_reference_not_treatment_CI
revision896_f2c6b9696988_sequential_gpt-6-luna_japan_english_s1,equal_weight_demographic_similarity,density,1,1,1,0.16408163265306122,0.16408163265306122,0.0,,,descriptive_reference_not_treatment_CI
revision896_f2c6b9696988_sequential_gpt-6-luna_japan_english_s1,equal_weight_demographic_similarity,avg_clustering_coef,1,1,1,0.4391814851814852,0.5710661560661563,-0.1318846708846711,,,descriptive_reference_not_treatment_CI
revision896_f2c6b9696988_sequential_gpt-6-luna_japan_english_s1,equal_weight_demographic_similarity,prop_nodes_lcc,1,1,1,1.0,1.0,0.0,,,descriptive_reference_not_treatment_CI
revision896_f2c6b9696988_sequential_gpt-6-luna_japan_english_s1,equal_weight_demographic_similarity,global_efficiency,1,1,1,0.5167210884353723,0.4708435374149679,0.04587755102040442,,,descriptive_reference_not_treatment_CI
revision896_f2c6b9696988_sequential_gpt-6-luna_japan_english_s1,equal_weight_demographic_similarity,num_components,1,1,1,1.0,1.0,0.0,,,descriptive_reference_not_treatment_CI
revision896_f2c6b9696988_sequential_gpt-6-luna_japan_english_s1,equal_weight_demographic_similarity,modularity,1,1,1,0.3612410583896438,0.5763842479146556,-0.21514318952501177,,,descriptive_reference_not_treatment_CI
revision896_f2c6b9696988_sequential_gpt-6-luna_japan_english_s1,equal_weight_demographic_similarity,radius_lcc,1,1,1,3.0,4.0,-1.0,,,descriptive_reference_not_treatment_CI
revision896_f2c6b9696988_sequential_gpt-6-luna_japan_english_s1,equal_weight_demographic_similarity,diameter_lcc,1,1,1,5.0,5.0,0.0,,,descriptive_reference_not_treatment_CI
revision896_f2c6b9696988_sequential_gpt-6-luna_japan_english_s1,equal_weight_demographic_similarity,avg_shortest_path_lcc,1,1,1,2.249795918367347,2.6310204081632653,-0.3812244897959185,,,descriptive_reference_not_treatment_CI
revision896_f2c6b9696988_sequential_gpt-6-luna_japan_english_s1,equal_weight_demographic_similarity,degree_one_share,1,1,1,0.0,0.0,0.0,,,descriptive_reference_not_treatment_CI
revision896_f2c6b9696988_sequential_gpt-6-luna_japan_english_s1,equal_weight_demographic_similarity,isolate_share,1,1,1,0.0,0.0,0.0,,,descriptive_reference_not_treatment_CI
revision896_f2c6b9696988_sequential_gpt-6-luna_japan_english_s1,equal_weight_demographic_similarity,degree_gini,1,1,1,0.27930348258706467,0.1927363184079602,0.08656716417910446,,,descriptive_reference_not_treatment_CI
revision896_f2c6b9696988_sequential_gpt-6-luna_japan_english_s1,equal_weight_demographic_similarity,coleman_gender,1,1,1,0.2822713775700174,0.727357365620987,-0.44508598805096955,,,descriptive_reference_not_treatment_CI
revision896_f2c6b9696988_sequential_gpt-6-luna_japan_english_s1,equal_weight_demographic_similarity,coleman_religion,1,1,1,0.3067586718481859,0.3600779065895344,-0.05331923474134853,,,descriptive_reference_not_treatment_CI
revision896_f2c6b9696988_sequential_gpt-6-luna_japan_english_s1,equal_weight_demographic_similarity,coleman_political orientation,1,1,1,0.516286954825631,0.7666609013132257,-0.2503739464875947,,,descriptive_reference_not_treatment_CI
revision896_f2c6b9696988_sequential_gpt-6-luna_japan_english_s1,equal_weight_demographic_similarity,age_assortativity,1,1,1,0.5500499724945026,0.28552485900025937,0.26452511349424324,,,descriptive_reference_not_treatment_CI
revision896_f2c6b9696988_sequential_gpt-6-luna_japan_english_s1,uniform_edge_count,density,20,20,20,0.16408163265306122,0.16408163265306125,-2.7755575615628914e-17,0.16408163265306122,0.16408163265306122,descriptive_reference_not_treatment_CI
revision896_f2c6b9696988_sequential_gpt-6-luna_japan_english_s1,uniform_edge_count,avg_clustering_coef,20,20,20,0.4391814851814852,0.16295196192696196,0.2762295232545232,0.14307501110001114,0.18721464646464642,descriptive_reference_not_treatment_CI
revision896_f2c6b9696988_sequential_gpt-6-luna_japan_english_s1,uniform_edge_count,prop_nodes_lcc,20,20,20,1.0,1.0,0.0,1.0,1.0,descriptive_reference_not_treatment_CI
revision896_f2c6b9696988_sequential_gpt-6-luna_japan_english_s1,uniform_edge_count,global_efficiency,20,20,20,0.5167210884353723,0.5453639455782296,-0.028642857142857303,0.5430544217687071,0.5479948979591815,descriptive_reference_not_treatment_CI
revision896_f2c6b9696988_sequential_gpt-6-luna_japan_english_s1,uniform_edge_count,num_components,20,20,20,1.0,1.0,0.0,1.0,1.0,descriptive_reference_not_treatment_CI
revision896_f2c6b9696988_sequential_gpt-6-luna_japan_english_s1,uniform_edge_count,modularity,20,20,20,0.3612410583896438,0.26197556991163584,0.09926548847800798,0.24396920868295338,0.28518972302665774,descriptive_reference_not_treatment_CI
revision896_f2c6b9696988_sequential_gpt-6-luna_japan_english_s1,uniform_edge_count,radius_lcc,20,20,20,3.0,2.85,0.1499999999999999,2.0,3.0,descriptive_reference_not_treatment_CI
revision896_f2c6b9696988_sequential_gpt-6-luna_japan_english_s1,uniform_edge_count,diameter_lcc,20,20,20,5.0,3.8,1.2000000000000002,3.0,4.0,descriptive_reference_not_treatment_CI
revision896_f2c6b9696988_sequential_gpt-6-luna_japan_english_s1,uniform_edge_count,avg_shortest_path_lcc,20,20,20,2.249795918367347,2.0567346938775515,0.19306122448979535,2.040387755102041,2.0702448979591836,descriptive_reference_not_treatment_CI
revision896_f2c6b9696988_sequential_gpt-6-luna_japan_english_s1,uniform_edge_count,degree_one_share,20,20,20,0.0,0.002,-0.002,0.0,0.02,descriptive_reference_not_treatment_CI
revision896_f2c6b9696988_sequential_gpt-6-luna_japan_english_s1,uniform_edge_count,isolate_share,20,20,20,0.0,0.0,0.0,0.0,0.0,descriptive_reference_not_treatment_CI
revision896_f2c6b9696988_sequential_gpt-6-luna_japan_english_s1,uniform_edge_count,degree_gini,20,20,20,0.27930348258706467,0.17288059701492536,0.1064228855721393,0.1352412935323383,0.20272636815920395,descriptive_reference_not_treatment_CI
revision896_f2c6b9696988_sequential_gpt-6-luna_japan_english_s1,uniform_edge_count,coleman_gender,20,20,20,0.2822713775700174,-0.022600539410292688,0.3048719169803101,-0.09871820153810675,0.07173164434330541,descriptive_reference_not_treatment_CI
revision896_f2c6b9696988_sequential_gpt-6-luna_japan_english_s1,uniform_edge_count,coleman_religion,20,20,20,0.3067586718481859,-0.020789027542296994,0.3275476993904829,-0.06973373967700508,0.03149793434716266,descriptive_reference_not_treatment_CI
revision896_f2c6b9696988_sequential_gpt-6-luna_japan_english_s1,uniform_edge_count,coleman_political orientation,20,20,20,0.516286954825631,-0.023335837956889104,0.5396227927825201,-0.09561655976421032,0.04431372247210836,descriptive_reference_not_treatment_CI
revision896_f2c6b9696988_sequential_gpt-6-luna_japan_english_s1,uniform_edge_count,age_assortativity,20,20,20,0.5500499724945026,-0.029808520549835384,0.579858493044338,-0.15991609156859654,0.0811843163577157,descriptive_reference_not_treatment_CI
revision896_f2c6b9696988_sequential_gpt-6-luna_us_english_s0,degree_preserving_rewire,density,20,20,20,0.1730612244897959,0.17306122448979588,2.7755575615628914e-17,0.1730612244897959,0.1730612244897959,descriptive_reference_not_treatment_CI
revision896_f2c6b9696988_sequential_gpt-6-luna_us_english_s0,degree_preserving_rewire,avg_clustering_coef,20,20,20,0.4735985680985682,0.21253665501165497,0.26106191308691323,0.18499101870351872,0.24624228826728822,descriptive_reference_not_treatment_CI
revision896_f2c6b9696988_sequential_gpt-6-luna_us_english_s0,degree_preserving_rewire,prop_nodes_lcc,20,20,20,1.0,1.0,0.0,1.0,1.0,descriptive_reference_not_treatment_CI
revision896_f2c6b9696988_sequential_gpt-6-luna_us_english_s0,degree_preserving_rewire,global_efficiency,20,20,20,0.5171700680272092,0.5444687074829917,-0.02729863945578248,0.5410425170068013,0.5477329931972774,descriptive_reference_not_treatment_CI
revision896_f2c6b9696988_sequential_gpt-6-luna_us_english_s0,degree_preserving_rewire,num_components,20,20,20,1.0,1.0,0.0,1.0,1.0,descriptive_reference_not_treatment_CI
revision896_f2c6b9696988_sequential_gpt-6-luna_us_english_s0,degree_preserving_rewire,modularity,20,20,20,0.41303622285510855,0.2285816794232823,0.18445454343182624,0.20912913848344605,0.24577057004271982,descriptive_reference_not_treatment_CI
revision896_f2c6b9696988_sequential_gpt-6-luna_us_english_s0,degree_preserving_rewire,radius_lcc,20,20,20,3.0,3.0,0.0,3.0,3.0,descriptive_reference_not_treatment_CI
revision896_f2c6b9696988_sequential_gpt-6-luna_us_english_s0,degree_preserving_rewire,diameter_lcc,20,20,20,5.0,4.1,0.9000000000000004,4.0,5.0,descriptive_reference_not_treatment_CI
revision896_f2c6b9696988_sequential_gpt-6-luna_us_english_s0,degree_preserving_rewire,avg_shortest_path_lcc,20,20,20,2.280816326530612,2.087142857142857,0.19367346938775487,2.0683673469387753,2.1098979591836735,descriptive_reference_not_treatment_CI
revision896_f2c6b9696988_sequential_gpt-6-luna_us_english_s0,degree_preserving_rewire,degree_one_share,20,20,20,0.04,0.04000000000000001,-6.938893903907228e-18,0.04,0.04,descriptive_reference_not_treatment_CI
revision896_f2c6b9696988_sequential_gpt-6-luna_us_english_s0,degree_preserving_rewire,isolate_share,20,20,20,0.0,0.0,0.0,0.0,0.0,descriptive_reference_not_treatment_CI
revision896_f2c6b9696988_sequential_gpt-6-luna_us_english_s0,degree_preserving_rewire,degree_gini,20,20,20,0.2761320754716981,0.27613207547169805,5.551115123125783e-17,0.2761320754716981,0.2761320754716981,descriptive_reference_not_treatment_CI
revision896_f2c6b9696988_sequential_gpt-6-luna_us_english_s0,degree_preserving_rewire,coleman_gender,20,20,20,0.23293443922718887,-0.027499260546456183,0.26043369977364506,-0.08723361357253288,0.05547709816519658,descriptive_reference_not_treatment_CI
revision896_f2c6b9696988_sequential_gpt-6-luna_us_english_s0,degree_preserving_rewire,coleman_religion,20,20,20,0.2944965273685782,-0.02036498530373305,0.3148615126723112,-0.07215954784863589,0.04020555814169696,descriptive_reference_not_treatment_CI
revision896_f2c6b9696988_sequential_gpt-6-luna_us_english_s0,degree_preserving_rewire,coleman_political orientation,20,20,20,0.554936405634312,-0.022819594043422584,0.5777559996777346,-0.11172679749449445,0.040116221428534486,descriptive_reference_not_treatment_CI
revision896_f2c6b9696988_sequential_gpt-6-luna_us_english_s0,degree_preserving_rewire,age_assortativity,20,20,20,0.44634222364140447,-0.04113339358268201,0.4874756172240865,-0.1559808524802886,0.03297138904111223,descriptive_reference_not_treatment_CI
revision896_f2c6b9696988_sequential_gpt-6-luna_us_english_s0,equal_weight_demographic_similarity,density,1,1,1,0.1730612244897959,0.1730612244897959,0.0,,,descriptive_reference_not_treatment_CI
revision896_f2c6b9696988_sequential_gpt-6-luna_us_english_s0,equal_weight_demographic_similarity,avg_clustering_coef,1,1,1,0.4735985680985682,0.5915720945720947,-0.11797352647352649,,,descriptive_reference_not_treatment_CI
revision896_f2c6b9696988_sequential_gpt-6-luna_us_english_s0,equal_weight_demographic_similarity,prop_nodes_lcc,1,1,1,1.0,1.0,0.0,,,descriptive_reference_not_treatment_CI
revision896_f2c6b9696988_sequential_gpt-6-luna_us_english_s0,equal_weight_demographic_similarity,global_efficiency,1,1,1,0.5171700680272092,0.4795102040816342,0.03765986394557502,,,descriptive_reference_not_treatment_CI
revision896_f2c6b9696988_sequential_gpt-6-luna_us_english_s0,equal_weight_demographic_similarity,num_components,1,1,1,1.0,1.0,0.0,,,descriptive_reference_not_treatment_CI
revision896_f2c6b9696988_sequential_gpt-6-luna_us_english_s0,equal_weight_demographic_similarity,modularity,1,1,1,0.41303622285510855,0.5728350836596654,-0.15979886080455685,,,descriptive_reference_not_treatment_CI
revision896_f2c6b9696988_sequential_gpt-6-luna_us_english_s0,equal_weight_demographic_similarity,radius_lcc,1,1,1,3.0,4.0,-1.0,,,descriptive_reference_not_treatment_CI
revision896_f2c6b9696988_sequential_gpt-6-luna_us_english_s0,equal_weight_demographic_similarity,diameter_lcc,1,1,1,5.0,5.0,0.0,,,descriptive_reference_not_treatment_CI
revision896_f2c6b9696988_sequential_gpt-6-luna_us_english_s0,equal_weight_demographic_similarity,avg_shortest_path_lcc,1,1,1,2.280816326530612,2.5844897959183672,-0.3036734693877552,,,descriptive_reference_not_treatment_CI
revision896_f2c6b9696988_sequential_gpt-6-luna_us_english_s0,equal_weight_demographic_similarity,degree_one_share,1,1,1,0.04,0.0,0.04,,,descriptive_reference_not_treatment_CI
revision896_f2c6b9696988_sequential_gpt-6-luna_us_english_s0,equal_weight_demographic_similarity,isolate_share,1,1,1,0.0,0.0,0.0,,,descriptive_reference_not_treatment_CI
revision896_f2c6b9696988_sequential_gpt-6-luna_us_english_s0,equal_weight_demographic_similarity,degree_gini,1,1,1,0.2761320754716981,0.18924528301886792,0.08688679245283018,,,descriptive_reference_not_treatment_CI
revision896_f2c6b9696988_sequential_gpt-6-luna_us_english_s0,equal_weight_demographic_similarity,coleman_gender,1,1,1,0.23293443922718887,0.7324854252827745,-0.4995509860555856,,,descriptive_reference_not_treatment_CI
revision896_f2c6b9696988_sequential_gpt-6-luna_us_english_s0,equal_weight_demographic_similarity,coleman_religion,1,1,1,0.2944965273685782,0.33932676518883415,-0.04483023782025597,,,descriptive_reference_not_treatment_CI
revision896_f2c6b9696988_sequential_gpt-6-luna_us_english_s0,equal_weight_demographic_similarity,coleman_political orientation,1,1,1,0.554936405634312,0.7716069487758987,-0.21667054314158674,,,descriptive_reference_not_treatment_CI
revision896_f2c6b9696988_sequential_gpt-6-luna_us_english_s0,equal_weight_demographic_similarity,age_assortativity,1,1,1,0.44634222364140447,0.19494475896864683,0.25139746467275764,,,descriptive_reference_not_treatment_CI
revision896_f2c6b9696988_sequential_gpt-6-luna_us_english_s0,uniform_edge_count,density,20,20,20,0.1730612244897959,0.17306122448979588,2.7755575615628914e-17,0.1730612244897959,0.1730612244897959,descriptive_reference_not_treatment_CI
revision896_f2c6b9696988_sequential_gpt-6-luna_us_english_s0,uniform_edge_count,avg_clustering_coef,20,20,20,0.4735985680985682,0.1814296968511365,0.29216887124743174,0.1571649433899434,0.19729858736035197,descriptive_reference_not_treatment_CI
revision896_f2c6b9696988_sequential_gpt-6-luna_us_english_s0,uniform_edge_count,prop_nodes_lcc,20,20,20,1.0,1.0,0.0,1.0,1.0,descriptive_reference_not_treatment_CI
revision896_f2c6b9696988_sequential_gpt-6-luna_us_english_s0,uniform_edge_count,global_efficiency,20,20,20,0.5171700680272092,0.5545306122448966,-0.03736054421768742,0.5519948979591817,0.5573061224489785,descriptive_reference_not_treatment_CI
revision896_f2c6b9696988_sequential_gpt-6-luna_us_english_s0,uniform_edge_count,num_components,20,20,20,1.0,1.0,0.0,1.0,1.0,descriptive_reference_not_treatment_CI
revision896_f2c6b9696988_sequential_gpt-6-luna_us_english_s0,uniform_edge_count,modularity,20,20,20,0.41303622285510855,0.2512571199715201,0.16177910288358843,0.2314886302954788,0.2670150631897472,descriptive_reference_not_treatment_CI
revision896_f2c6b9696988_sequential_gpt-6-luna_us_english_s0,uniform_edge_count,radius_lcc,20,20,20,3.0,2.8,0.20000000000000018,2.0,3.0,descriptive_reference_not_treatment_CI
revision896_f2c6b9696988_sequential_gpt-6-luna_us_english_s0,uniform_edge_count,diameter_lcc,20,20,20,5.0,3.6,1.4,3.0,4.0,descriptive_reference_not_treatment_CI
revision896_f2c6b9696988_sequential_gpt-6-luna_us_english_s0,uniform_edge_count,avg_shortest_path_lcc,20,20,20,2.280816326530612,2.0198367346938775,0.2609795918367346,2.0022857142857142,2.036734693877551,descriptive_reference_not_treatment_CI
revision896_f2c6b9696988_sequential_gpt-6-luna_us_english_s0,uniform_edge_count,degree_one_share,20,20,20,0.04,0.001,0.039,0.0,0.010499999999999971,descriptive_reference_not_treatment_CI
revision896_f2c6b9696988_sequential_gpt-6-luna_us_english_s0,uniform_edge_count,isolate_share,20,20,20,0.0,0.0,0.0,0.0,0.0,descriptive_reference_not_treatment_CI
revision896_f2c6b9696988_sequential_gpt-6-luna_us_english_s0,uniform_edge_count,degree_gini,20,20,20,0.2761320754716981,0.1751745283018868,0.10095754716981131,0.13565330188679245,0.20311556603773584,descriptive_reference_not_treatment_CI
revision896_f2c6b9696988_sequential_gpt-6-luna_us_english_s0,uniform_edge_count,coleman_gender,20,20,20,0.23293443922718887,-0.03557714971168787,0.2685115889388767,-0.09640425221674888,0.04671299214116103,descriptive_reference_not_treatment_CI
revision896_f2c6b9696988_sequential_gpt-6-luna_us_english_s0,uniform_edge_count,coleman_religion,20,20,20,0.2944965273685782,-0.031431230021111214,0.3259277573896894,-0.09296193090743234,0.02341866829750984,descriptive_reference_not_treatment_CI
revision896_f2c6b9696988_sequential_gpt-6-luna_us_english_s0,uniform_edge_count,coleman_political orientation,20,20,20,0.554936405634312,-0.03165122079396016,0.5865876264282722,-0.08664749528596088,0.03689445596353455,descriptive_reference_not_treatment_CI
revision896_f2c6b9696988_sequential_gpt-6-luna_us_english_s0,uniform_edge_count,age_assortativity,20,20,20,0.44634222364140447,-0.013269945066194106,0.4596121687075986,-0.1267765743722157,0.10230289394819941,descriptive_reference_not_treatment_CI
revision896_f2c6b9696988_sequential_gpt-6-luna_us_english_s1,degree_preserving_rewire,density,20,20,20,0.16081632653061226,0.16081632653061229,-2.7755575615628914e-17,0.16081632653061226,0.16081632653061226,descriptive_reference_not_treatment_CI
revision896_f2c6b9696988_sequential_gpt-6-luna_us_english_s1,degree_preserving_rewire,avg_clustering_coef,20,20,20,0.49591291164975354,0.23733956102377154,0.25857335062598197,0.19826413294308032,0.2880321557097873,descriptive_reference_not_treatment_CI
revision896_f2c6b9696988_sequential_gpt-6-luna_us_english_s1,degree_preserving_rewire,prop_nodes_lcc,20,20,20,1.0,1.0,0.0,1.0,1.0,descriptive_reference_not_treatment_CI
revision896_f2c6b9696988_sequential_gpt-6-luna_us_english_s1,degree_preserving_rewire,global_efficiency,20,20,20,0.5132244897959172,0.5423231292517,-0.029098639455782838,0.5399897959183665,0.5462857142857134,descriptive_reference_not_treatment_CI
revision896_f2c6b9696988_sequential_gpt-6-luna_us_english_s1,degree_preserving_rewire,num_components,20,20,20,1.0,1.0,0.0,1.0,1.0,descriptive_reference_not_treatment_CI
revision896_f2c6b9696988_sequential_gpt-6-luna_us_english_s1,degree_preserving_rewire,modularity,20,20,20,0.37106083640392695,0.24174353886984976,0.1293172975340772,0.2256071400963694,0.25752789301450696,descriptive_reference_not_treatment_CI
revision896_f2c6b9696988_sequential_gpt-6-luna_us_english_s1,degree_preserving_rewire,radius_lcc,20,20,20,3.0,2.3,0.7000000000000002,2.0,3.0,descriptive_reference_not_treatment_CI
revision896_f2c6b9696988_sequential_gpt-6-luna_us_english_s1,degree_preserving_rewire,diameter_lcc,20,20,20,5.0,4.0,1.0,4.0,4.0,descriptive_reference_not_treatment_CI
revision896_f2c6b9696988_sequential_gpt-6-luna_us_english_s1,degree_preserving_rewire,avg_shortest_path_lcc,20,20,20,2.270204081632653,2.069632653061224,0.20057142857142907,2.0458979591836735,2.083734693877551,descriptive_reference_not_treatment_CI
revision896_f2c6b9696988_sequential_gpt-6-luna_us_english_s1,degree_preserving_rewire,degree_one_share,20,20,20,0.0,0.0,0.0,0.0,0.0,descriptive_reference_not_treatment_CI
revision896_f2c6b9696988_sequential_gpt-6-luna_us_english_s1,degree_preserving_rewire,isolate_share,20,20,20,0.0,0.0,0.0,0.0,0.0,descriptive_reference_not_treatment_CI
revision896_f2c6b9696988_sequential_gpt-6-luna_us_english_s1,degree_preserving_rewire,degree_gini,20,20,20,0.2820304568527919,0.2820304568527919,0.0,0.2820304568527919,0.2820304568527919,descriptive_reference_not_treatment_CI
revision896_f2c6b9696988_sequential_gpt-6-luna_us_english_s1,degree_preserving_rewire,coleman_gender,20,20,20,0.19861913937058445,-0.007191689349685534,0.20581082872026998,-0.10253891794354228,0.0923014088958212,descriptive_reference_not_treatment_CI
revision896_f2c6b9696988_sequential_gpt-6-luna_us_english_s1,degree_preserving_rewire,coleman_religion,20,20,20,0.37650872042970107,-0.031057400921388055,0.4075661213510891,-0.06491515061796833,0.0035105461974894734,descriptive_reference_not_treatment_CI
revision896_f2c6b9696988_sequential_gpt-6-luna_us_english_s1,degree_preserving_rewire,coleman_political orientation,20,20,20,0.48903794989949567,-0.01801627887131645,0.5070542287708121,-0.09216002436758074,0.053639501554974,descriptive_reference_not_treatment_CI
revision896_f2c6b9696988_sequential_gpt-6-luna_us_english_s1,degree_preserving_rewire,age_assortativity,20,20,20,0.37797935940344757,-0.03226064968218293,0.4102400090856305,-0.14334866210517275,0.06733899237736998,descriptive_reference_not_treatment_CI
revision896_f2c6b9696988_sequential_gpt-6-luna_us_english_s1,equal_weight_demographic_similarity,density,1,1,1,0.16081632653061226,0.16081632653061226,0.0,,,descriptive_reference_not_treatment_CI
revision896_f2c6b9696988_sequential_gpt-6-luna_us_english_s1,equal_weight_demographic_similarity,avg_clustering_coef,1,1,1,0.49591291164975354,0.561958041958042,-0.06604513030828846,,,descriptive_reference_not_treatment_CI
revision896_f2c6b9696988_sequential_gpt-6-luna_us_english_s1,equal_weight_demographic_similarity,prop_nodes_lcc,1,1,1,1.0,1.0,0.0,,,descriptive_reference_not_treatment_CI
revision896_f2c6b9696988_sequential_gpt-6-luna_us_english_s1,equal_weight_demographic_similarity,global_efficiency,1,1,1,0.5132244897959172,0.46853061224489956,0.04469387755101761,,,descriptive_reference_not_treatment_CI
revision896_f2c6b9696988_sequential_gpt-6-luna_us_english_s1,equal_weight_demographic_similarity,num_components,1,1,1,1.0,1.0,0.0,,,descriptive_reference_not_treatment_CI
revision896_f2c6b9696988_sequential_gpt-6-luna_us_english_s1,equal_weight_demographic_similarity,modularity,1,1,1,0.37106083640392695,0.5738230822747301,-0.20276224587080316,,,descriptive_reference_not_treatment_CI
revision896_f2c6b9696988_sequential_gpt-6-luna_us_english_s1,equal_weight_demographic_similarity,radius_lcc,1,1,1,3.0,4.0,-1.0,,,descriptive_reference_not_treatment_CI
revision896_f2c6b9696988_sequential_gpt-6-luna_us_english_s1,equal_weight_demographic_similarity,diameter_lcc,1,1,1,5.0,5.0,0.0,,,descriptive_reference_not_treatment_CI
revision896_f2c6b9696988_sequential_gpt-6-luna_us_english_s1,equal_weight_demographic_similarity,avg_shortest_path_lcc,1,1,1,2.270204081632653,2.6383673469387756,-0.3681632653061224,,,descriptive_reference_not_treatment_CI
revision896_f2c6b9696988_sequential_gpt-6-luna_us_english_s1,equal_weight_demographic_similarity,degree_one_share,1,1,1,0.0,0.0,0.0,,,descriptive_reference_not_treatment_CI
revision896_f2c6b9696988_sequential_gpt-6-luna_us_english_s1,equal_weight_demographic_similarity,isolate_share,1,1,1,0.0,0.0,0.0,,,descriptive_reference_not_treatment_CI
revision896_f2c6b9696988_sequential_gpt-6-luna_us_english_s1,equal_weight_demographic_similarity,degree_gini,1,1,1,0.2820304568527919,0.19065989847715736,0.09137055837563451,,,descriptive_reference_not_treatment_CI
revision896_f2c6b9696988_sequential_gpt-6-luna_us_english_s1,equal_weight_demographic_similarity,coleman_gender,1,1,1,0.19861913937058445,0.7224840948525159,-0.5238649554819315,,,descriptive_reference_not_treatment_CI
revision896_f2c6b9696988_sequential_gpt-6-luna_us_english_s1,equal_weight_demographic_similarity,coleman_religion,1,1,1,0.37650872042970107,0.37233392566512763,0.004174794764573442,,,descriptive_reference_not_treatment_CI
revision896_f2c6b9696988_sequential_gpt-6-luna_us_english_s1,equal_weight_demographic_similarity,coleman_political orientation,1,1,1,0.48903794989949567,0.7617125338055573,-0.2726745839060616,,,descriptive_reference_not_treatment_CI
revision896_f2c6b9696988_sequential_gpt-6-luna_us_english_s1,equal_weight_demographic_similarity,age_assortativity,1,1,1,0.37797935940344757,0.3148237351318567,0.06315562427159088,,,descriptive_reference_not_treatment_CI
revision896_f2c6b9696988_sequential_gpt-6-luna_us_english_s1,uniform_edge_count,density,20,20,20,0.16081632653061226,0.16081632653061229,-2.7755575615628914e-17,0.16081632653061226,0.16081632653061226,descriptive_reference_not_treatment_CI
revision896_f2c6b9696988_sequential_gpt-6-luna_us_english_s1,uniform_edge_count,avg_clustering_coef,20,20,20,0.49591291164975354,0.1687772699522699,0.32713564169748366,0.14191947496947496,0.20171743256743258,descriptive_reference_not_treatment_CI
revision896_f2c6b9696988_sequential_gpt-6-luna_us_english_s1,uniform_edge_count,prop_nodes_lcc,20,20,20,1.0,1.0,0.0,1.0,1.0,descriptive_reference_not_treatment_CI
revision896_f2c6b9696988_sequential_gpt-6-luna_us_english_s1,uniform_edge_count,global_efficiency,20,20,20,0.5132244897959172,0.5400408163265294,-0.026816326530612278,0.535819727891155,0.5442772108843528,descriptive_reference_not_treatment_CI
revision896_f2c6b9696988_sequential_gpt-6-luna_us_english_s1,uniform_edge_count,num_components,20,20,20,1.0,1.0,0.0,1.0,1.0,descriptive_reference_not_treatment_CI
revision896_f2c6b9696988_sequential_gpt-6-luna_us_english_s1,uniform_edge_count,modularity,20,20,20,0.37106083640392695,0.268299878894071,0.10276095750985598,0.24610882784921026,0.29125750470251743,descriptive_reference_not_treatment_CI
revision896_f2c6b9696988_sequential_gpt-6-luna_us_english_s1,uniform_edge_count,radius_lcc,20,20,20,3.0,2.9,0.10000000000000009,2.0,3.0,descriptive_reference_not_treatment_CI
revision896_f2c6b9696988_sequential_gpt-6-luna_us_english_s1,uniform_edge_count,diameter_lcc,20,20,20,5.0,4.0,1.0,4.0,4.0,descriptive_reference_not_treatment_CI
revision896_f2c6b9696988_sequential_gpt-6-luna_us_english_s1,uniform_edge_count,avg_shortest_path_lcc,20,20,20,2.270204081632653,2.0834693877551023,0.18673469387755093,2.0565714285714285,2.109204081632653,descriptive_reference_not_treatment_CI
revision896_f2c6b9696988_sequential_gpt-6-luna_us_english_s1,uniform_edge_count,degree_one_share,20,20,20,0.0,0.002,-0.002,0.0,0.02,descriptive_reference_not_treatment_CI
revision896_f2c6b9696988_sequential_gpt-6-luna_us_english_s1,uniform_edge_count,isolate_share,20,20,20,0.0,0.0,0.0,0.0,0.0,descriptive_reference_not_treatment_CI
revision896_f2c6b9696988_sequential_gpt-6-luna_us_english_s1,uniform_edge_count,degree_gini,20,20,20,0.2820304568527919,0.18217258883248727,0.09985786802030461,0.15363451776649747,0.20519796954314717,descriptive_reference_not_treatment_CI
revision896_f2c6b9696988_sequential_gpt-6-luna_us_english_s1,uniform_edge_count,coleman_gender,20,20,20,0.19861913937058445,-0.03795453051063894,0.2365736698812234,-0.10987744191605084,0.041056504394243076,descriptive_reference_not_treatment_CI
revision896_f2c6b9696988_sequential_gpt-6-luna_us_english_s1,uniform_edge_count,coleman_religion,20,20,20,0.37650872042970107,-0.007154121832536042,0.3836628422622371,-0.06734954033026465,0.0601602737388882,descriptive_reference_not_treatment_CI
revision896_f2c6b9696988_sequential_gpt-6-luna_us_english_s1,uniform_edge_count,coleman_political orientation,20,20,20,0.48903794989949567,-0.013347131457647526,0.5023850813571432,-0.08970928680074403,0.061903430742409594,descriptive_reference_not_treatment_CI
revision896_f2c6b9696988_sequential_gpt-6-luna_us_english_s1,uniform_edge_count,age_assortativity,20,20,20,0.37797935940344757,-0.00603939159626124,0.38401875099970884,-0.11518744929874329,0.09656249095955449,descriptive_reference_not_treatment_CI
revision896_f2c6b9696988_sequential_gpt-6-luna_us_hindi_s0,degree_preserving_rewire,density,20,20,20,0.17877551020408164,0.1787755102040816,2.7755575615628914e-17,0.17877551020408164,0.17877551020408164,descriptive_reference_not_treatment_CI
revision896_f2c6b9696988_sequential_gpt-6-luna_us_hindi_s0,degree_preserving_rewire,avg_clustering_coef,20,20,20,0.4963226675285497,0.2593942482354247,0.23692841929312503,0.2182824910383734,0.31449396053293116,descriptive_reference_not_treatment_CI
revision896_f2c6b9696988_sequential_gpt-6-luna_us_hindi_s0,degree_preserving_rewire,prop_nodes_lcc,20,20,20,1.0,1.0,0.0,1.0,1.0,descriptive_reference_not_treatment_CI
revision896_f2c6b9696988_sequential_gpt-6-luna_us_hindi_s0,degree_preserving_rewire,global_efficiency,20,20,20,0.5308163265306117,0.5518469387755085,-0.021030612244896774,0.547773809523808,0.5565935374149639,descriptive_reference_not_treatment_CI
revision896_f2c6b9696988_sequential_gpt-6-luna_us_hindi_s0,degree_preserving_rewire,num_components,20,20,20,1.0,1.0,0.0,1.0,1.0,descriptive_reference_not_treatment_CI
revision896_f2c6b9696988_sequential_gpt-6-luna_us_hindi_s0,degree_preserving_rewire,modularity,20,20,20,0.3795896666041158,0.22523925689622812,0.1543504097078877,0.2064857384124601,0.24922150288776299,descriptive_reference_not_treatment_CI
revision896_f2c6b9696988_sequential_gpt-6-luna_us_hindi_s0,degree_preserving_rewire,radius_lcc,20,20,20,3.0,2.8,0.20000000000000018,2.0,3.0,descriptive_reference_not_treatment_CI
revision896_f2c6b9696988_sequential_gpt-6-luna_us_hindi_s0,degree_preserving_rewire,diameter_lcc,20,20,20,4.0,4.0,0.0,4.0,4.0,descriptive_reference_not_treatment_CI
revision896_f2c6b9696988_sequential_gpt-6-luna_us_hindi_s0,degree_preserving_rewire,avg_shortest_path_lcc,20,20,20,2.190204081632653,2.0493061224489795,0.14089795918367365,2.0194285714285716,2.0772857142857144,descriptive_reference_not_treatment_CI
revision896_f2c6b9696988_sequential_gpt-6-luna_us_hindi_s0,degree_preserving_rewire,degree_one_share,20,20,20,0.0,0.0,0.0,0.0,0.0,descriptive_reference_not_treatment_CI
revision896_f2c6b9696988_sequential_gpt-6-luna_us_hindi_s0,degree_preserving_rewire,isolate_share,20,20,20,0.0,0.0,0.0,0.0,0.0,descriptive_reference_not_treatment_CI
revision896_f2c6b9696988_sequential_gpt-6-luna_us_hindi_s0,degree_preserving_rewire,degree_gini,20,20,20,0.28940639269406393,0.2894063926940639,5.551115123125783e-17,0.28940639269406393,0.28940639269406393,descriptive_reference_not_treatment_CI
revision896_f2c6b9696988_sequential_gpt-6-luna_us_hindi_s0,degree_preserving_rewire,coleman_gender,20,20,20,0.21146229192313865,-0.01902572262257542,0.23048801454571408,-0.08588997749263771,0.06467260519339943,descriptive_reference_not_treatment_CI
revision896_f2c6b9696988_sequential_gpt-6-luna_us_hindi_s0,degree_preserving_rewire,coleman_religion,20,20,20,0.31746341051283555,-0.025490809856100683,0.34295422036893625,-0.0753869398405526,0.023498495178017956,descriptive_reference_not_treatment_CI
revision896_f2c6b9696988_sequential_gpt-6-luna_us_hindi_s0,degree_preserving_rewire,coleman_political orientation,20,20,20,0.5331246754506049,-0.023705252795701022,0.556829928246306,-0.07660397197638254,0.025114398708971343,descriptive_reference_not_treatment_CI
revision896_f2c6b9696988_sequential_gpt-6-luna_us_hindi_s0,degree_preserving_rewire,age_assortativity,20,20,20,0.4418148588657252,-0.0392964490709424,0.48111130793666756,-0.13179317734439336,0.07347639265786042,descriptive_reference_not_treatment_CI
revision896_f2c6b9696988_sequential_gpt-6-luna_us_hindi_s0,equal_weight_demographic_similarity,density,1,1,1,0.17877551020408164,0.17877551020408164,0.0,,,descriptive_reference_not_treatment_CI
revision896_f2c6b9696988_sequential_gpt-6-luna_us_hindi_s0,equal_weight_demographic_similarity,avg_clustering_coef,1,1,1,0.4963226675285497,0.5933870573870575,-0.09706438985850785,,,descriptive_reference_not_treatment_CI
revision896_f2c6b9696988_sequential_gpt-6-luna_us_hindi_s0,equal_weight_demographic_similarity,prop_nodes_lcc,1,1,1,1.0,1.0,0.0,,,descriptive_reference_not_treatment_CI
revision896_f2c6b9696988_sequential_gpt-6-luna_us_hindi_s0,equal_weight_demographic_similarity,global_efficiency,1,1,1,0.5308163265306117,0.48515646258503553,0.045659863945576196,,,descriptive_reference_not_treatment_CI
revision896_f2c6b9696988_sequential_gpt-6-luna_us_hindi_s0,equal_weight_demographic_similarity,num_components,1,1,1,1.0,1.0,0.0,,,descriptive_reference_not_treatment_CI
revision896_f2c6b9696988_sequential_gpt-6-luna_us_hindi_s0,equal_weight_demographic_similarity,modularity,1,1,1,0.3795896666041158,0.5648026521548758,-0.18521298555076,,,descriptive_reference_not_treatment_CI
revision896_f2c6b9696988_sequential_gpt-6-luna_us_hindi_s0,equal_weight_demographic_similarity,radius_lcc,1,1,1,3.0,4.0,-1.0,,,descriptive_reference_not_treatment_CI
revision896_f2c6b9696988_sequential_gpt-6-luna_us_hindi_s0,equal_weight_demographic_similarity,diameter_lcc,1,1,1,4.0,5.0,-1.0,,,descriptive_reference_not_treatment_CI
revision896_f2c6b9696988_sequential_gpt-6-luna_us_hindi_s0,equal_weight_demographic_similarity,avg_shortest_path_lcc,1,1,1,2.190204081632653,2.555918367346939,-0.36571428571428566,,,descriptive_reference_not_treatment_CI
revision896_f2c6b9696988_sequential_gpt-6-luna_us_hindi_s0,equal_weight_demographic_similarity,degree_one_share,1,1,1,0.0,0.0,0.0,,,descriptive_reference_not_treatment_CI
revision896_f2c6b9696988_sequential_gpt-6-luna_us_hindi_s0,equal_weight_demographic_similarity,isolate_share,1,1,1,0.0,0.0,0.0,,,descriptive_reference_not_treatment_CI
revision896_f2c6b9696988_sequential_gpt-6-luna_us_hindi_s0,equal_weight_demographic_similarity,degree_gini,1,1,1,0.28940639269406393,0.18429223744292236,0.10511415525114157,,,descriptive_reference_not_treatment_CI
revision896_f2c6b9696988_sequential_gpt-6-luna_us_hindi_s0,equal_weight_demographic_similarity,coleman_gender,1,1,1,0.21146229192313865,0.7251070742874022,-0.5136447823642636,,,descriptive_reference_not_treatment_CI
revision896_f2c6b9696988_sequential_gpt-6-luna_us_hindi_s0,equal_weight_demographic_similarity,coleman_religion,1,1,1,0.31746341051283555,0.34312933552391384,-0.025665925011078283,,,descriptive_reference_not_treatment_CI
revision896_f2c6b9696988_sequential_gpt-6-luna_us_hindi_s0,equal_weight_demographic_similarity,coleman_political orientation,1,1,1,0.5331246754506049,0.7652008035716117,-0.23207612812100675,,,descriptive_reference_not_treatment_CI
revision896_f2c6b9696988_sequential_gpt-6-luna_us_hindi_s0,equal_weight_demographic_similarity,age_assortativity,1,1,1,0.4418148588657252,0.13490026831685661,0.3069145905488686,,,descriptive_reference_not_treatment_CI
revision896_f2c6b9696988_sequential_gpt-6-luna_us_hindi_s0,uniform_edge_count,density,20,20,20,0.17877551020408164,0.1787755102040816,2.7755575615628914e-17,0.17877551020408164,0.17877551020408164,descriptive_reference_not_treatment_CI
revision896_f2c6b9696988_sequential_gpt-6-luna_us_hindi_s0,uniform_edge_count,avg_clustering_coef,20,20,20,0.4963226675285497,0.17372735272123815,0.3225953148073115,0.14887707153957153,0.20512162020985544,descriptive_reference_not_treatment_CI
revision896_f2c6b9696988_sequential_gpt-6-luna_us_hindi_s0,uniform_edge_count,prop_nodes_lcc,20,20,20,1.0,1.0,0.0,1.0,1.0,descriptive_reference_not_treatment_CI
revision896_f2c6b9696988_sequential_gpt-6-luna_us_hindi_s0,uniform_edge_count,global_efficiency,20,20,20,0.5308163265306117,0.5623197278911551,-0.031503401360543415,0.5596921768707475,0.5647687074829928,descriptive_reference_not_treatment_CI
revision896_f2c6b9696988_sequential_gpt-6-luna_us_hindi_s0,uniform_edge_count,num_components,20,20,20,1.0,1.0,0.0,1.0,1.0,descriptive_reference_not_treatment_CI
revision896_f2c6b9696988_sequential_gpt-6-luna_us_hindi_s0,uniform_edge_count,modularity,20,20,20,0.3795896666041158,0.2460999562144242,0.1334897103896916,0.2275896040532933,0.26505937115573064,descriptive_reference_not_treatment_CI
revision896_f2c6b9696988_sequential_gpt-6-luna_us_hindi_s0,uniform_edge_count,radius_lcc,20,20,20,3.0,2.5,0.5,2.0,3.0,descriptive_reference_not_treatment_CI
revision896_f2c6b9696988_sequential_gpt-6-luna_us_hindi_s0,uniform_edge_count,diameter_lcc,20,20,20,4.0,3.1,0.8999999999999999,3.0,4.0,descriptive_reference_not_treatment_CI
revision896_f2c6b9696988_sequential_gpt-6-luna_us_hindi_s0,uniform_edge_count,avg_shortest_path_lcc,20,20,20,2.190204081632653,1.9836734693877554,0.20653061224489777,1.9689387755102041,1.9996122448979592,descriptive_reference_not_treatment_CI
revision896_f2c6b9696988_sequential_gpt-6-luna_us_hindi_s0,uniform_edge_count,degree_one_share,20,20,20,0.0,0.0,0.0,0.0,0.0,descriptive_reference_not_treatment_CI
revision896_f2c6b9696988_sequential_gpt-6-luna_us_hindi_s0,uniform_edge_count,isolate_share,20,20,20,0.0,0.0,0.0,0.0,0.0,descriptive_reference_not_treatment_CI
revision896_f2c6b9696988_sequential_gpt-6-luna_us_hindi_s0,uniform_edge_count,degree_gini,20,20,20,0.28940639269406393,0.16610502283105025,0.12330136986301368,0.1476826484018265,0.19409817351598174,descriptive_reference_not_treatment_CI
revision896_f2c6b9696988_sequential_gpt-6-luna_us_hindi_s0,uniform_edge_count,coleman_gender,20,20,20,0.21146229192313865,-0.025709467132587583,0.23717175905572624,-0.11282229996832162,0.05173826046467906,descriptive_reference_not_treatment_CI
revision896_f2c6b9696988_sequential_gpt-6-luna_us_hindi_s0,uniform_edge_count,coleman_religion,20,20,20,0.31746341051283555,-0.015382268414990463,0.332845678927826,-0.05419512924686506,0.03379316883250928,descriptive_reference_not_treatment_CI
revision896_f2c6b9696988_sequential_gpt-6-luna_us_hindi_s0,uniform_edge_count,coleman_political orientation,20,20,20,0.5331246754506049,-0.01120264856675635,0.5443273240173613,-0.09226712461211846,0.05554720592188195,descriptive_reference_not_treatment_CI
revision896_f2c6b9696988_sequential_gpt-6-luna_us_hindi_s0,uniform_edge_count,age_assortativity,20,20,20,0.4418148588657252,-0.020961197073896494,0.4627760559396217,-0.13166124529332723,0.08864564855179057,descriptive_reference_not_treatment_CI
revision896_f2c6b9696988_sequential_gpt-6-luna_us_hindi_s1,degree_preserving_rewire,density,20,20,20,0.16081632653061226,0.16081632653061229,-2.7755575615628914e-17,0.16081632653061226,0.16081632653061226,descriptive_reference_not_treatment_CI
revision896_f2c6b9696988_sequential_gpt-6-luna_us_hindi_s1,degree_preserving_rewire,avg_clustering_coef,20,20,20,0.43493577411655215,0.2553253303396324,0.17961044377691976,0.2170351040645091,0.3056692684127467,descriptive_reference_not_treatment_CI
revision896_f2c6b9696988_sequential_gpt-6-luna_us_hindi_s1,degree_preserving_rewire,prop_nodes_lcc,20,20,20,1.0,1.0,0.0,1.0,1.0,descriptive_reference_not_treatment_CI
revision896_f2c6b9696988_sequential_gpt-6-luna_us_hindi_s1,degree_preserving_rewire,global_efficiency,20,20,20,0.5099183673469393,0.5368789115646253,-0.02696054421768601,0.5321224489795917,0.5408503401360539,descriptive_reference_not_treatment_CI
revision896_f2c6b9696988_sequential_gpt-6-luna_us_hindi_s1,degree_preserving_rewire,num_components,20,20,20,1.0,1.0,0.0,1.0,1.0,descriptive_reference_not_treatment_CI
revision896_f2c6b9696988_sequential_gpt-6-luna_us_hindi_s1,degree_preserving_rewire,modularity,20,20,20,0.3374732665103456,0.23621002860161303,0.10126323790873257,0.2158877451106702,0.2659702002112912,descriptive_reference_not_treatment_CI
revision896_f2c6b9696988_sequential_gpt-6-luna_us_hindi_s1,degree_preserving_rewire,radius_lcc,20,20,20,3.0,2.75,0.25,2.0,3.0,descriptive_reference_not_treatment_CI
revision896_f2c6b9696988_sequential_gpt-6-luna_us_hindi_s1,degree_preserving_rewire,diameter_lcc,20,20,20,6.0,4.25,1.75,4.0,5.0,descriptive_reference_not_treatment_CI
revision896_f2c6b9696988_sequential_gpt-6-luna_us_hindi_s1,degree_preserving_rewire,avg_shortest_path_lcc,20,20,20,2.3159183673469386,2.10934693877551,0.2065714285714284,2.079877551020408,2.147183673469388,descriptive_reference_not_treatment_CI
revision896_f2c6b9696988_sequential_gpt-6-luna_us_hindi_s1,degree_preserving_rewire,degree_one_share,20,20,20,0.06,0.06000000000000001,-1.3877787807814457e-17,0.06,0.06,descriptive_reference_not_treatment_CI
revision896_f2c6b9696988_sequential_gpt-6-luna_us_hindi_s1,degree_preserving_rewire,isolate_share,20,20,20,0.0,0.0,0.0,0.0,0.0,descriptive_reference_not_treatment_CI
revision896_f2c6b9696988_sequential_gpt-6-luna_us_hindi_s1,degree_preserving_rewire,degree_gini,20,20,20,0.32121827411167514,0.32121827411167525,-1.1102230246251565e-16,0.32121827411167514,0.32121827411167514,descriptive_reference_not_treatment_CI
revision896_f2c6b9696988_sequential_gpt-6-luna_us_hindi_s1,degree_preserving_rewire,coleman_gender,20,20,20,0.21882580657116296,-0.027610471816955452,0.2464362783881184,-0.08489232840395192,0.06850749342423747,descriptive_reference_not_treatment_CI
revision896_f2c6b9696988_sequential_gpt-6-luna_us_hindi_s1,degree_preserving_rewire,coleman_religion,20,20,20,0.31636884570653223,-0.02305892412935325,0.33942776983588546,-0.06884614064418171,0.006213373069716337,descriptive_reference_not_treatment_CI
revision896_f2c6b9696988_sequential_gpt-6-luna_us_hindi_s1,degree_preserving_rewire,coleman_political orientation,20,20,20,0.3901422396476388,-0.04283090448611861,0.43297314413375737,-0.09212374878764674,0.008971910232953772,descriptive_reference_not_treatment_CI
revision896_f2c6b9696988_sequential_gpt-6-luna_us_hindi_s1,degree_preserving_rewire,age_assortativity,20,20,20,0.4889040744737556,-0.037416353139610725,0.5263204276133664,-0.12695055042777117,0.05504272911920868,descriptive_reference_not_treatment_CI
revision896_f2c6b9696988_sequential_gpt-6-luna_us_hindi_s1,equal_weight_demographic_similarity,density,1,1,1,0.16081632653061226,0.16081632653061226,0.0,,,descriptive_reference_not_treatment_CI
revision896_f2c6b9696988_sequential_gpt-6-luna_us_hindi_s1,equal_weight_demographic_similarity,avg_clustering_coef,1,1,1,0.43493577411655215,0.561958041958042,-0.12702226784148984,,,descriptive_reference_not_treatment_CI
revision896_f2c6b9696988_sequential_gpt-6-luna_us_hindi_s1,equal_weight_demographic_similarity,prop_nodes_lcc,1,1,1,1.0,1.0,0.0,,,descriptive_reference_not_treatment_CI
revision896_f2c6b9696988_sequential_gpt-6-luna_us_hindi_s1,equal_weight_demographic_similarity,global_efficiency,1,1,1,0.5099183673469393,0.46853061224489956,0.041387755102039736,,,descriptive_reference_not_treatment_CI
revision896_f2c6b9696988_sequential_gpt-6-luna_us_hindi_s1,equal_weight_demographic_similarity,num_components,1,1,1,1.0,1.0,0.0,,,descriptive_reference_not_treatment_CI
revision896_f2c6b9696988_sequential_gpt-6-luna_us_hindi_s1,equal_weight_demographic_similarity,modularity,1,1,1,0.3374732665103456,0.5738230822747301,-0.23634981576438452,,,descriptive_reference_not_treatment_CI
revision896_f2c6b9696988_sequential_gpt-6-luna_us_hindi_s1,equal_weight_demographic_similarity,radius_lcc,1,1,1,3.0,4.0,-1.0,,,descriptive_reference_not_treatment_CI
revision896_f2c6b9696988_sequential_gpt-6-luna_us_hindi_s1,equal_weight_demographic_similarity,diameter_lcc,1,1,1,6.0,5.0,1.0,,,descriptive_reference_not_treatment_CI
revision896_f2c6b9696988_sequential_gpt-6-luna_us_hindi_s1,equal_weight_demographic_similarity,avg_shortest_path_lcc,1,1,1,2.3159183673469386,2.6383673469387756,-0.32244897959183705,,,descriptive_reference_not_treatment_CI
revision896_f2c6b9696988_sequential_gpt-6-luna_us_hindi_s1,equal_weight_demographic_similarity,degree_one_share,1,1,1,0.06,0.0,0.06,,,descriptive_reference_not_treatment_CI
revision896_f2c6b9696988_sequential_gpt-6-luna_us_hindi_s1,equal_weight_demographic_similarity,isolate_share,1,1,1,0.0,0.0,0.0,,,descriptive_reference_not_treatment_CI
revision896_f2c6b9696988_sequential_gpt-6-luna_us_hindi_s1,equal_weight_demographic_similarity,degree_gini,1,1,1,0.32121827411167514,0.19065989847715736,0.13055837563451778,,,descriptive_reference_not_treatment_CI
revision896_f2c6b9696988_sequential_gpt-6-luna_us_hindi_s1,equal_weight_demographic_similarity,coleman_gender,1,1,1,0.21882580657116296,0.7224840948525159,-0.503658288281353,,,descriptive_reference_not_treatment_CI
revision896_f2c6b9696988_sequential_gpt-6-luna_us_hindi_s1,equal_weight_demographic_similarity,coleman_religion,1,1,1,0.31636884570653223,0.37233392566512763,-0.0559650799585954,,,descriptive_reference_not_treatment_CI
revision896_f2c6b9696988_sequential_gpt-6-luna_us_hindi_s1,equal_weight_demographic_similarity,coleman_political orientation,1,1,1,0.3901422396476388,0.7617125338055573,-0.3715702941579185,,,descriptive_reference_not_treatment_CI
revision896_f2c6b9696988_sequential_gpt-6-luna_us_hindi_s1,equal_weight_demographic_similarity,age_assortativity,1,1,1,0.4889040744737556,0.3148237351318567,0.17408033934189893,,,descriptive_reference_not_treatment_CI
revision896_f2c6b9696988_sequential_gpt-6-luna_us_hindi_s1,uniform_edge_count,density,20,20,20,0.16081632653061226,0.16081632653061229,-2.7755575615628914e-17,0.16081632653061226,0.16081632653061226,descriptive_reference_not_treatment_CI
revision896_f2c6b9696988_sequential_gpt-6-luna_us_hindi_s1,uniform_edge_count,avg_clustering_coef,20,20,20,0.43493577411655215,0.16148569208569213,0.27345008203086,0.12533706016206014,0.18290328282828286,descriptive_reference_not_treatment_CI
revision896_f2c6b9696988_sequential_gpt-6-luna_us_hindi_s1,uniform_edge_count,prop_nodes_lcc,20,20,20,1.0,1.0,0.0,1.0,1.0,descriptive_reference_not_treatment_CI
revision896_f2c6b9696988_sequential_gpt-6-luna_us_hindi_s1,uniform_edge_count,global_efficiency,20,20,20,0.5099183673469393,0.5410816326530596,-0.031163265306120347,0.5379540816326515,0.5445170068027197,descriptive_reference_not_treatment_CI
revision896_f2c6b9696988_sequential_gpt-6-luna_us_hindi_s1,uniform_edge_count,num_components,20,20,20,1.0,1.0,0.0,1.0,1.0,descriptive_reference_not_treatment_CI
revision896_f2c6b9696988_sequential_gpt-6-luna_us_hindi_s1,uniform_edge_count,modularity,20,20,20,0.3374732665103456,0.26657798448813425,0.07089528202221135,0.2457410007987838,0.2822586255765416,descriptive_reference_not_treatment_CI
revision896_f2c6b9696988_sequential_gpt-6-luna_us_hindi_s1,uniform_edge_count,radius_lcc,20,20,20,3.0,2.95,0.04999999999999982,2.475,3.0,descriptive_reference_not_treatment_CI
revision896_f2c6b9696988_sequential_gpt-6-luna_us_hindi_s1,uniform_edge_count,diameter_lcc,20,20,20,6.0,3.65,2.35,3.0,4.0,descriptive_reference_not_treatment_CI
revision896_f2c6b9696988_sequential_gpt-6-luna_us_hindi_s1,uniform_edge_count,avg_shortest_path_lcc,20,20,20,2.3159183673469386,2.0761224489795915,0.23979591836734704,2.0549591836734695,2.098673469387755,descriptive_reference_not_treatment_CI
revision896_f2c6b9696988_sequential_gpt-6-luna_us_hindi_s1,uniform_edge_count,degree_one_share,20,20,20,0.06,0.0,0.06,0.0,0.0,descriptive_reference_not_treatment_CI
revision896_f2c6b9696988_sequential_gpt-6-luna_us_hindi_s1,uniform_edge_count,isolate_share,20,20,20,0.0,0.0,0.0,0.0,0.0,descriptive_reference_not_treatment_CI
revision896_f2c6b9696988_sequential_gpt-6-luna_us_hindi_s1,uniform_edge_count,degree_gini,20,20,20,0.32121827411167514,0.17996954314720812,0.14124873096446702,0.1552715736040609,0.20309390862944163,descriptive_reference_not_treatment_CI
revision896_f2c6b9696988_sequential_gpt-6-luna_us_hindi_s1,uniform_edge_count,coleman_gender,20,20,20,0.21882580657116296,-0.01919819892908966,0.23802400550025263,-0.09539389836952049,0.0388450645244185,descriptive_reference_not_treatment_CI
revision896_f2c6b9696988_sequential_gpt-6-luna_us_hindi_s1,uniform_edge_count,coleman_religion,20,20,20,0.31636884570653223,-0.022460725239972962,0.3388295709465052,-0.08130216457841041,0.03189565129591659,descriptive_reference_not_treatment_CI
revision896_f2c6b9696988_sequential_gpt-6-luna_us_hindi_s1,uniform_edge_count,coleman_political orientation,20,20,20,0.3901422396476388,-0.019134716165925998,0.40927695581356477,-0.10729300074505213,0.05813397187660764,descriptive_reference_not_treatment_CI
revision896_f2c6b9696988_sequential_gpt-6-luna_us_hindi_s1,uniform_edge_count,age_assortativity,20,20,20,0.4889040744737556,-0.04662868699688294,0.5355327614706386,-0.14816821723068396,0.07668897409128977,descriptive_reference_not_treatment_CI
revision896_f2c6b9696988_sequential_gpt-6-luna_us_japanese_s0,degree_preserving_rewire,density,20,20,20,0.1836734693877551,0.1836734693877551,0.0,0.1836734693877551,0.1836734693877551,descriptive_reference_not_treatment_CI
revision896_f2c6b9696988_sequential_gpt-6-luna_us_japanese_s0,degree_preserving_rewire,avg_clustering_coef,20,20,20,0.46162024903201365,0.24668345902463554,0.21493679000737811,0.2100325055663291,0.2883590246354952,descriptive_reference_not_treatment_CI
revision896_f2c6b9696988_sequential_gpt-6-luna_us_japanese_s0,degree_preserving_rewire,prop_nodes_lcc,20,20,20,1.0,1.0,0.0,1.0,1.0,descriptive_reference_not_treatment_CI
revision896_f2c6b9696988_sequential_gpt-6-luna_us_japanese_s0,degree_preserving_rewire,global_efficiency,20,20,20,0.538027210884351,0.5557802721088406,-0.017753061224489608,0.5520935374149631,0.5588792517006768,descriptive_reference_not_treatment_CI
revision896_f2c6b9696988_sequential_gpt-6-luna_us_japanese_s0,degree_preserving_rewire,num_components,20,20,20,1.0,1.0,0.0,1.0,1.0,descriptive_reference_not_treatment_CI
revision896_f2c6b9696988_sequential_gpt-6-luna_us_japanese_s0,degree_preserving_rewire,modularity,20,20,20,0.3746074074074074,0.22140641975308642,0.15320098765432097,0.19568962962962963,0.24530345679012344,descriptive_reference_not_treatment_CI
revision896_f2c6b9696988_sequential_gpt-6-luna_us_japanese_s0,degree_preserving_rewire,radius_lcc,20,20,20,3.0,2.65,0.3500000000000001,2.0,3.0,descriptive_reference_not_treatment_CI
revision896_f2c6b9696988_sequential_gpt-6-luna_us_japanese_s0,degree_preserving_rewire,diameter_lcc,20,20,20,4.0,4.05,-0.04999999999999982,4.0,4.524999999999999,descriptive_reference_not_treatment_CI
revision896_f2c6b9696988_sequential_gpt-6-luna_us_japanese_s0,degree_preserving_rewire,avg_shortest_path_lcc,20,20,20,2.1518367346938776,2.0356326530612243,0.11620408163265328,2.015510204081633,2.063285714285714,descriptive_reference_not_treatment_CI
revision896_f2c6b9696988_sequential_gpt-6-luna_us_japanese_s0,degree_preserving_rewire,degree_one_share,20,20,20,0.0,0.0,0.0,0.0,0.0,descriptive_reference_not_treatment_CI
revision896_f2c6b9696988_sequential_gpt-6-luna_us_japanese_s0,degree_preserving_rewire,isolate_share,20,20,20,0.0,0.0,0.0,0.0,0.0,descriptive_reference_not_treatment_CI
revision896_f2c6b9696988_sequential_gpt-6-luna_us_japanese_s0,degree_preserving_rewire,degree_gini,20,20,20,0.2816,0.2816,0.0,0.2816,0.2816,descriptive_reference_not_treatment_CI
revision896_f2c6b9696988_sequential_gpt-6-luna_us_japanese_s0,degree_preserving_rewire,coleman_gender,20,20,20,0.2574302704815992,-0.03096369572449084,0.28839396620609004,-0.10284738297821266,0.047557284861329686,descriptive_reference_not_treatment_CI
revision896_f2c6b9696988_sequential_gpt-6-luna_us_japanese_s0,degree_preserving_rewire,coleman_religion,20,20,20,0.2879358844774089,-0.024416767456369854,0.31235265193377876,-0.07550672916749057,0.022197265129782106,descriptive_reference_not_treatment_CI
revision896_f2c6b9696988_sequential_gpt-6-luna_us_japanese_s0,degree_preserving_rewire,coleman_political orientation,20,20,20,0.43361840138220353,-0.01394345655850516,0.4475618579407087,-0.07668336220531749,0.04417927105657765,descriptive_reference_not_treatment_CI
revision896_f2c6b9696988_sequential_gpt-6-luna_us_japanese_s0,degree_preserving_rewire,age_assortativity,20,20,20,0.31837935276394613,-0.03104183375192377,0.3494211865158699,-0.11917238053735782,0.07258881124094665,descriptive_reference_not_treatment_CI
revision896_f2c6b9696988_sequential_gpt-6-luna_us_japanese_s0,equal_weight_demographic_similarity,density,1,1,1,0.1836734693877551,0.1836734693877551,0.0,,,descriptive_reference_not_treatment_CI
revision896_f2c6b9696988_sequential_gpt-6-luna_us_japanese_s0,equal_weight_demographic_similarity,avg_clustering_coef,1,1,1,0.46162024903201365,0.595995892995893,-0.1343756439638793,,,descriptive_reference_not_treatment_CI
revision896_f2c6b9696988_sequential_gpt-6-luna_us_japanese_s0,equal_weight_demographic_similarity,prop_nodes_lcc,1,1,1,1.0,1.0,0.0,,,descriptive_reference_not_treatment_CI
revision896_f2c6b9696988_sequential_gpt-6-luna_us_japanese_s0,equal_weight_demographic_similarity,global_efficiency,1,1,1,0.538027210884351,0.49149659863945666,0.046530612244894354,,,descriptive_reference_not_treatment_CI
revision896_f2c6b9696988_sequential_gpt-6-luna_us_japanese_s0,equal_weight_demographic_similarity,num_components,1,1,1,1.0,1.0,0.0,,,descriptive_reference_not_treatment_CI
revision896_f2c6b9696988_sequential_gpt-6-luna_us_japanese_s0,equal_weight_demographic_similarity,modularity,1,1,1,0.3746074074074074,0.5553876543209877,-0.1807802469135803,,,descriptive_reference_not_treatment_CI
revision896_f2c6b9696988_sequential_gpt-6-luna_us_japanese_s0,equal_weight_demographic_similarity,radius_lcc,1,1,1,3.0,3.0,0.0,,,descriptive_reference_not_treatment_CI
revision896_f2c6b9696988_sequential_gpt-6-luna_us_japanese_s0,equal_weight_demographic_similarity,diameter_lcc,1,1,1,4.0,5.0,-1.0,,,descriptive_reference_not_treatment_CI
revision896_f2c6b9696988_sequential_gpt-6-luna_us_japanese_s0,equal_weight_demographic_similarity,avg_shortest_path_lcc,1,1,1,2.1518367346938776,2.5159183673469387,-0.36408163265306115,,,descriptive_reference_not_treatment_CI
revision896_f2c6b9696988_sequential_gpt-6-luna_us_japanese_s0,equal_weight_demographic_similarity,degree_one_share,1,1,1,0.0,0.0,0.0,,,descriptive_reference_not_treatment_CI
revision896_f2c6b9696988_sequential_gpt-6-luna_us_japanese_s0,equal_weight_demographic_similarity,isolate_share,1,1,1,0.0,0.0,0.0,,,descriptive_reference_not_treatment_CI
revision896_f2c6b9696988_sequential_gpt-6-luna_us_japanese_s0,equal_weight_demographic_similarity,degree_gini,1,1,1,0.2816,0.17422222222222222,0.1073777777777778,,,descriptive_reference_not_treatment_CI
revision896_f2c6b9696988_sequential_gpt-6-luna_us_japanese_s0,equal_weight_demographic_similarity,coleman_gender,1,1,1,0.2574302704815992,0.7181013431013431,-0.4606710726197439,,,descriptive_reference_not_treatment_CI
revision896_f2c6b9696988_sequential_gpt-6-luna_us_japanese_s0,equal_weight_demographic_similarity,coleman_religion,1,1,1,0.2879358844774089,0.3454790487067953,-0.05754316422938638,,,descriptive_reference_not_treatment_CI
revision896_f2c6b9696988_sequential_gpt-6-luna_us_japanese_s0,equal_weight_demographic_similarity,coleman_political orientation,1,1,1,0.43361840138220353,0.7648628454332245,-0.33124444405102094,,,descriptive_reference_not_treatment_CI
revision896_f2c6b9696988_sequential_gpt-6-luna_us_japanese_s0,equal_weight_demographic_similarity,age_assortativity,1,1,1,0.31837935276394613,0.07761139114612649,0.24076796161781966,,,descriptive_reference_not_treatment_CI
revision896_f2c6b9696988_sequential_gpt-6-luna_us_japanese_s0,uniform_edge_count,density,20,20,20,0.1836734693877551,0.1836734693877551,0.0,0.1836734693877551,0.1836734693877551,descriptive_reference_not_treatment_CI
revision896_f2c6b9696988_sequential_gpt-6-luna_us_japanese_s0,uniform_edge_count,avg_clustering_coef,20,20,20,0.46162024903201365,0.1853861910964852,0.27623405793552847,0.157952972027972,0.2112504731379731,descriptive_reference_not_treatment_CI
revision896_f2c6b9696988_sequential_gpt-6-luna_us_japanese_s0,uniform_edge_count,prop_nodes_lcc,20,20,20,1.0,1.0,0.0,1.0,1.0,descriptive_reference_not_treatment_CI
revision896_f2c6b9696988_sequential_gpt-6-luna_us_japanese_s0,uniform_edge_count,global_efficiency,20,20,20,0.538027210884351,0.5663605442176859,-0.028333333333334876,0.5632193877551012,0.5689574829931963,descriptive_reference_not_treatment_CI
revision896_f2c6b9696988_sequential_gpt-6-luna_us_japanese_s0,uniform_edge_count,num_components,20,20,20,1.0,1.0,0.0,1.0,1.0,descriptive_reference_not_treatment_CI
revision896_f2c6b9696988_sequential_gpt-6-luna_us_japanese_s0,uniform_edge_count,modularity,20,20,20,0.3746074074074074,0.24121432098765436,0.13339308641975303,0.21943753086419754,0.26894172839506175,descriptive_reference_not_treatment_CI
revision896_f2c6b9696988_sequential_gpt-6-luna_us_japanese_s0,uniform_edge_count,radius_lcc,20,20,20,3.0,2.6,0.3999999999999999,2.0,3.0,descriptive_reference_not_treatment_CI
revision896_f2c6b9696988_sequential_gpt-6-luna_us_japanese_s0,uniform_edge_count,diameter_lcc,20,20,20,4.0,3.2,0.7999999999999998,3.0,4.0,descriptive_reference_not_treatment_CI
revision896_f2c6b9696988_sequential_gpt-6-luna_us_japanese_s0,uniform_edge_count,avg_shortest_path_lcc,20,20,20,2.1518367346938776,1.9692653061224494,0.18257142857142816,1.9538163265306123,1.9882244897959185,descriptive_reference_not_treatment_CI
revision896_f2c6b9696988_sequential_gpt-6-luna_us_japanese_s0,uniform_edge_count,degree_one_share,20,20,20,0.0,0.0,0.0,0.0,0.0,descriptive_reference_not_treatment_CI
revision896_f2c6b9696988_sequential_gpt-6-luna_us_japanese_s0,uniform_edge_count,isolate_share,20,20,20,0.0,0.0,0.0,0.0,0.0,descriptive_reference_not_treatment_CI
revision896_f2c6b9696988_sequential_gpt-6-luna_us_japanese_s0,uniform_edge_count,degree_gini,20,20,20,0.2816,0.16563999999999998,0.11596000000000004,0.14601555555555557,0.19095555555555557,descriptive_reference_not_treatment_CI
revision896_f2c6b9696988_sequential_gpt-6-luna_us_japanese_s0,uniform_edge_count,coleman_gender,20,20,20,0.2574302704815992,-0.025019830177699477,0.2824501006592987,-0.10788891140575621,0.05240006962427957,descriptive_reference_not_treatment_CI
revision896_f2c6b9696988_sequential_gpt-6-luna_us_japanese_s0,uniform_edge_count,coleman_religion,20,20,20,0.2879358844774089,-0.020887807030017587,0.3088236915074265,-0.06462502219611672,0.02459729873871523,descriptive_reference_not_treatment_CI
revision896_f2c6b9696988_sequential_gpt-6-luna_us_japanese_s0,uniform_edge_count,coleman_political orientation,20,20,20,0.43361840138220353,-0.027851297441990934,0.4614696988241945,-0.09976136233616636,0.05148065164454983,descriptive_reference_not_treatment_CI
revision896_f2c6b9696988_sequential_gpt-6-luna_us_japanese_s0,uniform_edge_count,age_assortativity,20,20,20,0.31837935276394613,-0.03065710520289828,0.3490364579668444,-0.10670440787065766,0.07740610550847388,descriptive_reference_not_treatment_CI
revision896_f2c6b9696988_sequential_gpt-6-luna_us_japanese_s1,degree_preserving_rewire,density,20,20,20,0.16408163265306122,0.16408163265306125,-2.7755575615628914e-17,0.16408163265306122,0.16408163265306122,descriptive_reference_not_treatment_CI
revision896_f2c6b9696988_sequential_gpt-6-luna_us_japanese_s1,degree_preserving_rewire,avg_clustering_coef,20,20,20,0.4141154605628288,0.2634190541914226,0.1506964063714062,0.23531898072687543,0.30188707995221153,descriptive_reference_not_treatment_CI
revision896_f2c6b9696988_sequential_gpt-6-luna_us_japanese_s1,degree_preserving_rewire,prop_nodes_lcc,20,20,20,0.96,1.0,-0.040000000000000036,1.0,1.0,descriptive_reference_not_treatment_CI
revision896_f2c6b9696988_sequential_gpt-6-luna_us_japanese_s1,degree_preserving_rewire,global_efficiency,20,20,20,0.4872244897959195,0.5343904761904756,-0.04716598639455616,0.5288013605442167,0.5382948979591832,descriptive_reference_not_treatment_CI
revision896_f2c6b9696988_sequential_gpt-6-luna_us_japanese_s1,degree_preserving_rewire,num_components,20,20,20,2.0,1.0,1.0,1.0,1.0,descriptive_reference_not_treatment_CI
revision896_f2c6b9696988_sequential_gpt-6-luna_us_japanese_s1,degree_preserving_rewire,modularity,20,20,20,0.33866735971881884,0.23197755006064208,0.10668980965817676,0.2114826984480582,0.2470322516769387,descriptive_reference_not_treatment_CI
revision896_f2c6b9696988_sequential_gpt-6-luna_us_japanese_s1,degree_preserving_rewire,radius_lcc,20,20,20,3.0,2.95,0.04999999999999982,2.475,3.0,descriptive_reference_not_treatment_CI
revision896_f2c6b9696988_sequential_gpt-6-luna_us_japanese_s1,degree_preserving_rewire,diameter_lcc,20,20,20,5.0,4.5,0.5,4.0,5.0,descriptive_reference_not_treatment_CI
revision896_f2c6b9696988_sequential_gpt-6-luna_us_japanese_s1,degree_preserving_rewire,avg_shortest_path_lcc,20,20,20,2.2136524822695036,2.13534693877551,0.07830554349399366,2.1081020408163265,2.1797142857142857,descriptive_reference_not_treatment_CI
revision896_f2c6b9696988_sequential_gpt-6-luna_us_japanese_s1,degree_preserving_rewire,degree_one_share,20,20,20,0.1,0.10000000000000002,-1.3877787807814457e-17,0.1,0.1,descriptive_reference_not_treatment_CI
revision896_f2c6b9696988_sequential_gpt-6-luna_us_japanese_s1,degree_preserving_rewire,isolate_share,20,20,20,0.0,0.0,0.0,0.0,0.0,descriptive_reference_not_treatment_CI
revision896_f2c6b9696988_sequential_gpt-6-luna_us_japanese_s1,degree_preserving_rewire,degree_gini,20,20,20,0.34487562189054727,0.3448756218905472,5.551115123125783e-17,0.34487562189054727,0.34487562189054727,descriptive_reference_not_treatment_CI
revision896_f2c6b9696988_sequential_gpt-6-luna_us_japanese_s1,degree_preserving_rewire,coleman_gender,20,20,20,0.19120911160017307,-0.043914286408467076,0.23512339800864013,-0.10127565027995665,0.04267166936277725,descriptive_reference_not_treatment_CI
revision896_f2c6b9696988_sequential_gpt-6-luna_us_japanese_s1,degree_preserving_rewire,coleman_religion,20,20,20,0.31185369042890226,-0.02925281189979284,0.3411065023286951,-0.06274638498883733,0.014158631048196682,descriptive_reference_not_treatment_CI
revision896_f2c6b9696988_sequential_gpt-6-luna_us_japanese_s1,degree_preserving_rewire,coleman_political orientation,20,20,20,0.3546760682771177,-0.05922617726926077,0.41390224554637844,-0.14086658181098707,0.008398507637988994,descriptive_reference_not_treatment_CI
revision896_f2c6b9696988_sequential_gpt-6-luna_us_japanese_s1,degree_preserving_rewire,age_assortativity,20,20,20,0.34179462594831417,-0.039375688402066275,0.38117031435038046,-0.13577370377684553,0.050437982171494505,descriptive_reference_not_treatment_CI
revision896_f2c6b9696988_sequential_gpt-6-luna_us_japanese_s1,equal_weight_demographic_similarity,density,1,1,1,0.16408163265306122,0.16408163265306122,0.0,,,descriptive_reference_not_treatment_CI
revision896_f2c6b9696988_sequential_gpt-6-luna_us_japanese_s1,equal_weight_demographic_similarity,avg_clustering_coef,1,1,1,0.4141154605628288,0.5710661560661563,-0.15695069550332752,,,descriptive_reference_not_treatment_CI
revision896_f2c6b9696988_sequential_gpt-6-luna_us_japanese_s1,equal_weight_demographic_similarity,prop_nodes_lcc,1,1,1,0.96,1.0,-0.040000000000000036,,,descriptive_reference_not_treatment_CI
revision896_f2c6b9696988_sequential_gpt-6-luna_us_japanese_s1,equal_weight_demographic_similarity,global_efficiency,1,1,1,0.4872244897959195,0.4708435374149679,0.016380952380951552,,,descriptive_reference_not_treatment_CI
revision896_f2c6b9696988_sequential_gpt-6-luna_us_japanese_s1,equal_weight_demographic_similarity,num_components,1,1,1,2.0,1.0,1.0,,,descriptive_reference_not_treatment_CI
revision896_f2c6b9696988_sequential_gpt-6-luna_us_japanese_s1,equal_weight_demographic_similarity,modularity,1,1,1,0.33866735971881884,0.5763842479146556,-0.23771688819583675,,,descriptive_reference_not_treatment_CI
revision896_f2c6b9696988_sequential_gpt-6-luna_us_japanese_s1,equal_weight_demographic_similarity,radius_lcc,1,1,1,3.0,4.0,-1.0,,,descriptive_reference_not_treatment_CI
revision896_f2c6b9696988_sequential_gpt-6-luna_us_japanese_s1,equal_weight_demographic_similarity,diameter_lcc,1,1,1,5.0,5.0,0.0,,,descriptive_reference_not_treatment_CI
revision896_f2c6b9696988_sequential_gpt-6-luna_us_japanese_s1,equal_weight_demographic_similarity,avg_shortest_path_lcc,1,1,1,2.2136524822695036,2.6310204081632653,-0.4173679258937617,,,descriptive_reference_not_treatment_CI
revision896_f2c6b9696988_sequential_gpt-6-luna_us_japanese_s1,equal_weight_demographic_similarity,degree_one_share,1,1,1,0.1,0.0,0.1,,,descriptive_reference_not_treatment_CI
revision896_f2c6b9696988_sequential_gpt-6-luna_us_japanese_s1,equal_weight_demographic_similarity,isolate_share,1,1,1,0.0,0.0,0.0,,,descriptive_reference_not_treatment_CI
revision896_f2c6b9696988_sequential_gpt-6-luna_us_japanese_s1,equal_weight_demographic_similarity,degree_gini,1,1,1,0.34487562189054727,0.1927363184079602,0.15213930348258706,,,descriptive_reference_not_treatment_CI
revision896_f2c6b9696988_sequential_gpt-6-luna_us_japanese_s1,equal_weight_demographic_similarity,coleman_gender,1,1,1,0.19120911160017307,0.727357365620987,-0.5361482540208139,,,descriptive_reference_not_treatment_CI
revision896_f2c6b9696988_sequential_gpt-6-luna_us_japanese_s1,equal_weight_demographic_similarity,coleman_religion,1,1,1,0.31185369042890226,0.3600779065895344,-0.04822421616063216,,,descriptive_reference_not_treatment_CI
revision896_f2c6b9696988_sequential_gpt-6-luna_us_japanese_s1,equal_weight_demographic_similarity,coleman_political orientation,1,1,1,0.3546760682771177,0.7666609013132257,-0.41198483303610806,,,descriptive_reference_not_treatment_CI
revision896_f2c6b9696988_sequential_gpt-6-luna_us_japanese_s1,equal_weight_demographic_similarity,age_assortativity,1,1,1,0.34179462594831417,0.28552485900025937,0.0562697669480548,,,descriptive_reference_not_treatment_CI
revision896_f2c6b9696988_sequential_gpt-6-luna_us_japanese_s1,uniform_edge_count,density,20,20,20,0.16408163265306122,0.16408163265306125,-2.7755575615628914e-17,0.16408163265306122,0.16408163265306122,descriptive_reference_not_treatment_CI
revision896_f2c6b9696988_sequential_gpt-6-luna_us_japanese_s1,uniform_edge_count,avg_clustering_coef,20,20,20,0.4141154605628288,0.16455172735760973,0.24956373320521905,0.13076987734487733,0.18678948828948827,descriptive_reference_not_treatment_CI
revision896_f2c6b9696988_sequential_gpt-6-luna_us_japanese_s1,uniform_edge_count,prop_nodes_lcc,20,20,20,0.96,1.0,-0.040000000000000036,1.0,1.0,descriptive_reference_not_treatment_CI
revision896_f2c6b9696988_sequential_gpt-6-luna_us_japanese_s1,uniform_edge_count,global_efficiency,20,20,20,0.4872244897959195,0.5446224489795903,-0.057397959183670855,0.5411224489795897,0.5474251700680268,descriptive_reference_not_treatment_CI
revision896_f2c6b9696988_sequential_gpt-6-luna_us_japanese_s1,uniform_edge_count,num_components,20,20,20,2.0,1.0,1.0,1.0,1.0,descriptive_reference_not_treatment_CI
revision896_f2c6b9696988_sequential_gpt-6-luna_us_japanese_s1,uniform_edge_count,modularity,20,20,20,0.33866735971881884,0.2630027722086087,0.07566458751021016,0.24262734833296204,0.28915187742877646,descriptive_reference_not_treatment_CI
revision896_f2c6b9696988_sequential_gpt-6-luna_us_japanese_s1,uniform_edge_count,radius_lcc,20,20,20,3.0,3.0,0.0,3.0,3.0,descriptive_reference_not_treatment_CI
revision896_f2c6b9696988_sequential_gpt-6-luna_us_japanese_s1,uniform_edge_count,diameter_lcc,20,20,20,5.0,4.0,1.0,4.0,4.0,descriptive_reference_not_treatment_CI
revision896_f2c6b9696988_sequential_gpt-6-luna_us_japanese_s1,uniform_edge_count,avg_shortest_path_lcc,20,20,20,2.2136524822695036,2.061673469387755,0.15197901288174842,2.0444285714285715,2.082265306122449,descriptive_reference_not_treatment_CI
revision896_f2c6b9696988_sequential_gpt-6-luna_us_japanese_s1,uniform_edge_count,degree_one_share,20,20,20,0.1,0.002,0.098,0.0,0.02,descriptive_reference_not_treatment_CI
revision896_f2c6b9696988_sequential_gpt-6-luna_us_japanese_s1,uniform_edge_count,isolate_share,20,20,20,0.0,0.0,0.0,0.0,0.0,descriptive_reference_not_treatment_CI
revision896_f2c6b9696988_sequential_gpt-6-luna_us_japanese_s1,uniform_edge_count,degree_gini,20,20,20,0.34487562189054727,0.17933830845771143,0.16553731343283584,0.14433084577114427,0.20459701492537313,descriptive_reference_not_treatment_CI
revision896_f2c6b9696988_sequential_gpt-6-luna_us_japanese_s1,uniform_edge_count,coleman_gender,20,20,20,0.19120911160017307,-0.03001479776180377,0.22122390936197683,-0.12133801986170821,0.053321606032672206,descriptive_reference_not_treatment_CI
revision896_f2c6b9696988_sequential_gpt-6-luna_us_japanese_s1,uniform_edge_count,coleman_religion,20,20,20,0.31185369042890226,-0.025364207281251577,0.33721789771015387,-0.06505397426850901,0.017809648838667175,descriptive_reference_not_treatment_CI
revision896_f2c6b9696988_sequential_gpt-6-luna_us_japanese_s1,uniform_edge_count,coleman_political orientation,20,20,20,0.3546760682771177,-0.0169076050813072,0.37158367335842485,-0.07470997933773187,0.08062105373254885,descriptive_reference_not_treatment_CI
revision896_f2c6b9696988_sequential_gpt-6-luna_us_japanese_s1,uniform_edge_count,age_assortativity,20,20,20,0.34179462594831417,-0.02270818287439304,0.3645028088227072,-0.12183319385544601,0.0962846534829244,descriptive_reference_not_treatment_CI
revision896_f2c6b9696988_sequential_gpt-6-luna_us_portuguese_s0,degree_preserving_rewire,density,20,20,20,0.17795918367346938,0.17795918367346936,2.7755575615628914e-17,0.17795918367346938,0.17795918367346938,descriptive_reference_not_treatment_CI
revision896_f2c6b9696988_sequential_gpt-6-luna_us_portuguese_s0,degree_preserving_rewire,avg_clustering_coef,20,20,20,0.5126178821178822,0.22602602120102117,0.286591860916861,0.18804018620268617,0.26224963647463645,descriptive_reference_not_treatment_CI
revision896_f2c6b9696988_sequential_gpt-6-luna_us_portuguese_s0,degree_preserving_rewire,prop_nodes_lcc,20,20,20,1.0,1.0,0.0,1.0,1.0,descriptive_reference_not_treatment_CI
revision896_f2c6b9696988_sequential_gpt-6-luna_us_portuguese_s0,degree_preserving_rewire,global_efficiency,20,20,20,0.519999999999999,0.5544659863945558,-0.03446598639455678,0.5485408163265294,0.5574999999999978,descriptive_reference_not_treatment_CI
revision896_f2c6b9696988_sequential_gpt-6-luna_us_portuguese_s0,degree_preserving_rewire,num_components,20,20,20,1.0,1.0,0.0,1.0,1.0,descriptive_reference_not_treatment_CI
revision896_f2c6b9696988_sequential_gpt-6-luna_us_portuguese_s0,degree_preserving_rewire,modularity,20,20,20,0.4361059675111522,0.22847298207221617,0.20763298543893605,0.20571421807928628,0.24938767780489862,descriptive_reference_not_treatment_CI
revision896_f2c6b9696988_sequential_gpt-6-luna_us_portuguese_s0,degree_preserving_rewire,radius_lcc,20,20,20,3.0,2.55,0.4500000000000002,2.0,3.0,descriptive_reference_not_treatment_CI
revision896_f2c6b9696988_sequential_gpt-6-luna_us_portuguese_s0,degree_preserving_rewire,diameter_lcc,20,20,20,4.0,4.0,0.0,4.0,4.0,descriptive_reference_not_treatment_CI
revision896_f2c6b9696988_sequential_gpt-6-luna_us_portuguese_s0,degree_preserving_rewire,avg_shortest_path_lcc,20,20,20,2.259591836734694,2.031510204081633,0.22808163265306103,2.0125510204081634,2.070061224489796,descriptive_reference_not_treatment_CI
revision896_f2c6b9696988_sequential_gpt-6-luna_us_portuguese_s0,degree_preserving_rewire,degree_one_share,20,20,20,0.0,0.0,0.0,0.0,0.0,descriptive_reference_not_treatment_CI
revision896_f2c6b9696988_sequential_gpt-6-luna_us_portuguese_s0,degree_preserving_rewire,isolate_share,20,20,20,0.0,0.0,0.0,0.0,0.0,descriptive_reference_not_treatment_CI
revision896_f2c6b9696988_sequential_gpt-6-luna_us_portuguese_s0,degree_preserving_rewire,degree_gini,20,20,20,0.25779816513761467,0.2577981651376147,-5.551115123125783e-17,0.25779816513761467,0.25779816513761467,descriptive_reference_not_treatment_CI
revision896_f2c6b9696988_sequential_gpt-6-luna_us_portuguese_s0,degree_preserving_rewire,coleman_gender,20,20,20,0.24454989634630353,-0.01970083963347439,0.26425073597977794,-0.08353108454904866,0.04417350626931458,descriptive_reference_not_treatment_CI
revision896_f2c6b9696988_sequential_gpt-6-luna_us_portuguese_s0,degree_preserving_rewire,coleman_religion,20,20,20,0.2860617468870553,-0.020269995198999115,0.30633174208605446,-0.06513590269569916,0.026272874428140275,descriptive_reference_not_treatment_CI
revision896_f2c6b9696988_sequential_gpt-6-luna_us_portuguese_s0,degree_preserving_rewire,coleman_political orientation,20,20,20,0.6048578029602698,-0.04127388319039175,0.6461316861506615,-0.1027413014984173,0.031223466602973197,descriptive_reference_not_treatment_CI
revision896_f2c6b9696988_sequential_gpt-6-luna_us_portuguese_s0,degree_preserving_rewire,age_assortativity,20,20,20,0.4244786167184321,-0.04326773033889091,0.46774634705732304,-0.17301703863882767,0.04401361756376963,descriptive_reference_not_treatment_CI
revision896_f2c6b9696988_sequential_gpt-6-luna_us_portuguese_s0,equal_weight_demographic_similarity,density,1,1,1,0.17795918367346938,0.17795918367346938,0.0,,,descriptive_reference_not_treatment_CI
revision896_f2c6b9696988_sequential_gpt-6-luna_us_portuguese_s0,equal_weight_demographic_similarity,avg_clustering_coef,1,1,1,0.5126178821178822,0.5930537240537243,-0.08043584193584208,,,descriptive_reference_not_treatment_CI
revision896_f2c6b9696988_sequential_gpt-6-luna_us_portuguese_s0,equal_weight_demographic_similarity,prop_nodes_lcc,1,1,1,1.0,1.0,0.0,,,descriptive_reference_not_treatment_CI
revision896_f2c6b9696988_sequential_gpt-6-luna_us_portuguese_s0,equal_weight_demographic_similarity,global_efficiency,1,1,1,0.519999999999999,0.4847482993197294,0.035251700680269615,,,descriptive_reference_not_treatment_CI
revision896_f2c6b9696988_sequential_gpt-6-luna_us_portuguese_s0,equal_weight_demographic_similarity,num_components,1,1,1,1.0,1.0,0.0,,,descriptive_reference_not_treatment_CI
revision896_f2c6b9696988_sequential_gpt-6-luna_us_portuguese_s0,equal_weight_demographic_similarity,modularity,1,1,1,0.4361059675111522,0.5629681844962545,-0.1268622169851023,,,descriptive_reference_not_treatment_CI
revision896_f2c6b9696988_sequential_gpt-6-luna_us_portuguese_s0,equal_weight_demographic_similarity,radius_lcc,1,1,1,3.0,4.0,-1.0,,,descriptive_reference_not_treatment_CI
revision896_f2c6b9696988_sequential_gpt-6-luna_us_portuguese_s0,equal_weight_demographic_similarity,diameter_lcc,1,1,1,4.0,5.0,-1.0,,,descriptive_reference_not_treatment_CI
revision896_f2c6b9696988_sequential_gpt-6-luna_us_portuguese_s0,equal_weight_demographic_similarity,avg_shortest_path_lcc,1,1,1,2.259591836734694,2.556734693877551,-0.29714285714285715,,,descriptive_reference_not_treatment_CI
revision896_f2c6b9696988_sequential_gpt-6-luna_us_portuguese_s0,equal_weight_demographic_similarity,degree_one_share,1,1,1,0.0,0.0,0.0,,,descriptive_reference_not_treatment_CI
revision896_f2c6b9696988_sequential_gpt-6-luna_us_portuguese_s0,equal_weight_demographic_similarity,isolate_share,1,1,1,0.0,0.0,0.0,,,descriptive_reference_not_treatment_CI
revision896_f2c6b9696988_sequential_gpt-6-luna_us_portuguese_s0,equal_weight_demographic_similarity,degree_gini,1,1,1,0.25779816513761467,0.1873394495412844,0.07045871559633027,,,descriptive_reference_not_treatment_CI
revision896_f2c6b9696988_sequential_gpt-6-luna_us_portuguese_s0,equal_weight_demographic_similarity,coleman_gender,1,1,1,0.24454989634630353,0.7242298813049461,-0.4796799849586426,,,descriptive_reference_not_treatment_CI
revision896_f2c6b9696988_sequential_gpt-6-luna_us_portuguese_s0,equal_weight_demographic_similarity,coleman_religion,1,1,1,0.2860617468870553,0.34075090000594344,-0.05468915311888811,,,descriptive_reference_not_treatment_CI
revision896_f2c6b9696988_sequential_gpt-6-luna_us_portuguese_s0,equal_weight_demographic_similarity,coleman_political orientation,1,1,1,0.6048578029602698,0.7710609341793749,-0.16620313121910513,,,descriptive_reference_not_treatment_CI
revision896_f2c6b9696988_sequential_gpt-6-luna_us_portuguese_s0,equal_weight_demographic_similarity,age_assortativity,1,1,1,0.4244786167184321,0.1434934397502681,0.28098517696816405,,,descriptive_reference_not_treatment_CI
revision896_f2c6b9696988_sequential_gpt-6-luna_us_portuguese_s0,uniform_edge_count,density,20,20,20,0.17795918367346938,0.17795918367346936,2.7755575615628914e-17,0.17795918367346938,0.17795918367346938,descriptive_reference_not_treatment_CI
revision896_f2c6b9696988_sequential_gpt-6-luna_us_portuguese_s0,uniform_edge_count,avg_clustering_coef,20,20,20,0.5126178821178822,0.17642156495035752,0.3361963171675246,0.1441490398490399,0.20019624542124534,descriptive_reference_not_treatment_CI
revision896_f2c6b9696988_sequential_gpt-6-luna_us_portuguese_s0,uniform_edge_count,prop_nodes_lcc,20,20,20,1.0,1.0,0.0,1.0,1.0,descriptive_reference_not_treatment_CI
revision896_f2c6b9696988_sequential_gpt-6-luna_us_portuguese_s0,uniform_edge_count,global_efficiency,20,20,20,0.519999999999999,0.5595884353741483,-0.039588435374149245,0.555913265306121,0.5620221088435354,descriptive_reference_not_treatment_CI
revision896_f2c6b9696988_sequential_gpt-6-luna_us_portuguese_s0,uniform_edge_count,num_components,20,20,20,1.0,1.0,0.0,1.0,1.0,descriptive_reference_not_treatment_CI
revision896_f2c6b9696988_sequential_gpt-6-luna_us_portuguese_s0,uniform_edge_count,modularity,20,20,20,0.4361059675111522,0.24753492971972055,0.18857103779143167,0.22718494865752042,0.27052594478579245,descriptive_reference_not_treatment_CI
revision896_f2c6b9696988_sequential_gpt-6-luna_us_portuguese_s0,uniform_edge_count,radius_lcc,20,20,20,3.0,2.5,0.5,2.0,3.0,descriptive_reference_not_treatment_CI
revision896_f2c6b9696988_sequential_gpt-6-luna_us_portuguese_s0,uniform_edge_count,diameter_lcc,20,20,20,4.0,3.45,0.5499999999999998,3.0,4.0,descriptive_reference_not_treatment_CI
revision896_f2c6b9696988_sequential_gpt-6-luna_us_portuguese_s0,uniform_edge_count,avg_shortest_path_lcc,20,20,20,2.259591836734694,1.998938775510204,0.26065306122448995,1.9839795918367347,2.022591836734694,descriptive_reference_not_treatment_CI
revision896_f2c6b9696988_sequential_gpt-6-luna_us_portuguese_s0,uniform_edge_count,degree_one_share,20,20,20,0.0,0.001,-0.001,0.0,0.010499999999999971,descriptive_reference_not_treatment_CI
revision896_f2c6b9696988_sequential_gpt-6-luna_us_portuguese_s0,uniform_edge_count,isolate_share,20,20,20,0.0,0.0,0.0,0.0,0.0,descriptive_reference_not_treatment_CI
revision896_f2c6b9696988_sequential_gpt-6-luna_us_portuguese_s0,uniform_edge_count,degree_gini,20,20,20,0.25779816513761467,0.1668256880733945,0.09097247706422015,0.14061697247706423,0.20230045871559632,descriptive_reference_not_treatment_CI
revision896_f2c6b9696988_sequential_gpt-6-luna_us_portuguese_s0,uniform_edge_count,coleman_gender,20,20,20,0.24454989634630353,-0.051753760080115806,0.2963036564264193,-0.12202818691467202,0.04236741376593485,descriptive_reference_not_treatment_CI
revision896_f2c6b9696988_sequential_gpt-6-luna_us_portuguese_s0,uniform_edge_count,coleman_religion,20,20,20,0.2860617468870553,-0.024620851355418825,0.31068259824247413,-0.07218176863220949,0.012058522502578871,descriptive_reference_not_treatment_CI
revision896_f2c6b9696988_sequential_gpt-6-luna_us_portuguese_s0,uniform_edge_count,coleman_political orientation,20,20,20,0.6048578029602698,0.0028498487947398355,0.60200795416553,-0.08142201245198985,0.06633337046939984,descriptive_reference_not_treatment_CI
revision896_f2c6b9696988_sequential_gpt-6-luna_us_portuguese_s0,uniform_edge_count,age_assortativity,20,20,20,0.4244786167184321,-0.008560932861168238,0.43303954957960034,-0.11815374570327021,0.08959084926734441,descriptive_reference_not_treatment_CI
revision896_f2c6b9696988_sequential_gpt-6-luna_us_portuguese_s1,degree_preserving_rewire,density,20,20,20,0.16163265306122448,0.1616326530612245,-2.7755575615628914e-17,0.16163265306122448,0.16163265306122448,descriptive_reference_not_treatment_CI
revision896_f2c6b9696988_sequential_gpt-6-luna_us_portuguese_s1,degree_preserving_rewire,avg_clustering_coef,20,20,20,0.44583307513742293,0.2574671319019145,0.18836594323550843,0.21046504027373594,0.29713283865892565,descriptive_reference_not_treatment_CI
revision896_f2c6b9696988_sequential_gpt-6-luna_us_portuguese_s1,degree_preserving_rewire,prop_nodes_lcc,20,20,20,1.0,1.0,0.0,1.0,1.0,descriptive_reference_not_treatment_CI
revision896_f2c6b9696988_sequential_gpt-6-luna_us_portuguese_s1,degree_preserving_rewire,global_efficiency,20,20,20,0.5180680272108832,0.5417122448979579,-0.023644217687074698,0.5346404761904751,0.5455136054421754,descriptive_reference_not_treatment_CI
revision896_f2c6b9696988_sequential_gpt-6-luna_us_portuguese_s1,degree_preserving_rewire,num_components,20,20,20,1.0,1.0,0.0,1.0,1.0,descriptive_reference_not_treatment_CI
revision896_f2c6b9696988_sequential_gpt-6-luna_us_portuguese_s1,degree_preserving_rewire,modularity,20,20,20,0.37301040710131617,0.2386401897765534,0.13437021732476276,0.22567276298336908,0.25437837975716765,descriptive_reference_not_treatment_CI
revision896_f2c6b9696988_sequential_gpt-6-luna_us_portuguese_s1,degree_preserving_rewire,radius_lcc,20,20,20,3.0,2.35,0.6499999999999999,2.0,3.0,descriptive_reference_not_treatment_CI
revision896_f2c6b9696988_sequential_gpt-6-luna_us_portuguese_s1,degree_preserving_rewire,diameter_lcc,20,20,20,5.0,3.95,1.0499999999999998,3.0,4.524999999999999,descriptive_reference_not_treatment_CI
revision896_f2c6b9696988_sequential_gpt-6-luna_us_portuguese_s1,degree_preserving_rewire,avg_shortest_path_lcc,20,20,20,2.240816326530612,2.0761632653061226,0.16465306122448942,2.0506122448979593,2.1262653061224492,descriptive_reference_not_treatment_CI
revision896_f2c6b9696988_sequential_gpt-6-luna_us_portuguese_s1,degree_preserving_rewire,degree_one_share,20,20,20,0.0,0.0,0.0,0.0,0.0,descriptive_reference_not_treatment_CI
revision896_f2c6b9696988_sequential_gpt-6-luna_us_portuguese_s1,degree_preserving_rewire,isolate_share,20,20,20,0.0,0.0,0.0,0.0,0.0,descriptive_reference_not_treatment_CI
revision896_f2c6b9696988_sequential_gpt-6-luna_us_portuguese_s1,degree_preserving_rewire,degree_gini,20,20,20,0.29797979797979796,0.2979797979797979,5.551115123125783e-17,0.29797979797979796,0.29797979797979796,descriptive_reference_not_treatment_CI
revision896_f2c6b9696988_sequential_gpt-6-luna_us_portuguese_s1,degree_preserving_rewire,coleman_gender,20,20,20,0.21023391812865494,-0.04174139051332039,0.2519753086419753,-0.14413011695906439,0.03038255360623768,descriptive_reference_not_treatment_CI
revision896_f2c6b9696988_sequential_gpt-6-luna_us_portuguese_s1,degree_preserving_rewire,coleman_religion,20,20,20,0.34278862898288887,-0.03282642913451259,0.3756150581174015,-0.07578879555490992,0.02563482049483999,descriptive_reference_not_treatment_CI
revision896_f2c6b9696988_sequential_gpt-6-luna_us_portuguese_s1,degree_preserving_rewire,coleman_political orientation,20,20,20,0.4897579417798815,-0.029171679594795125,0.5189296213746767,-0.10865020778242429,0.035275688924131646,descriptive_reference_not_treatment_CI
revision896_f2c6b9696988_sequential_gpt-6-luna_us_portuguese_s1,degree_preserving_rewire,age_assortativity,20,20,20,0.40217818757373686,-0.011568673472660612,0.41374686104639746,-0.10343547882722845,0.1120700935352008,descriptive_reference_not_treatment_CI
revision896_f2c6b9696988_sequential_gpt-6-luna_us_portuguese_s1,equal_weight_demographic_similarity,density,1,1,1,0.16163265306122448,0.16163265306122448,0.0,,,descriptive_reference_not_treatment_CI
revision896_f2c6b9696988_sequential_gpt-6-luna_us_portuguese_s1,equal_weight_demographic_similarity,avg_clustering_coef,1,1,1,0.44583307513742293,0.5635020535020536,-0.1176689783646307,,,descriptive_reference_not_treatment_CI
revision896_f2c6b9696988_sequential_gpt-6-luna_us_portuguese_s1,equal_weight_demographic_similarity,prop_nodes_lcc,1,1,1,1.0,1.0,0.0,,,descriptive_reference_not_treatment_CI
revision896_f2c6b9696988_sequential_gpt-6-luna_us_portuguese_s1,equal_weight_demographic_similarity,global_efficiency,1,1,1,0.5180680272108832,0.4689387755102058,0.04912925170067739,,,descriptive_reference_not_treatment_CI
revision896_f2c6b9696988_sequential_gpt-6-luna_us_portuguese_s1,equal_weight_demographic_similarity,num_components,1,1,1,1.0,1.0,0.0,,,descriptive_reference_not_treatment_CI
revision896_f2c6b9696988_sequential_gpt-6-luna_us_portuguese_s1,equal_weight_demographic_similarity,modularity,1,1,1,0.37301040710131617,0.5744439342924191,-0.20143352719110297,,,descriptive_reference_not_treatment_CI
revision896_f2c6b9696988_sequential_gpt-6-luna_us_portuguese_s1,equal_weight_demographic_similarity,radius_lcc,1,1,1,3.0,4.0,-1.0,,,descriptive_reference_not_treatment_CI
revision896_f2c6b9696988_sequential_gpt-6-luna_us_portuguese_s1,equal_weight_demographic_similarity,diameter_lcc,1,1,1,5.0,5.0,0.0,,,descriptive_reference_not_treatment_CI
revision896_f2c6b9696988_sequential_gpt-6-luna_us_portuguese_s1,equal_weight_demographic_similarity,avg_shortest_path_lcc,1,1,1,2.240816326530612,2.6375510204081634,-0.39673469387755134,,,descriptive_reference_not_treatment_CI
revision896_f2c6b9696988_sequential_gpt-6-luna_us_portuguese_s1,equal_weight_demographic_similarity,degree_one_share,1,1,1,0.0,0.0,0.0,,,descriptive_reference_not_treatment_CI
revision896_f2c6b9696988_sequential_gpt-6-luna_us_portuguese_s1,equal_weight_demographic_similarity,isolate_share,1,1,1,0.0,0.0,0.0,,,descriptive_reference_not_treatment_CI
revision896_f2c6b9696988_sequential_gpt-6-luna_us_portuguese_s1,equal_weight_demographic_similarity,degree_gini,1,1,1,0.29797979797979796,0.19111111111111112,0.10686868686868684,,,descriptive_reference_not_treatment_CI
revision896_f2c6b9696988_sequential_gpt-6-luna_us_portuguese_s1,equal_weight_demographic_similarity,coleman_gender,1,1,1,0.21023391812865494,0.7238511488511488,-0.5136172307224938,,,descriptive_reference_not_treatment_CI
revision896_f2c6b9696988_sequential_gpt-6-luna_us_portuguese_s1,equal_weight_demographic_similarity,coleman_religion,1,1,1,0.34278862898288887,0.36901569008639534,-0.026227061103506477,,,descriptive_reference_not_treatment_CI
revision896_f2c6b9696988_sequential_gpt-6-luna_us_portuguese_s1,equal_weight_demographic_similarity,coleman_political orientation,1,1,1,0.4897579417798815,0.7631148043361786,-0.2733568625562971,,,descriptive_reference_not_treatment_CI
revision896_f2c6b9696988_sequential_gpt-6-luna_us_portuguese_s1,equal_weight_demographic_similarity,age_assortativity,1,1,1,0.40217818757373686,0.30733510988310725,0.0948430776906296,,,descriptive_reference_not_treatment_CI
revision896_f2c6b9696988_sequential_gpt-6-luna_us_portuguese_s1,uniform_edge_count,density,20,20,20,0.16163265306122448,0.1616326530612245,-2.7755575615628914e-17,0.16163265306122448,0.16163265306122448,descriptive_reference_not_treatment_CI
revision896_f2c6b9696988_sequential_gpt-6-luna_us_portuguese_s1,uniform_edge_count,avg_clustering_coef,20,20,20,0.44583307513742293,0.1579014901764902,0.28793158496093274,0.11913339993339996,0.17783679376179373,descriptive_reference_not_treatment_CI
revision896_f2c6b9696988_sequential_gpt-6-luna_us_portuguese_s1,uniform_edge_count,prop_nodes_lcc,20,20,20,1.0,1.0,0.0,1.0,1.0,descriptive_reference_not_treatment_CI
revision896_f2c6b9696988_sequential_gpt-6-luna_us_portuguese_s1,uniform_edge_count,global_efficiency,20,20,20,0.5180680272108832,0.5421564625850328,-0.02408843537414962,0.5389557823129246,0.5449625850340121,descriptive_reference_not_treatment_CI
revision896_f2c6b9696988_sequential_gpt-6-luna_us_portuguese_s1,uniform_edge_count,num_components,20,20,20,1.0,1.0,0.0,1.0,1.0,descriptive_reference_not_treatment_CI
revision896_f2c6b9696988_sequential_gpt-6-luna_us_portuguese_s1,uniform_edge_count,modularity,20,20,20,0.37301040710131617,0.26521592184470966,0.10779448525660651,0.24563150443832263,0.2860651974288338,descriptive_reference_not_treatment_CI
revision896_f2c6b9696988_sequential_gpt-6-luna_us_portuguese_s1,uniform_edge_count,radius_lcc,20,20,20,3.0,2.9,0.10000000000000009,2.0,3.0,descriptive_reference_not_treatment_CI
revision896_f2c6b9696988_sequential_gpt-6-luna_us_portuguese_s1,uniform_edge_count,diameter_lcc,20,20,20,5.0,3.85,1.15,3.0,4.0,descriptive_reference_not_treatment_CI
revision896_f2c6b9696988_sequential_gpt-6-luna_us_portuguese_s1,uniform_edge_count,avg_shortest_path_lcc,20,20,20,2.240816326530612,2.072,0.16881632653061196,2.0538979591836735,2.095285714285714,descriptive_reference_not_treatment_CI
revision896_f2c6b9696988_sequential_gpt-6-luna_us_portuguese_s1,uniform_edge_count,degree_one_share,20,20,20,0.0,0.002,-0.002,0.0,0.02,descriptive_reference_not_treatment_CI
revision896_f2c6b9696988_sequential_gpt-6-luna_us_portuguese_s1,uniform_edge_count,isolate_share,20,20,20,0.0,0.0,0.0,0.0,0.0,descriptive_reference_not_treatment_CI
revision896_f2c6b9696988_sequential_gpt-6-luna_us_portuguese_s1,uniform_edge_count,degree_gini,20,20,20,0.29797979797979796,0.17353030303030303,0.12444949494949492,0.14412626262626263,0.19919191919191917,descriptive_reference_not_treatment_CI
revision896_f2c6b9696988_sequential_gpt-6-luna_us_portuguese_s1,uniform_edge_count,coleman_gender,20,20,20,0.21023391812865494,-0.013102722989571497,0.22333664111822643,-0.0808182906950538,0.03778901380224613,descriptive_reference_not_treatment_CI
revision896_f2c6b9696988_sequential_gpt-6-luna_us_portuguese_s1,uniform_edge_count,coleman_religion,20,20,20,0.34278862898288887,-0.028271043919866644,0.3710596729027555,-0.102348690222779,0.027322946142375546,descriptive_reference_not_treatment_CI
revision896_f2c6b9696988_sequential_gpt-6-luna_us_portuguese_s1,uniform_edge_count,coleman_political orientation,20,20,20,0.4897579417798815,-0.029329110772464122,0.5190870525523457,-0.07865643615474933,0.015097850007770319,descriptive_reference_not_treatment_CI
revision896_f2c6b9696988_sequential_gpt-6-luna_us_portuguese_s1,uniform_edge_count,age_assortativity,20,20,20,0.40217818757373686,-0.02700605669122963,0.4291842442649665,-0.13385790823967844,0.10518113933355484,descriptive_reference_not_treatment_CI
revision896_f2c6b9696988_sequential_gpt-6-sol_us_english_s0,degree_preserving_rewire,density,20,20,20,0.16816326530612244,0.1681632653061224,2.7755575615628914e-17,0.16816326530612244,0.16816326530612244,descriptive_reference_not_treatment_CI
revision896_f2c6b9696988_sequential_gpt-6-sol_us_english_s0,degree_preserving_rewire,avg_clustering_coef,20,20,20,0.48909812409812403,0.1988778776778777,0.29022024642024635,0.15670653513153515,0.25510970695970697,descriptive_reference_not_treatment_CI
revision896_f2c6b9696988_sequential_gpt-6-sol_us_english_s0,degree_preserving_rewire,prop_nodes_lcc,20,20,20,1.0,1.0,0.0,1.0,1.0,descriptive_reference_not_treatment_CI
revision896_f2c6b9696988_sequential_gpt-6-sol_us_english_s0,degree_preserving_rewire,global_efficiency,20,20,20,0.5133333333333322,0.5450238095238077,-0.03169047619047549,0.5415408163265288,0.5491275510204061,descriptive_reference_not_treatment_CI
revision896_f2c6b9696988_sequential_gpt-6-sol_us_english_s0,degree_preserving_rewire,num_components,20,20,20,1.0,1.0,0.0,1.0,1.0,descriptive_reference_not_treatment_CI
revision896_f2c6b9696988_sequential_gpt-6-sol_us_english_s0,degree_preserving_rewire,modularity,20,20,20,0.4303185974172872,0.2485507587897069,0.18176783862758028,0.2288178079932133,0.2734182062399849,descriptive_reference_not_treatment_CI
revision896_f2c6b9696988_sequential_gpt-6-sol_us_english_s0,degree_preserving_rewire,radius_lcc,20,20,20,3.0,2.8,0.20000000000000018,2.0,3.0,descriptive_reference_not_treatment_CI
revision896_f2c6b9696988_sequential_gpt-6-sol_us_english_s0,degree_preserving_rewire,diameter_lcc,20,20,20,4.0,4.0,0.0,4.0,4.0,descriptive_reference_not_treatment_CI
revision896_f2c6b9696988_sequential_gpt-6-sol_us_english_s0,degree_preserving_rewire,avg_shortest_path_lcc,20,20,20,2.2824489795918366,2.0688163265306123,0.21363265306122425,2.042938775510204,2.0916326530612244,descriptive_reference_not_treatment_CI
revision896_f2c6b9696988_sequential_gpt-6-sol_us_english_s0,degree_preserving_rewire,degree_one_share,20,20,20,0.0,0.0,0.0,0.0,0.0,descriptive_reference_not_treatment_CI
revision896_f2c6b9696988_sequential_gpt-6-sol_us_english_s0,degree_preserving_rewire,isolate_share,20,20,20,0.0,0.0,0.0,0.0,0.0,descriptive_reference_not_treatment_CI
revision896_f2c6b9696988_sequential_gpt-6-sol_us_english_s0,degree_preserving_rewire,degree_gini,20,20,20,0.23194174757281552,0.23194174757281547,5.551115123125783e-17,0.23194174757281552,0.23194174757281552,descriptive_reference_not_treatment_CI
revision896_f2c6b9696988_sequential_gpt-6-sol_us_english_s0,degree_preserving_rewire,coleman_gender,20,20,20,0.1307167572773913,-0.022308866117898833,0.15302562339529013,-0.10976680265234716,0.0313267790183977,descriptive_reference_not_treatment_CI
revision896_f2c6b9696988_sequential_gpt-6-sol_us_english_s0,degree_preserving_rewire,coleman_religion,20,20,20,0.3279116343758088,-0.012069674404688358,0.33998130878049715,-0.06378107643222827,0.0597554283870688,descriptive_reference_not_treatment_CI
revision896_f2c6b9696988_sequential_gpt-6-sol_us_english_s0,degree_preserving_rewire,coleman_political orientation,20,20,20,0.4684139158888469,-0.014555558411308747,0.48296947430015563,-0.10043691582109647,0.08333539363382378,descriptive_reference_not_treatment_CI
revision896_f2c6b9696988_sequential_gpt-6-sol_us_english_s0,degree_preserving_rewire,age_assortativity,20,20,20,0.75543923853121,-0.02831488874313884,0.7837541272743488,-0.14649290932450354,0.029558015224785326,descriptive_reference_not_treatment_CI
revision896_f2c6b9696988_sequential_gpt-6-sol_us_english_s0,equal_weight_demographic_similarity,density,1,1,1,0.16816326530612244,0.16816326530612244,0.0,,,descriptive_reference_not_treatment_CI
revision896_f2c6b9696988_sequential_gpt-6-sol_us_english_s0,equal_weight_demographic_similarity,avg_clustering_coef,1,1,1,0.48909812409812403,0.5781469641469643,-0.08904884004884028,,,descriptive_reference_not_treatment_CI
revision896_f2c6b9696988_sequential_gpt-6-sol_us_english_s0,equal_weight_demographic_similarity,prop_nodes_lcc,1,1,1,1.0,1.0,0.0,,,descriptive_reference_not_treatment_CI
revision896_f2c6b9696988_sequential_gpt-6-sol_us_english_s0,equal_weight_demographic_similarity,global_efficiency,1,1,1,0.5133333333333322,0.4744761904761926,0.03885714285713959,,,descriptive_reference_not_treatment_CI
revision896_f2c6b9696988_sequential_gpt-6-sol_us_english_s0,equal_weight_demographic_similarity,num_components,1,1,1,1.0,1.0,0.0,,,descriptive_reference_not_treatment_CI
revision896_f2c6b9696988_sequential_gpt-6-sol_us_english_s0,equal_weight_demographic_similarity,modularity,1,1,1,0.4303185974172872,0.5784593269865208,-0.14814072956923363,,,descriptive_reference_not_treatment_CI
revision896_f2c6b9696988_sequential_gpt-6-sol_us_english_s0,equal_weight_demographic_similarity,radius_lcc,1,1,1,3.0,4.0,-1.0,,,descriptive_reference_not_treatment_CI
revision896_f2c6b9696988_sequential_gpt-6-sol_us_english_s0,equal_weight_demographic_similarity,diameter_lcc,1,1,1,4.0,5.0,-1.0,,,descriptive_reference_not_treatment_CI
revision896_f2c6b9696988_sequential_gpt-6-sol_us_english_s0,equal_weight_demographic_similarity,avg_shortest_path_lcc,1,1,1,2.2824489795918366,2.608979591836735,-0.3265306122448983,,,descriptive_reference_not_treatment_CI
revision896_f2c6b9696988_sequential_gpt-6-sol_us_english_s0,equal_weight_demographic_similarity,degree_one_share,1,1,1,0.0,0.0,0.0,,,descriptive_reference_not_treatment_CI
revision896_f2c6b9696988_sequential_gpt-6-sol_us_english_s0,equal_weight_demographic_similarity,isolate_share,1,1,1,0.0,0.0,0.0,,,descriptive_reference_not_treatment_CI
revision896_f2c6b9696988_sequential_gpt-6-sol_us_english_s0,equal_weight_demographic_similarity,degree_gini,1,1,1,0.23194174757281552,0.1903883495145631,0.04155339805825242,,,descriptive_reference_not_treatment_CI
revision896_f2c6b9696988_sequential_gpt-6-sol_us_english_s0,equal_weight_demographic_similarity,coleman_gender,1,1,1,0.1307167572773913,0.7327581733264141,-0.6020414160490228,,,descriptive_reference_not_treatment_CI
revision896_f2c6b9696988_sequential_gpt-6-sol_us_english_s0,equal_weight_demographic_similarity,coleman_religion,1,1,1,0.3279116343758088,0.3444345036385917,-0.016522869262782902,,,descriptive_reference_not_treatment_CI
revision896_f2c6b9696988_sequential_gpt-6-sol_us_english_s0,equal_weight_demographic_similarity,coleman_political orientation,1,1,1,0.4684139158888469,0.7717120673325055,-0.3032981514436586,,,descriptive_reference_not_treatment_CI
revision896_f2c6b9696988_sequential_gpt-6-sol_us_english_s0,equal_weight_demographic_similarity,age_assortativity,1,1,1,0.75543923853121,0.24485593163577277,0.5105833068954372,,,descriptive_reference_not_treatment_CI
revision896_f2c6b9696988_sequential_gpt-6-sol_us_english_s0,uniform_edge_count,density,20,20,20,0.16816326530612244,0.1681632653061224,2.7755575615628914e-17,0.16816326530612244,0.16816326530612244,descriptive_reference_not_treatment_CI
revision896_f2c6b9696988_sequential_gpt-6-sol_us_english_s0,uniform_edge_count,avg_clustering_coef,20,20,20,0.48909812409812403,0.16928601986249042,0.3198121042356336,0.15297588114499883,0.18850417727697133,descriptive_reference_not_treatment_CI
revision896_f2c6b9696988_sequential_gpt-6-sol_us_english_s0,uniform_edge_count,prop_nodes_lcc,20,20,20,1.0,1.0,0.0,1.0,1.0,descriptive_reference_not_treatment_CI
revision896_f2c6b9696988_sequential_gpt-6-sol_us_english_s0,uniform_edge_count,global_efficiency,20,20,20,0.5133333333333322,0.5493231292516993,-0.03598979591836715,0.5452670068027191,0.5517721088435351,descriptive_reference_not_treatment_CI
revision896_f2c6b9696988_sequential_gpt-6-sol_us_english_s0,uniform_edge_count,num_components,20,20,20,1.0,1.0,0.0,1.0,1.0,descriptive_reference_not_treatment_CI
revision896_f2c6b9696988_sequential_gpt-6-sol_us_english_s0,uniform_edge_count,modularity,20,20,20,0.4303185974172872,0.2579301772080309,0.17238842020925627,0.23304181591101897,0.28169066358752,descriptive_reference_not_treatment_CI
revision896_f2c6b9696988_sequential_gpt-6-sol_us_english_s0,uniform_edge_count,radius_lcc,20,20,20,3.0,2.85,0.1499999999999999,2.0,3.0,descriptive_reference_not_treatment_CI
revision896_f2c6b9696988_sequential_gpt-6-sol_us_english_s0,uniform_edge_count,diameter_lcc,20,20,20,4.0,3.5,0.5,3.0,4.0,descriptive_reference_not_treatment_CI
revision896_f2c6b9696988_sequential_gpt-6-sol_us_english_s0,uniform_edge_count,avg_shortest_path_lcc,20,20,20,2.2824489795918366,2.0411428571428565,0.2413061224489801,2.0256938775510203,2.0681836734693877,descriptive_reference_not_treatment_CI
revision896_f2c6b9696988_sequential_gpt-6-sol_us_english_s0,uniform_edge_count,degree_one_share,20,20,20,0.0,0.001,-0.001,0.0,0.010499999999999971,descriptive_reference_not_treatment_CI
revision896_f2c6b9696988_sequential_gpt-6-sol_us_english_s0,uniform_edge_count,isolate_share,20,20,20,0.0,0.0,0.0,0.0,0.0,descriptive_reference_not_treatment_CI
revision896_f2c6b9696988_sequential_gpt-6-sol_us_english_s0,uniform_edge_count,degree_gini,20,20,20,0.23194174757281552,0.17655825242718443,0.055383495145631095,0.13737378640776698,0.21466747572815534,descriptive_reference_not_treatment_CI
revision896_f2c6b9696988_sequential_gpt-6-sol_us_english_s0,uniform_edge_count,coleman_gender,20,20,20,0.1307167572773913,-0.0429123503708654,0.1736291076482567,-0.1002597938759132,0.05155915540654531,descriptive_reference_not_treatment_CI
revision896_f2c6b9696988_sequential_gpt-6-sol_us_english_s0,uniform_edge_count,coleman_religion,20,20,20,0.3279116343758088,-0.018359229343549662,0.34627086371935845,-0.06077821466922016,0.034980622036774586,descriptive_reference_not_treatment_CI
revision896_f2c6b9696988_sequential_gpt-6-sol_us_english_s0,uniform_edge_count,coleman_political orientation,20,20,20,0.4684139158888469,-0.02434814454712061,0.4927620604359675,-0.11328661540438686,0.05465698855589939,descriptive_reference_not_treatment_CI
revision896_f2c6b9696988_sequential_gpt-6-sol_us_english_s0,uniform_edge_count,age_assortativity,20,20,20,0.75543923853121,-0.02739574212996292,0.7828349806611729,-0.10462851201471388,0.09255322897297183,descriptive_reference_not_treatment_CI
