seed,duration,num_tries,num_input_toks,num_output_toks
0,35.98464798927307,50,26750,195
1,40.97838592529297,50,26750,216
