seed,duration,num_tries,num_input_toks,num_output_toks
0,189.99763298034668,354,203431,473
1,189.3326873779297,350,204195,458
