seed,duration,num_tries,num_input_toks,num_output_toks
0,43.80056858062744,50,30438,224
1,47.23776078224182,50,30438,276
