seed,duration,num_tries,num_input_toks,num_output_toks
0,6.465592622756958,1,528,170
1,5.8155529499053955,1,528,280
