seed,duration,num_tries,num_input_toks,num_output_toks
0,79.76618671417236,77,27750,138
1,57.544596672058105,66,27750,150
