seed,duration,num_tries,num_input_toks,num_output_toks
0,42.545679330825806,50,30438,224
1,42.228341579437256,50,30438,274
