seed,duration,num_tries,num_input_toks,num_output_toks
0,36.837430477142334,50,26750,169
1,38.51662230491638,50,26750,204
