seed,duration,num_tries,num_input_toks,num_output_toks
0,219.59453558921814,339,203739,513
1,224.04173111915588,347,205626,581
