seed,duration,num_tries,num_input_toks,num_output_toks
0,43.60787296295166,50,27750,169
1,44.41980528831482,50,27750,136
