seed,duration,num_tries,num_input_toks,num_output_toks
0,41.624767780303955,50,35238,224
1,38.72838854789734,50,35238,276
