seed,duration,num_tries,num_input_toks,num_output_toks
0,64.24135828018188,71,26750,165
1,49.08620095252991,62,26750,187
