seed,duration,num_tries,num_input_toks,num_output_toks
0,42.19353127479553,57,20950,175
1,35.534255027770996,53,20950,240
