seed,duration,num_tries,num_input_toks,num_output_toks
0,231.64110803604126,332,202144,506
1,234.33472681045532,347,205554,581
