seed,duration,num_tries,num_input_toks,num_output_toks
0,37.9370653629303,50,37338,129
1,36.54930329322815,50,37338,115
