seed,duration,num_tries,num_input_toks,num_output_toks
0,6.173982858657837,1,528,214
1,3.775071144104004,1,528,194
