seed,duration,num_tries,num_input_toks,num_output_toks
0,208.897940158844,350,201812,501
1,181.36031031608582,353,204637,446
