seed,duration,num_tries,num_input_toks,num_output_toks
0,220.20929312705994,333,202383,448
1,209.22352266311646,347,205900,464
