seed,duration,num_tries,num_input_toks,num_output_toks
0,38.29837393760681,50,27750,224
1,41.28659439086914,50,27750,276
