seed,duration,num_tries,num_input_toks,num_output_toks
0,40.356626749038696,50,30438,201
1,41.31551551818848,50,30438,243
