seed,duration,num_tries,num_input_toks,num_output_toks
0,38.98403763771057,50,35238,104
1,44.21635460853577,50,35238,83
