seed,duration,num_tries,num_input_toks,num_output_toks
0,2.6982851028442383,1,528,48
1,4.656194448471069,2,528,43
