seed,duration,num_tries,num_input_toks,num_output_toks
0,32.86533331871033,50,28000,65
1,37.02899980545044,50,28000,70
