seed,duration,num_tries,num_input_toks,num_output_toks
0,264.91020917892456,336,210418,510
1,242.38870286941528,344,212381,578
