seed,duration,num_tries,num_input_toks,num_output_toks
0,209.36742186546326,363,211265,485
1,234.2235884666443,363,213324,547
