seed,duration,num_tries,num_input_toks,num_output_toks
0,4.762152910232544,1,528,101
1,3.026545286178589,1,528,85
