run_id,baseline,baseline_seed,rewiring_target_reached,evidence_type,density,avg_clustering_coef,prop_nodes_lcc,global_efficiency,num_components,modularity,radius_lcc,diameter_lcc,avg_shortest_path_lcc,coleman_gender,coleman_race/ethnicity,coleman_religion,coleman_political affiliation,age_assortativity
global_gpt-4.1-mini_culture_brazil_0,uniform_edge_count,0,True,offline_synthetic_control,0.0563265306122449,0.011333333333333332,0.88,0.2789941690962117,7,0.46891409367779885,4,8,3.395348837209302,-0.045830639948287025,-0.0226185144464519,-0.03480922309464073,-0.30852842809364556,0.12051375470935143
global_gpt-4.1-mini_culture_brazil_0,equal_weight_demographic_similarity,0,True,offline_synthetic_control,0.0563265306122449,0.42400000000000004,0.52,0.12405053449951389,11,0.7602394454946438,4,8,3.8492307692307692,0.9419353794353795,0.8654536518164577,0.868037211949803,0.878606485941012,0.15273362872399737
global_gpt-4.1-mini_culture_brazil_0,degree_preserving_rewire,0,True,offline_synthetic_control,0.0563265306122449,0.03,0.98,0.3034305150631705,2,0.5586011342155008,5,8,3.927721088435374,0.041634919348301845,0.0952333542112496,-0.11667307912979502,-0.3447940947940948,-0.20316579967360282
global_gpt-4.1-mini_culture_brazil_1,uniform_edge_count,0,True,offline_synthetic_control,0.04816326530612245,0.011333333333333332,0.86,0.24492063492063468,8,0.5061763860959494,5,9,3.776301218161683,-0.22294429708222813,0.23684657475030138,-0.16244155230330348,-0.09329986253063174,0.08113826655230319
global_gpt-4.1-mini_culture_brazil_1,equal_weight_demographic_similarity,0,True,offline_synthetic_control,0.04816326530612245,0.5073333333333333,0.26,0.06978231292517008,17,0.8205975294455614,3,5,2.6153846153846154,0.9659930465015212,,0.9470336244723826,0.9646469968387775,0.061466876545683787
global_gpt-4.1-mini_culture_brazil_1,degree_preserving_rewire,0,True,offline_synthetic_control,0.04816326530612245,0.023333333333333334,1.0,0.26984486262037294,1,0.6413386957770755,6,11,4.828571428571428,-0.1581343943412909,0.06947510717377774,0.04016502249389739,0.11676245210727967,0.11115052319541792
global_gpt-4.1-mini_culture_india_0,uniform_edge_count,0,True,offline_synthetic_control,0.04979591836734694,0.011333333333333332,0.86,0.2507560738581147,8,0.4791722655200215,5,8,3.661129568106312,-0.12009236283429833,-0.07052217022074546,-0.1148197032891611,0.047606975573077207,0.08803803864013668
global_gpt-4.1-mini_culture_india_0,equal_weight_demographic_similarity,0,True,offline_synthetic_control,0.04979591836734694,0.4893333333333334,0.26,0.0720136054421769,16,0.8095941951088417,3,5,2.4743589743589745,0.9671588612266578,,0.9238491889725285,0.965915621022004,0.11230312106964607
global_gpt-4.1-mini_culture_india_0,degree_preserving_rewire,0,True,offline_synthetic_control,0.04979591836734694,0.04333333333333333,0.98,0.2738614129634545,2,0.6036011824778285,6,11,4.562925170068027,-0.08375757952029142,-0.02336290247324239,0.17091102445941153,-0.09583203571057822,-0.062195722361978414
global_gpt-4.1-mini_culture_india_1,uniform_edge_count,0,True,offline_synthetic_control,0.04163265306122449,0.014666666666666666,0.82,0.20344323703507292,10,0.5624759707804691,6,12,4.381707317073171,-0.1035395763656633,-0.036898998729926816,0.05265934557872926,-0.02471532091097311,-0.13925631917683634
global_gpt-4.1-mini_culture_india_1,equal_weight_demographic_similarity,0,True,offline_synthetic_control,0.04163265306122449,0.5533333333333333,0.1,0.04285714285714286,22,0.8658208381391772,1,1,1.0,1.0,,1.0,1.0,0.12197002063918529
global_gpt-4.1-mini_culture_india_1,degree_preserving_rewire,0,True,offline_synthetic_control,0.04163265306122449,0.0,0.92,0.20324324201875207,3,0.6726259131103421,8,15,6.018357487922706,-0.10025641025641023,-0.03440604949543857,-0.2742331067716762,-0.21944403114615882,0.17655258751498473
global_gpt-4.1-mini_culture_japan_0,uniform_edge_count,0,True,offline_synthetic_control,0.04979591836734694,0.011333333333333332,0.86,0.2507560738581149,8,0.4899220639613008,5,8,3.661129568106312,-0.116634891688771,-0.018312397422737343,0.11637018895083409,-0.05681246857717446,-0.008209489012043238
global_gpt-4.1-mini_culture_japan_0,equal_weight_demographic_similarity,0,True,offline_synthetic_control,0.04979591836734694,0.4893333333333334,0.26,0.0720136054421769,16,0.8095941951088417,3,5,2.4743589743589745,0.9671588612266578,,0.9238491889725285,0.965915621022004,0.11230312106964607
global_gpt-4.1-mini_culture_japan_0,degree_preserving_rewire,0,True,offline_synthetic_control,0.04979591836734694,0.027999999999999997,0.98,0.2786128927761589,2,0.5752485890889546,6,10,4.404761904761905,-0.01965111391340902,0.2473880856690501,-0.0816554740069556,-0.24859387923904058,-0.13028694965272197
global_gpt-4.1-mini_culture_japan_1,uniform_edge_count,0,True,offline_synthetic_control,0.03836734693877551,0.014666666666666666,0.7,0.16191707159054047,13,0.5636034404708012,5,10,4.038655462184874,0.18853403018929693,0.007015414861596677,-0.052689145136962975,0.013015291586720157,0.031116293402576378
global_gpt-4.1-mini_culture_japan_1,equal_weight_demographic_similarity,0,True,offline_synthetic_control,0.03836734693877551,0.5133333333333333,0.1,0.04081632653061224,23,0.8619284744228158,1,1,1.0,1.0,,1.0,1.0,0.2686696568638283
global_gpt-4.1-mini_culture_japan_1,degree_preserving_rewire,0,True,offline_synthetic_control,0.03836734693877551,0.0,0.68,0.13872731350282339,4,0.7589406971480307,8,15,5.926916221033868,-0.02327201783723522,-0.027085650313637157,-0.07017229303344312,0.018139661756682943,-0.10575101063972797
global_gpt-4.1-mini_culture_us_0,uniform_edge_count,0,True,offline_synthetic_control,0.05061224489795919,0.011333333333333332,0.86,0.25281632653061215,8,0.4936264308012487,5,8,3.6334440753045403,0.09059829059829058,-0.09847248077975167,-0.012036545829649303,0.09238310708898947,0.06272287409555682
global_gpt-4.1-mini_culture_us_0,equal_weight_demographic_similarity,0,True,offline_synthetic_control,0.05061224489795919,0.4693333333333334,0.26,0.07336054421768709,16,0.7981269510926117,3,5,2.3333333333333335,0.9676879617557584,,0.900545905707196,0.9662908013971843,0.12743179042525601
global_gpt-4.1-mini_culture_us_0,degree_preserving_rewire,0,True,offline_synthetic_control,0.05061224489795919,0.008666666666666666,0.96,0.26656586270872124,3,0.5515088449531738,6,12,4.6453900709219855,0.1594392197840474,0.035024561992152016,-0.10302797049340831,-0.1396967873499816,0.1074900740849935
global_gpt-4.1-mini_culture_us_1,uniform_edge_count,0,True,offline_synthetic_control,0.04816326530612245,0.011333333333333332,0.86,0.24492063492063537,8,0.5008618213157139,5,9,3.776301218161683,-0.1581343943412909,0.15740881060070194,-0.013331000796438626,0.036998491704374095,-0.04898971223743749
global_gpt-4.1-mini_culture_us_1,equal_weight_demographic_similarity,0,True,offline_synthetic_control,0.04816326530612245,0.5073333333333333,0.26,0.06978231292517008,17,0.8205975294455614,3,5,2.6153846153846154,0.9659930465015212,,0.9470336244723826,0.9646469968387775,0.061466876545683787
global_gpt-4.1-mini_culture_us_1,degree_preserving_rewire,0,True,offline_synthetic_control,0.04816326530612245,0.024285714285714285,1.0,0.2640881091697426,1,0.6291295604711291,7,14,5.164081632653061,0.11436781609195398,-0.056745862224488554,0.16722965263671868,-0.12656246543218072,0.05217637924880462
global_gpt-4.1-mini_culture_us_lang_english_0,uniform_edge_count,0,True,offline_synthetic_control,0.053061224489795916,0.011333333333333332,0.88,0.26741690962099274,7,0.49893491124260364,5,8,3.580338266384778,-0.007957559681697618,-0.07056953216069034,0.021177900440573258,-0.23278840072008952,-0.08953500874299049
global_gpt-4.1-mini_culture_us_lang_english_0,equal_weight_demographic_similarity,0,True,offline_synthetic_control,0.053061224489795916,0.4426666666666667,0.26,0.08444897959183678,14,0.7863905325443786,3,5,2.230769230769231,0.9691671083331811,,0.8606565835598095,0.9359935897435897,0.1390010082136721
global_gpt-4.1-mini_culture_us_lang_english_0,degree_preserving_rewire,0,True,offline_synthetic_control,0.053061224489795916,0.0,1.0,0.29497343699384626,1,0.5528994082840237,5,10,4.370612244897959,-0.04846542346542346,-0.01037588948622941,0.11119375618819444,-0.09769328705829064,-0.2138398759582389
global_gpt-4.1-mini_culture_us_lang_english_1,uniform_edge_count,0,True,offline_synthetic_control,0.0653061224489796,0.011333333333333332,0.9,0.31470748299320056,5,0.43671875,4,6,3.0727272727272728,-0.005836981446737555,-0.1362451362675106,-0.049318100551497185,-0.005244755244755303,-0.08882230889828907
global_gpt-4.1-mini_culture_us_lang_english_1,equal_weight_demographic_similarity,0,True,offline_synthetic_control,0.0653061224489796,0.4597142857142858,0.52,0.15186394557823077,9,0.7153125000000001,3,6,2.809230769230769,0.84972579015731,0.8161319515018284,0.8639061270385084,0.8174738133754527,0.2589088200102761
global_gpt-4.1-mini_culture_us_lang_english_1,degree_preserving_rewire,0,True,offline_synthetic_control,0.0653061224489796,0.08278787878787877,1.0,0.3555772594752235,1,0.48921875000000004,5,8,3.4122448979591837,-0.1335802751465402,-0.10569559550645538,0.035878977856435436,0.2732888953001471,-0.13133328983999876
global_gpt-4.1-mini_culture_us_lang_hindi_0,uniform_edge_count,0,True,offline_synthetic_control,0.02857142857142857,0.0,0.32,0.0645053449951409,18,0.726938775510204,4,7,3.158333333333333,-0.035067873303167435,-0.415838074360179,-0.09008350830311129,-0.15007541478129718,0.02306265559438069
global_gpt-4.1-mini_culture_us_lang_hindi_0,equal_weight_demographic_similarity,0,True,offline_synthetic_control,0.02857142857142857,0.4,0.1,0.03197278911564626,27,0.8571428571428572,1,2,1.2,1.0,,1.0,1.0,0.6131211456174976
global_gpt-4.1-mini_culture_us_lang_hindi_0,degree_preserving_rewire,0,True,offline_synthetic_control,0.02857142857142857,0.0,0.16,0.04378231292517006,15,0.8930612244897959,3,6,2.8214285714285716,0.02157430383236833,0.09590077502572926,0.07840592670141844,-0.20864350703060378,-0.31346142369567437
global_gpt-4.1-mini_culture_us_lang_hindi_1,uniform_edge_count,0,True,offline_synthetic_control,0.04244897959183674,0.011333333333333332,0.82,0.21120149011985617,10,0.5428994082840237,5,9,4.071951219512195,-0.043776146162383685,0.032857193220537505,0.05988179737242004,-0.08486141544612304,-0.02876268422085917
global_gpt-4.1-mini_culture_us_lang_hindi_1,equal_weight_demographic_similarity,0,True,offline_synthetic_control,0.04244897959183674,0.5566666666666668,0.1,0.04326530612244898,22,0.8646449704142014,1,1,1.0,1.0,,1.0,1.0,0.08967846139084615
global_gpt-4.1-mini_culture_us_lang_hindi_1,degree_preserving_rewire,0,True,offline_synthetic_control,0.04244897959183674,0.0,0.96,0.21002295436989277,2,0.6767751479289942,9,16,6.516843971631205,0.00701385870877394,0.048862130045907934,-0.10000549346899097,-0.0016049382716049887,0.04961492317814143
global_gpt-4.1-mini_culture_us_lang_japanese_0,uniform_edge_count,0,True,offline_synthetic_control,0.035918367346938776,0.014666666666666666,0.66,0.14247395235150304,14,0.5989152892561984,6,11,4.2272727272727275,0.03268332601492954,0.08110718010199838,0.017487888455630374,-0.13306519188872126,-0.05852386896217562
global_gpt-4.1-mini_culture_us_lang_japanese_0,equal_weight_demographic_similarity,0,True,offline_synthetic_control,0.035918367346938776,0.4600000000000001,0.1,0.03959183673469388,23,0.8605371900826445,1,1,1.0,1.0,,1.0,1.0,0.35404511095595154
global_gpt-4.1-mini_culture_us_lang_japanese_0,degree_preserving_rewire,0,True,offline_synthetic_control,0.035918367346938776,0.04666666666666666,0.42,0.09224104013899921,10,0.768595041322314,6,11,4.295238095238095,0.040161001788908766,0.08834609930928887,-0.10702141347302643,0.1745102723363593,-0.138926936883228
global_gpt-4.1-mini_culture_us_lang_japanese_1,uniform_edge_count,0,True,offline_synthetic_control,0.07020408163265306,0.016666666666666666,0.94,0.34414382896015966,4,0.40819361817198485,4,7,3.0693802035152635,0.2773330906190946,-0.06777210053355597,-0.014986035529016457,-0.07780167566351771,-0.06682236322957107
global_gpt-4.1-mini_culture_us_lang_japanese_1,equal_weight_demographic_similarity,0,True,offline_synthetic_control,0.07020408163265306,0.432047619047619,0.78,0.23362099125364397,7,0.6612358031368308,4,7,3.4817813765182186,0.8136474185254673,0.7989173930441741,0.8171679226786753,0.8327299195809116,0.2869423568531714
global_gpt-4.1-mini_culture_us_lang_japanese_1,degree_preserving_rewire,0,True,offline_synthetic_control,0.07020408163265306,0.10750216450216449,1.0,0.3755102040816387,1,0.4908734451054624,4,6,3.1648979591836737,0.030815822261310175,0.057691337404527004,-0.13284687922939217,0.16141338336460292,-0.017658811454743954
global_gpt-4.1-mini_culture_us_lang_spanish_0,uniform_edge_count,0,True,offline_synthetic_control,0.09959183673469388,0.04457142857142857,1.0,0.44721088435374523,1,0.3419443697930664,3,5,2.5795918367346937,0.12773350079336776,0.07001305927390243,-0.04906971335542765,-0.15854332449160033,-0.1612296555947524
global_gpt-4.1-mini_culture_us_lang_spanish_0,equal_weight_demographic_similarity,0,True,offline_synthetic_control,0.09959183673469388,0.39401587301587293,0.98,0.3713051506316857,2,0.542629669443698,4,8,3.3273809523809526,0.7368642286675073,0.6823237191918347,0.6930024873573261,0.784395340870161,0.4891457903530611
global_gpt-4.1-mini_culture_us_lang_spanish_0,degree_preserving_rewire,0,True,offline_synthetic_control,0.09959183673469388,0.08372243442831678,1.0,0.4494965986394609,1,0.33022037086804623,3,5,2.5820408163265305,0.030125996636163544,-0.027097453711890245,0.01716842937833169,-0.14687318552289208,0.00697822963038464
global_gpt-4.1-mini_culture_us_lang_spanish_1,uniform_edge_count,0,True,offline_synthetic_control,0.04163265306122449,0.014666666666666666,0.82,0.203443237035073,10,0.5469050365244137,6,12,4.381707317073171,-0.10018993352326687,0.07588135313684723,0.12867703176258571,0.016465560583207563,-0.03128076850152402
global_gpt-4.1-mini_culture_us_lang_spanish_1,equal_weight_demographic_similarity,0,True,offline_synthetic_control,0.04163265306122449,0.5533333333333333,0.1,0.04285714285714286,22,0.8658208381391772,1,1,1.0,1.0,,1.0,1.0,0.12197002063918529
global_gpt-4.1-mini_culture_us_lang_spanish_1,degree_preserving_rewire,0,True,offline_synthetic_control,0.04163265306122449,0.0,0.86,0.1964915311445919,3,0.7191464821222606,7,13,5.382059800664452,0.1739250111590537,0.21362565315981458,-2.217667014305265e-05,-0.1407702226851163,0.12854552334954217
global_gpt-4.1-nano_culture_brazil_0,uniform_edge_count,0,True,offline_synthetic_control,0.05795918367346939,0.011333333333333332,0.9,0.29085228377065303,6,0.465681412418171,4,8,3.401010101010101,-0.19302617096734745,-0.2366420716347644,-0.06586917562724019,0.037912087912087854,0.0683695299837929
global_gpt-4.1-nano_culture_brazil_0,equal_weight_demographic_similarity,0,True,offline_synthetic_control,0.05795918367346939,0.43,0.52,0.13442176870748263,11,0.7465780599087483,4,6,3.0923076923076924,0.9153456727905804,0.8504608254176056,0.8716319522771135,0.8808459346920887,0.15920648084110126
global_gpt-4.1-nano_culture_brazil_0,degree_preserving_rewire,0,True,offline_synthetic_control,0.05795918367346939,0.09760317460317464,0.62,0.1868843537414959,20,0.29230311446141644,3,6,2.4408602150537635,-0.14239561607982665,-0.0819625886820367,-0.09674005568799965,-0.18910256410256407,-0.1408022083531388
global_gpt-4.1-nano_culture_brazil_1,uniform_edge_count,0,True,offline_synthetic_control,0.07428571428571429,0.044571428571428574,0.94,0.35192614188532995,4,0.3990460089361188,4,7,2.9990749306197966,-0.06365007541478127,0.03264688838123715,-0.14294971931348993,-0.062267519714328264,0.0335937604662559
global_gpt-4.1-nano_culture_brazil_1,equal_weight_demographic_similarity,0,True,offline_synthetic_control,0.07428571428571429,0.40533333333333327,0.78,0.24188532555879486,7,0.6243811133921024,4,7,3.349527665317139,0.8018777048722603,0.8031228969017682,0.7746383296856736,0.8199609866276533,0.33151778631549406
global_gpt-4.1-nano_culture_brazil_1,degree_preserving_rewire,0,True,offline_synthetic_control,0.07428571428571429,0.46569862490450725,0.98,0.5036734693877558,2,0.2927182707402488,2,3,2.006802721088435,-0.10220762355816979,-0.15205824548873967,-0.09951357566319818,-0.10358160358160354,0.0760958478116848
global_gpt-4.1-nano_culture_india_0,uniform_edge_count,0,True,offline_synthetic_control,0.052244897959183675,0.011333333333333332,0.88,0.2641078717201171,7,0.5078125,5,8,3.6353065539112053,-0.16168717322563475,-0.04047164872015538,0.05739322233010872,-0.0032051282051282146,0.0920429920987466
global_gpt-4.1-nano_culture_india_0,equal_weight_demographic_similarity,0,True,offline_synthetic_control,0.052244897959183675,0.44800000000000006,0.26,0.08351020408163269,14,0.7879638671875,3,5,2.3333333333333335,0.9686984371961127,,0.8808255606011566,0.9352991452991453,0.13906946696323205
global_gpt-4.1-nano_culture_india_0,degree_preserving_rewire,0,True,offline_synthetic_control,0.052244897959183675,0.09397835497835497,0.74,0.23359183673469336,14,0.407470703125,4,6,2.7417417417417416,-0.13252876156101961,-0.004344444650230303,-0.050825112469487,-0.12860576923076925,-0.06782472364388786
global_gpt-4.1-nano_culture_india_1,uniform_edge_count,0,True,offline_synthetic_control,0.036734693877551024,0.014666666666666666,0.66,0.14621544895014268,14,0.5617283950617283,6,11,4.058712121212121,-0.12084332457909891,,0.056121953053503024,-0.06871389480085133,0.22461445314520773
global_gpt-4.1-nano_culture_india_1,equal_weight_demographic_similarity,0,True,offline_synthetic_control,0.036734693877551024,0.45000000000000007,0.1,0.04,23,0.8602469135802471,1,1,1.0,1.0,,1.0,1.0,0.3203495372466126
global_gpt-4.1-nano_culture_india_1,degree_preserving_rewire,0,True,offline_synthetic_control,0.036734693877551024,0.035194910352805094,0.72,0.23551020408163298,9,0.5814814814814816,2,4,2.4444444444444446,0.1521646181924928,0.18125481685035932,0.10433835210774128,-0.025498575498575544,0.02496109081814058
global_gpt-4.1-nano_culture_japan_0,uniform_edge_count,0,True,offline_synthetic_control,0.019591836734693877,0.0,0.2,0.03453061224489795,26,0.8098958333333333,3,6,2.7777777777777777,-0.18782051282051285,-0.130047394451852,-0.04734606845420483,-0.11721113127646704,0.1574080138323094
global_gpt-4.1-nano_culture_japan_0,equal_weight_demographic_similarity,0,True,offline_synthetic_control,0.019591836734693877,0.20333333333333337,0.1,0.022040816326530613,32,0.8333333333333335,1,2,1.3,1.0,,1.0,1.0,0.8114596181486434
global_gpt-4.1-nano_culture_japan_0,degree_preserving_rewire,0,True,offline_synthetic_control,0.019591836734693877,0.024,0.38,0.060571428571428526,32,0.4079861111111111,3,6,2.9766081871345027,0.022674391549164674,,-0.15048673410956295,-0.2603678929765887,-0.3295887036711221
global_gpt-4.1-nano_culture_japan_1,uniform_edge_count,0,True,offline_synthetic_control,0.0326530612244898,0.015333333333333332,0.6,0.11414706835114957,15,0.6434375,5,10,4.652873563218391,0.10804030484881551,,-0.09216116557607106,-0.07145514060407673,0.18977160731493198
global_gpt-4.1-nano_culture_japan_1,equal_weight_demographic_similarity,0,True,offline_synthetic_control,0.0326530612244898,0.44333333333333336,0.1,0.036326530612244896,25,0.8525,1,1,1.0,1.0,,1.0,1.0,0.48041820127826373
global_gpt-4.1-nano_culture_japan_1,degree_preserving_rewire,0,True,offline_synthetic_control,0.0326530612244898,0.05466666666666666,0.38,0.08034013605442185,32,0.2253125,3,4,2.0233918128654973,-0.05940170940170939,0.11567453068183793,-0.028406002599550985,-0.01400091809298977,0.01841896782289593
global_gpt-4.1-nano_culture_us_0,uniform_edge_count,0,True,offline_synthetic_control,0.07183673469387755,0.023904761904761904,0.94,0.34743634596696243,4,0.41057592975206614,4,7,3.037927844588344,-0.028380630201066064,0.03085575468659124,-0.20377257151450706,-0.2639747045407423,-0.0025064153268989577
global_gpt-4.1-nano_culture_us_0,equal_weight_demographic_similarity,0,True,offline_synthetic_control,0.07183673469387755,0.422047619047619,0.78,0.23647035957240026,7,0.6415934917355373,4,7,3.4358974358974357,0.8178850135371873,0.8006664370326305,0.7857320619336425,0.835482240906865,0.31317478127000853
global_gpt-4.1-nano_culture_us_0,degree_preserving_rewire,0,True,offline_synthetic_control,0.07183673469387755,0.12059340659340659,0.76,0.279319727891157,13,0.30100723140495866,3,4,2.3613086770981506,-0.0757736230586909,0.11979098292808554,-0.1382577293393233,-0.0055456171735242255,0.027676410906915312
global_gpt-4.1-nano_culture_us_1,uniform_edge_count,0,True,offline_synthetic_control,0.037551020408163265,0.014666666666666666,0.66,0.1504586977648197,14,0.5737240075614367,5,10,3.850378787878788,-0.10272226563953706,0.14422124348460597,-0.03582716728607842,-0.4379997079332628,-0.18626529163374736
global_gpt-4.1-nano_culture_us_1,equal_weight_demographic_similarity,0,True,offline_synthetic_control,0.037551020408163265,0.4533333333333333,0.1,0.04040816326530612,23,0.8582230623818526,1,1,1.0,1.0,,1.0,1.0,0.2855704233720078
global_gpt-4.1-nano_culture_us_1,degree_preserving_rewire,0,True,offline_synthetic_control,0.037551020408163265,0.03947619047619048,0.64,0.15336248785228315,18,0.49314744801512284,4,8,3.3830645161290325,0.08345035626982886,-0.20875787385892586,-0.08168412133465897,0.06503145348195563,0.08843743510278156
global_gpt-4.1-nano_culture_us_lang_english_0,uniform_edge_count,0,True,offline_synthetic_control,0.022040816326530613,0.0,0.22,0.04130612244897959,23,0.8100137174211248,3,6,2.9454545454545453,-0.03395989974937344,,-0.3524517207897292,0.28418160786581836,-0.042983680949471866
global_gpt-4.1-nano_culture_us_lang_english_0,equal_weight_demographic_similarity,0,True,offline_synthetic_control,0.022040816326530613,0.2766666666666666,0.1,0.024081632653061225,31,0.8422496570644717,1,2,1.3,1.0,,1.0,1.0,0.7714333570391031
global_gpt-4.1-nano_culture_us_lang_english_0,degree_preserving_rewire,0,True,offline_synthetic_control,0.022040816326530613,0.04800000000000001,0.36,0.0577259475218659,29,0.5164609053497943,4,8,3.156862745098039,0.10967878275570576,0.13878377437931683,0.0006856471202820527,-0.034271284271284286,-0.4192257812003482
global_gpt-4.1-nano_culture_us_lang_english_1,uniform_edge_count,0,True,offline_synthetic_control,0.03836734693877551,0.014666666666666666,0.7,0.16191707159054045,13,0.560208239022182,5,10,4.038655462184874,0.10351882160392803,-0.12697252814169152,-0.16459567748501894,0.01205057406161869,-0.22340120571934854
global_gpt-4.1-nano_culture_us_lang_english_1,equal_weight_demographic_similarity,0,True,offline_synthetic_control,0.03836734693877551,0.5133333333333333,0.1,0.04081632653061224,23,0.8619284744228158,1,1,1.0,1.0,,1.0,1.0,0.2686696568638283
global_gpt-4.1-nano_culture_us_lang_english_1,degree_preserving_rewire,0,False,offline_synthetic_control,0.03836734693877551,0.0,0.96,0.47959183673469385,3,0.0,1,2,1.9583333333333333,-0.39981684981684995,0.17239721975746825,-0.1777827906860165,-0.41778149386845054,-0.477987677324615
global_gpt-4.1-nano_culture_us_lang_hindi_0,uniform_edge_count,0,True,offline_synthetic_control,0.036734693877551024,0.014666666666666666,0.66,0.1462154489501425,14,0.5693827160493827,6,11,4.058712121212121,0.058491607353556914,,0.1992397703498273,-0.22548346604950376,-0.19095334013302112
global_gpt-4.1-nano_culture_us_lang_hindi_0,equal_weight_demographic_similarity,0,True,offline_synthetic_control,0.036734693877551024,0.45000000000000007,0.1,0.04,23,0.8602469135802471,1,1,1.0,1.0,,1.0,1.0,0.3203495372466126
global_gpt-4.1-nano_culture_us_lang_hindi_0,degree_preserving_rewire,0,True,offline_synthetic_control,0.036734693877551024,0.0,0.78,0.3155102040816328,5,0.3622222222222221,2,4,2.0917678812415654,-0.39304915514592936,,-0.22787342001928262,-0.29400143678160917,-0.10967460631318683
global_gpt-4.1-nano_culture_us_lang_hindi_1,uniform_edge_count,0,True,offline_synthetic_control,0.017959183673469388,0.0,0.18,0.029292517006802726,28,0.8171487603305786,3,6,2.7777777777777777,0.04311856234933158,,-0.14979321753515304,0.08799533799533792,-0.13143507865475154
global_gpt-4.1-nano_culture_us_lang_hindi_1,equal_weight_demographic_similarity,0,True,offline_synthetic_control,0.017959183673469388,0.20333333333333337,0.1,0.02,34,0.8099173553719008,1,2,1.3,1.0,,1.0,1.0,0.8159591201191388
global_gpt-4.1-nano_culture_us_lang_hindi_1,degree_preserving_rewire,0,True,offline_synthetic_control,0.017959183673469388,0.07122222222222221,0.36,0.06272108843537412,33,0.32128099173553715,2,4,2.3006535947712417,-0.28563218390804596,,-0.2605459057071961,-0.10777243589743585,-0.11059110093218866
global_gpt-4.1-nano_culture_us_lang_japanese_0,uniform_edge_count,0,True,offline_synthetic_control,0.022040816326530613,0.0,0.22,0.04130612244897958,23,0.8100137174211247,3,6,2.9454545454545453,0.10967878275570576,0.015847541062460793,-0.14902933878265945,-0.15176490176490182,0.04929177084797929
global_gpt-4.1-nano_culture_us_lang_japanese_0,equal_weight_demographic_similarity,0,True,offline_synthetic_control,0.022040816326530613,0.2766666666666666,0.1,0.024081632653061225,31,0.8422496570644717,1,2,1.3,1.0,,1.0,1.0,0.7714333570391031
global_gpt-4.1-nano_culture_us_lang_japanese_0,degree_preserving_rewire,0,False,offline_synthetic_control,0.022040816326530613,0.0,0.56,0.1653061224489796,23,1.1102230246251565e-16,1,2,1.9285714285714286,-0.3760162601626017,,-0.206782464846981,-0.3760162601626017,-0.008415915542056663
global_gpt-4.1-nano_culture_us_lang_japanese_1,uniform_edge_count,0,True,offline_synthetic_control,0.03836734693877551,0.014666666666666666,0.7,0.16191707159054042,13,0.5636034404708012,5,10,4.038655462184874,-0.255507032866814,-0.0012088725363391638,0.2200644458708975,0.14377289377289384,0.247681454856314
global_gpt-4.1-nano_culture_us_lang_japanese_1,equal_weight_demographic_similarity,0,True,offline_synthetic_control,0.03836734693877551,0.5133333333333333,0.1,0.04081632653061224,23,0.8619284744228158,1,1,1.0,1.0,,1.0,1.0,0.2686696568638283
global_gpt-4.1-nano_culture_us_lang_japanese_1,degree_preserving_rewire,0,True,offline_synthetic_control,0.03836734693877551,0.05533333333333333,0.52,0.12219339164237131,7,0.7295156179266638,5,9,4.046153846153846,0.0025909987448448635,-0.09363919480835821,0.054973874800782724,-0.10878787878787878,-0.320429449052607
global_gpt-4.1-nano_culture_us_lang_spanish_1,uniform_edge_count,0,True,offline_synthetic_control,0.037551020408163265,0.014666666666666666,0.66,0.15045869776481993,14,0.5744328922495273,5,10,3.850378787878788,-0.18140933671780154,-0.007459797676371088,0.1415669739823949,-0.3564329421574759,0.0285273654448591
global_gpt-4.1-nano_culture_us_lang_spanish_1,equal_weight_demographic_similarity,0,True,offline_synthetic_control,0.037551020408163265,0.4533333333333333,0.1,0.04040816326530612,23,0.8582230623818526,1,1,1.0,1.0,,1.0,1.0,0.2855704233720078
global_gpt-4.1-nano_culture_us_lang_spanish_1,degree_preserving_rewire,0,True,offline_synthetic_control,0.037551020408163265,0.07893557422969187,0.78,0.30789115646258647,12,0.29300567107750475,2,4,2.0715249662618085,-0.2460103998565537,0.2525523587361365,-0.15744804886312233,-0.210978835978836,-0.05530134701061845
global_gpt-4.1_culture_brazil_0,uniform_edge_count,0,True,offline_synthetic_control,0.09224489795918367,0.0460952380952381,0.98,0.41908843537415613,2,0.3392983005716971,4,5,2.6700680272108843,0.042542802025560544,-0.03535488108286797,0.026263430219607926,-0.11861810755616062,-0.01780309109961823
global_gpt-4.1_culture_brazil_0,equal_weight_demographic_similarity,0,True,offline_synthetic_control,0.09224489795918367,0.36817460317460304,0.94,0.3326099773242666,3,0.5702874148327982,5,9,3.5180388529139686,0.7517703560807009,0.7127756292592157,0.7151784893720378,0.7860561660561661,0.45447637602340235
global_gpt-4.1_culture_brazil_0,degree_preserving_rewire,0,True,offline_synthetic_control,0.09224489795918367,0.09765079365079364,0.98,0.4148435374149719,2,0.39172997102357276,3,6,2.7227891156462585,-0.07121299917910089,0.04592663152217405,0.014590507965300963,-0.13248953427524857,-0.07802980129066645
global_gpt-4.1_culture_brazil_1,uniform_edge_count,0,True,offline_synthetic_control,0.08979591836734693,0.04633333333333334,0.98,0.4108027210884418,2,0.37404958677685946,4,6,2.7491496598639458,-0.028956675508399587,,-0.011026202402993998,-0.05981210147876815,0.03619699989801042
global_gpt-4.1_culture_brazil_1,equal_weight_demographic_similarity,0,True,offline_synthetic_control,0.08979591836734693,0.3810793650793649,0.94,0.32924943310657945,3,0.5764462809917354,5,9,3.5448658649398705,0.7632191988531415,0.7031379047782795,0.708891608763854,0.8164805624483044,0.4469009194105385
global_gpt-4.1_culture_brazil_1,degree_preserving_rewire,0,True,offline_synthetic_control,0.08979591836734693,0.0461904761904762,1.0,0.42246258503401973,1,0.3725206611570247,4,6,2.7583673469387757,-0.11775454590390473,0.059325809497085005,0.035207928184251086,-0.1378205128205128,-0.232293917799625
global_gpt-4.1_culture_india_0,uniform_edge_count,0,True,offline_synthetic_control,0.053877551020408164,0.011333333333333332,0.88,0.26912342079689083,7,0.49035812672176315,5,8,3.5549682875264272,-0.09312300602623183,-0.026090175200515115,0.09690944535215945,-0.21458111780692427,0.008915203126887967
global_gpt-4.1_culture_india_0,equal_weight_demographic_similarity,0,True,offline_synthetic_control,0.053877551020408164,0.4346666666666667,0.26,0.08801360544217691,13,0.7870752984389349,3,5,2.230769230769231,0.9696475022561979,0.8637508654387488,0.8629210043448086,0.9366541588492807,0.14197882142819077
global_gpt-4.1_culture_india_0,degree_preserving_rewire,0,True,offline_synthetic_control,0.053877551020408164,0.0,0.98,0.29557304826692704,2,0.5578512396694215,6,9,4.101190476190476,-0.12642556448526596,0.16864886051038758,-0.03688964492372893,-0.10375753278979084,0.03190742348850342
global_gpt-4.1_culture_india_1,uniform_edge_count,0,True,offline_synthetic_control,0.053877551020408164,0.011333333333333332,0.88,0.2691234207968917,7,0.49242424242424243,5,8,3.5549682875264272,-0.08522649473427278,0.00946538035504043,-0.11696841589314709,0.008547008547008572,0.015278948507191685
global_gpt-4.1_culture_india_1,equal_weight_demographic_similarity,0,True,offline_synthetic_control,0.053877551020408164,0.4346666666666667,0.26,0.08801360544217691,13,0.7870752984389349,3,5,2.230769230769231,0.9696475022561979,0.8637508654387488,0.8629210043448086,0.9366541588492807,0.14197882142819077
global_gpt-4.1_culture_india_1,degree_preserving_rewire,0,True,offline_synthetic_control,0.053877551020408164,0.008666666666666666,1.0,0.28715095562034476,1,0.574265381083563,6,9,4.486530612244898,-0.006023289457234238,-0.00722462898202772,-0.03479459608491865,-0.09276018099547512,-0.16513311767885253
global_gpt-4.1_culture_japan_0,uniform_edge_count,0,True,offline_synthetic_control,0.08326530612244898,0.03190476190476191,0.96,0.38651700680272666,3,0.3768262206843521,4,6,2.8058510638297873,-0.139078127622602,0.14730094072581215,-0.08457212667446261,0.0559142984674899,0.0971254173595134
global_gpt-4.1_culture_japan_0,equal_weight_demographic_similarity,0,True,offline_synthetic_control,0.08326530612244898,0.3677142857142856,0.92,0.3096478781989013,4,0.5926566705113417,5,9,3.63768115942029,0.7837710768836406,0.7558530408665214,0.7194573341068611,0.8211759504862954,0.3792489588113558
global_gpt-4.1_culture_japan_0,degree_preserving_rewire,0,True,offline_synthetic_control,0.08326530612244898,0.06525396825396826,0.96,0.3876598639455838,3,0.42248173779315645,3,6,2.799645390070922,-0.12221511546225569,0.10330600711347004,-0.06042292919613275,-0.03125000000000004,-0.010887300402806456
global_gpt-4.1_culture_japan_1,uniform_edge_count,0,True,offline_synthetic_control,0.053061224489795916,0.011333333333333332,0.88,0.267416909620992,7,0.4791715976331361,5,8,3.580338266384778,-0.14600228406198557,0.2616189954242567,0.021628851154467832,-0.0309954751131222,-0.05441165971252556
global_gpt-4.1_culture_japan_1,equal_weight_demographic_similarity,0,True,offline_synthetic_control,0.053061224489795916,0.4426666666666667,0.26,0.08444897959183678,14,0.7863905325443786,3,5,2.230769230769231,0.9691671083331811,,0.8606565835598095,0.9359935897435897,0.1390010082136721
global_gpt-4.1_culture_japan_1,degree_preserving_rewire,0,True,offline_synthetic_control,0.053061224489795916,0.010666666666666666,1.0,0.2880249433106586,1,0.5757396449704142,6,10,4.460408163265306,-0.017098573068722325,0.011602132491792573,-0.04188248003916209,-0.017098573068722325,-0.17044746140062905
global_gpt-4.1_culture_us_0,uniform_edge_count,0,True,offline_synthetic_control,0.06938775510204082,0.016666666666666666,0.94,0.34191253644315245,4,0.41363321799307956,4,7,3.091581868640148,-0.06365408784763622,-0.026688928111641214,0.0812241859591878,-0.038826001200583146,0.05154329498896931
global_gpt-4.1_culture_us_0,equal_weight_demographic_similarity,0,True,offline_synthetic_control,0.06938775510204082,0.4317142857142857,0.78,0.2319339164237119,7,0.672318339100346,4,7,3.503373819163293,0.835021927718557,0.7980066839329435,0.8154438629717655,0.8312720067993421,0.2868882411336388
global_gpt-4.1_culture_us_0,degree_preserving_rewire,0,True,offline_synthetic_control,0.06938775510204082,0.02295238095238095,0.98,0.3649601554907732,2,0.4394463667820069,4,7,3.119047619047619,-0.1376428449599182,0.06387676239419499,-0.013762694577635168,-0.20677670895784728,-0.21732680238896793
global_gpt-4.1_culture_us_1,uniform_edge_count,0,True,offline_synthetic_control,0.07428571428571429,0.044571428571428574,0.94,0.35192614188533006,4,0.4142011834319527,4,7,2.9990749306197966,0.012545340838023819,-0.07436581340218902,0.10468269832737816,0.01590150994321797,-0.030455570438230464
global_gpt-4.1_culture_us_1,equal_weight_demographic_similarity,0,True,offline_synthetic_control,0.07428571428571429,0.40533333333333327,0.78,0.24188532555879486,7,0.6243811133921024,4,7,3.349527665317139,0.8018777048722603,0.8031228969017682,0.7746383296856736,0.8199609866276533,0.33151778631549406
global_gpt-4.1_culture_us_1,degree_preserving_rewire,0,True,offline_synthetic_control,0.07428571428571429,0.05266666666666667,0.98,0.37122448979592393,2,0.45109286318077524,4,6,3.0552721088435373,-0.03859861897194265,0.14472669208694042,-0.008098532129805866,-0.1252726523810861,-0.3046216158058944
global_gpt-4.1_culture_us_lang_english_0,uniform_edge_count,0,True,offline_synthetic_control,0.053061224489795916,0.011333333333333332,0.88,0.26741690962099196,7,0.49786982248520717,5,8,3.580338266384778,-0.26704708914066755,-0.13846490286936045,-0.0708912183566562,-0.10950956064808057,-0.01900910010111242
global_gpt-4.1_culture_us_lang_english_0,equal_weight_demographic_similarity,0,True,offline_synthetic_control,0.053061224489795916,0.4426666666666667,0.26,0.08444897959183678,14,0.7863905325443786,3,5,2.230769230769231,0.9691671083331811,,0.8606565835598095,0.9359935897435897,0.1390010082136721
global_gpt-4.1_culture_us_lang_english_0,degree_preserving_rewire,0,True,offline_synthetic_control,0.053061224489795916,0.041523809523809525,0.88,0.26008163265306156,7,0.5079289940828403,5,8,3.7283298097251585,-0.11772004086994599,,0.04274308545531888,-0.05930267715707349,-0.06520900160384957
global_gpt-4.1_culture_us_lang_english_1,uniform_edge_count,0,True,offline_synthetic_control,0.08326530612244898,0.03190476190476191,0.96,0.38651700680272694,3,0.37423106497500963,4,6,2.8058510638297873,-0.07091346153846156,0.00872219976664802,0.08978294993916543,-0.07074391126115269,-0.11706837796494309
global_gpt-4.1_culture_us_lang_english_1,equal_weight_demographic_similarity,0,True,offline_synthetic_control,0.08326530612244898,0.3677142857142856,0.92,0.3096478781989013,4,0.5926566705113417,5,9,3.63768115942029,0.7837710768836406,0.7558530408665214,0.7194573341068611,0.8211759504862954,0.3792489588113558
global_gpt-4.1_culture_us_lang_english_1,degree_preserving_rewire,0,True,offline_synthetic_control,0.08326530612244898,0.06757142857142857,0.98,0.3936734693877608,2,0.40537293348712033,4,5,2.8511904761904763,0.01469680681637204,0.08663787254032038,-0.052493205719012226,0.07265601428297144,-0.1847543779086756
global_gpt-4.1_culture_us_lang_hindi_0,uniform_edge_count,0,True,offline_synthetic_control,0.053877551020408164,0.011333333333333332,0.88,0.26912342079689144,7,0.5037878787878789,5,8,3.5549682875264272,-0.18523435696144075,-0.21125516802691383,-0.06662188756738258,0.011965811965811979,0.03565279312983523
global_gpt-4.1_culture_us_lang_hindi_0,equal_weight_demographic_similarity,0,True,offline_synthetic_control,0.053877551020408164,0.4346666666666667,0.26,0.08801360544217691,13,0.7870752984389349,3,5,2.230769230769231,0.9696475022561979,0.8637508654387488,0.8629210043448086,0.9366541588492807,0.14197882142819077
global_gpt-4.1_culture_us_lang_hindi_0,degree_preserving_rewire,0,True,offline_synthetic_control,0.053877551020408164,0.09466666666666666,0.96,0.28099352121801224,3,0.6008953168044077,5,9,4.171985815602837,-0.21458111780692427,,-0.03954906105443745,0.11591892744667291,-0.06870353006875798
global_gpt-4.1_culture_us_lang_hindi_1,uniform_edge_count,0,True,offline_synthetic_control,0.061224489795918366,0.011333333333333332,0.9,0.3027560738581173,5,0.4447111111111111,4,7,3.217171717171717,-0.2295063281905387,,-0.054217429429653546,-0.07144170989221206,-0.15720082633990104
global_gpt-4.1_culture_us_lang_hindi_1,equal_weight_demographic_similarity,0,True,offline_synthetic_control,0.061224489795918366,0.45066666666666677,0.52,0.1432517006802717,9,0.7395555555555555,4,6,3.006153846153846,0.8931623931623931,0.8438543312935214,0.856962086730055,0.8590663722242668,0.21144725526425567
global_gpt-4.1_culture_us_lang_hindi_1,degree_preserving_rewire,0,True,offline_synthetic_control,0.061224489795918366,0.08333333333333331,1.0,0.3245519922254649,1,0.5533333333333333,5,8,3.803265306122449,-0.046349577414134105,0.06138150912538924,-0.029670730217477084,0.08927454659161974,-0.04000239703516702
global_gpt-4.1_culture_us_lang_japanese_0,uniform_edge_count,0,True,offline_synthetic_control,0.052244897959183675,0.011333333333333332,0.88,0.2641078717201169,7,0.479736328125,5,8,3.6353065539112053,-0.04357218124341414,0.02895770441644797,0.06866367827246345,-0.1954470260921874,-0.05585201513099162
global_gpt-4.1_culture_us_lang_japanese_0,equal_weight_demographic_similarity,0,True,offline_synthetic_control,0.052244897959183675,0.44800000000000006,0.26,0.08351020408163269,14,0.7879638671875,3,5,2.3333333333333335,0.9686984371961127,,0.8808255606011566,0.9352991452991453,0.13906946696323205
global_gpt-4.1_culture_us_lang_japanese_0,degree_preserving_rewire,0,True,offline_synthetic_control,0.052244897959183675,0.018666666666666665,1.0,0.29086494684453934,1,0.5699462890625,6,11,4.422857142857143,-0.03295157252827913,0.14068969138529447,-0.06563677286004929,-0.09889327197019505,-0.26285563180626775
global_gpt-4.1_culture_us_lang_japanese_1,uniform_edge_count,0,True,offline_synthetic_control,0.05959183673469388,0.011333333333333332,0.9,0.29592225461613464,5,0.4677237755676487,4,7,3.323232323232323,-0.03146774472714686,0.05916578442583725,0.0632620497921566,-0.0002658631690889979,-0.25617180891696584
global_gpt-4.1_culture_us_lang_japanese_1,equal_weight_demographic_similarity,0,True,offline_synthetic_control,0.05959183673469388,0.412,0.52,0.1379183673469384,10,0.7386001125914805,4,6,3.006153846153846,0.9176584285279937,0.83962415480026,0.8515076321527935,0.882894792060095,0.18243550169052808
global_gpt-4.1_culture_us_lang_japanese_1,degree_preserving_rewire,0,True,offline_synthetic_control,0.05959183673469388,0.03666666666666666,1.0,0.32989698736637946,1,0.5452242446988178,5,7,3.679183673469388,-0.09764796606901875,0.2128578484533909,-0.17301383690120709,0.0900029220542041,-0.18283446575018825
global_gpt-4.1_culture_us_lang_spanish_0,uniform_edge_count,0,True,offline_synthetic_control,0.17387755102040817,0.17098423798423798,1.0,0.5554421768707464,1,0.24456126429941152,3,4,2.015510204081633,0.06880240069638516,-0.00865534567303617,-0.06244787078271872,-0.1285720109249521,-0.018492533916897272
global_gpt-4.1_culture_us_lang_spanish_0,equal_weight_demographic_similarity,0,True,offline_synthetic_control,0.17387755102040817,0.5343315246844658,1.0,0.4782759961127326,1,0.4427582710661465,4,7,2.6514285714285712,0.6988468321801654,0.7083472742497221,0.492270834004705,0.6582409685176485,0.4163813304693437
global_gpt-4.1_culture_us_lang_spanish_0,degree_preserving_rewire,0,True,offline_synthetic_control,0.17387755102040817,0.16723543123543128,1.0,0.5526530612244878,1,0.2421587427538628,2,4,2.039183673469388,0.052979846373761075,0.1684968149771365,-0.05722525518507057,0.07829056057211398,-0.002404468163396487
global_gpt-4.1_culture_us_lang_spanish_1,uniform_edge_count,0,True,offline_synthetic_control,0.0963265306122449,0.046476190476190476,1.0,0.4375238095238139,1,0.35560902039643777,4,5,2.663673469387755,0.02820558887752561,0.08368812055278427,0.012888278097240403,0.03198752598752605,-0.11073297484328791
global_gpt-4.1_culture_us_lang_spanish_1,equal_weight_demographic_similarity,0,True,offline_synthetic_control,0.0963265306122449,0.4102539682539681,0.98,0.3606329770003278,2,0.5571315713875322,5,9,3.4948979591836733,0.7451021828849884,0.6894258925918975,0.7128708227810323,0.7768671311575601,0.4673900006764656
global_gpt-4.1_culture_us_lang_spanish_1,degree_preserving_rewire,0,True,offline_synthetic_control,0.0963265306122449,0.1348888888888889,1.0,0.44051700680272565,1,0.36957770755530023,4,6,2.630204081632653,0.029585262958442687,-0.030279898520673223,-0.02045996356526689,0.1317341826470276,-0.09052763649265017
iterative_gpt-4.1-mini_n5_culture_brazil_0,uniform_edge_count,0,True,offline_synthetic_control,0.1526530612244898,0.15853391053391055,1.0,0.530068027210883,1,0.2724413051559953,3,4,2.126530612244898,0.04164363723376696,-0.05429595066971769,-0.08819503711006234,0.11978277575394933,0.059814542173409084
iterative_gpt-4.1-mini_n5_culture_brazil_0,equal_weight_demographic_similarity,0,True,offline_synthetic_control,0.1526530612244898,0.494538961038961,1.0,0.4549698736637536,1,0.46498327089708025,4,7,2.797551020408163,0.7211450469000228,0.6946947951682994,0.5304377283471128,0.6645964602180157,0.48286702868648673
iterative_gpt-4.1-mini_n5_culture_brazil_0,degree_preserving_rewire,0,True,offline_synthetic_control,0.1526530612244898,0.2182926615867792,0.84,0.40564625850340286,9,0.20902799622522808,3,4,1.9779326364692218,0.022064270938567457,0.1534886237748491,-0.0838114689240245,0.11882957812591682,0.03558534459109196
iterative_gpt-4.1-mini_n5_culture_brazil_1,uniform_edge_count,0,True,offline_synthetic_control,0.19755102040816327,0.2056116106116106,1.0,0.5791836734693865,1,0.2251468478929035,2,3,1.92,-0.059885290148448074,-0.007921639502695692,0.027793714085566246,0.04805615219325184,0.033063439055521546
iterative_gpt-4.1-mini_n5_culture_brazil_1,equal_weight_demographic_similarity,0,True,offline_synthetic_control,0.19755102040816327,0.5737106213360084,1.0,0.49620796890184704,1,0.4298032921248549,4,7,2.5787755102040815,0.7185320271420922,0.7072526298509072,0.4354067130586583,0.6474547511312216,0.2969766472727013
iterative_gpt-4.1-mini_n5_culture_brazil_1,degree_preserving_rewire,0,True,offline_synthetic_control,0.19755102040816327,0.2954327724219365,0.92,0.5029251700680276,5,0.1892203401407008,2,4,1.8966183574879227,0.047601859335862355,0.12611217920410664,-0.09035807098283732,-0.05934524957081347,0.008865433613805974
iterative_gpt-4.1-mini_n5_culture_india_0,uniform_edge_count,0,True,offline_synthetic_control,0.15836734693877552,0.15481673881673882,1.0,0.5366666666666648,1,0.2705255606334361,3,4,2.0979591836734692,-0.009094183232114222,0.030948494404774395,-0.031154183228668975,-0.11616954474097332,0.06275926239206696
iterative_gpt-4.1-mini_n5_culture_india_0,equal_weight_demographic_similarity,0,True,offline_synthetic_control,0.15836734693877552,0.5042077660901189,1.0,0.45959572400389,1,0.4584838983951536,4,7,2.7779591836734694,0.7106227106227104,0.6914515995616983,0.514261737973041,0.6759755192490619,0.47183381374938527
iterative_gpt-4.1-mini_n5_culture_india_0,degree_preserving_rewire,0,True,offline_synthetic_control,0.15836734693877552,0.29290367802132505,0.84,0.4118367346938785,9,0.19623498777765963,2,4,1.9361207897793264,-0.01241358840313283,0.10535754837127997,0.013284122582035249,0.02851909994767136,-0.07474725175085817
iterative_gpt-4.1-mini_n5_culture_india_1,uniform_edge_count,0,True,offline_synthetic_control,0.20244897959183675,0.2086137196137196,1.0,0.5829931972789099,1,0.23801703954214354,2,3,1.906938775510204,-0.017757550247290317,0.04397431007431862,-0.057446333077121985,0.07861606784020579,-0.11050056901064308
iterative_gpt-4.1-mini_n5_culture_india_1,equal_weight_demographic_similarity,0,True,offline_synthetic_control,0.20244897959183675,0.5736678350888877,1.0,0.5003032069970856,1,0.4428085978147762,4,7,2.5608163265306123,0.7010884946688322,0.7121174856749297,0.43528504519216593,0.6477733862201128,0.26363123304856
iterative_gpt-4.1-mini_n5_culture_india_1,degree_preserving_rewire,0,True,offline_synthetic_control,0.20244897959183675,0.30138163298689624,0.9,0.4895918367346941,6,0.1755170395421436,2,4,1.8676767676767676,0.026586946294975492,0.1378525910951924,-0.07821541042303741,0.05144165358451075,-0.03304394276497767
iterative_gpt-4.1-mini_n5_culture_japan_0,uniform_edge_count,0,True,offline_synthetic_control,0.15591836734693879,0.15354545454545454,1.0,0.5344897959183645,1,0.2683314602121652,3,4,2.1061224489795918,-0.1741235387025772,0.025338396228056302,-0.06619463273700017,-0.008906882591093145,0.0702308859913794
iterative_gpt-4.1-mini_n5_culture_japan_0,equal_weight_demographic_similarity,0,True,offline_synthetic_control,0.15591836734693879,0.5024962814962813,1.0,0.45741885325559034,1,0.45688166442805844,4,7,2.7885714285714287,0.7057354925775977,0.6889333660712741,0.5315732420921762,0.6718115218115217,0.4761760764833806
iterative_gpt-4.1-mini_n5_culture_japan_0,degree_preserving_rewire,0,True,offline_synthetic_control,0.15591836734693879,0.24878647822765476,0.8,0.38129251700680344,11,0.18663139716564786,2,4,1.9,0.042760276940380315,,-0.026727256671091326,-0.008063427800269928,0.10733812144294458
iterative_gpt-4.1-mini_n5_culture_japan_1,uniform_edge_count,0,True,offline_synthetic_control,0.20653061224489797,0.21064280164280164,1.0,0.5870748299319716,1,0.21988314143323595,2,3,1.8906122448979592,0.01782538503346231,-0.05064819190849348,-0.023876746871642512,0.04971857410881799,-0.04135927458754574
iterative_gpt-4.1-mini_n5_culture_japan_1,equal_weight_demographic_similarity,0,True,offline_synthetic_control,0.20653061224489797,0.5736074085872848,1.0,0.5027521865889225,1,0.4335171616491431,4,7,2.5542857142857143,0.6831694790430525,0.7161527067039468,0.4401560673719454,0.6469664739732592,0.2338779797349553
iterative_gpt-4.1-mini_n5_culture_japan_1,degree_preserving_rewire,0,True,offline_synthetic_control,0.20653061224489797,0.31905024627934847,0.9,0.4956462585034013,6,0.1930275430017654,2,3,1.8313131313131312,0.07219497240956466,,-0.0773818790969015,-0.10324333503141447,0.014958044458638528
iterative_gpt-4.1-mini_n5_culture_us_0,uniform_edge_count,0,True,offline_synthetic_control,0.15428571428571428,0.15892640692640694,1.0,0.5325850340136036,1,0.26536211192295844,3,4,2.1142857142857143,-0.06572080816406206,0.0440420610439379,-0.07082857015180812,-0.09344051010717683,0.005424975931397535
iterative_gpt-4.1-mini_n5_culture_us_0,equal_weight_demographic_similarity,0,True,offline_synthetic_control,0.15428571428571428,0.5006737706737706,1.0,0.4561943634596719,1,0.43547213123932693,4,7,2.79265306122449,0.7133699633699632,0.6980026986611994,0.5258049819436434,0.6675027870680044,0.48068602609427435
iterative_gpt-4.1-mini_n5_culture_us_0,degree_preserving_rewire,0,True,offline_synthetic_control,0.15428571428571428,0.27218984283690173,0.84,0.40761904761904916,9,0.19645306682343716,2,4,1.9663182346109176,-0.039044223566695485,0.1706505849759029,-0.13958352894821519,0.024327095395643813,-0.08475079938401739
iterative_gpt-4.1-mini_n5_culture_us_1,uniform_edge_count,0,True,offline_synthetic_control,0.2016326530612245,0.21113752913752915,1.0,0.5820408163265292,1,0.21760723827631986,2,3,1.9110204081632653,-0.08114435765038175,-0.014318410180668213,-0.043880875027989145,-0.12064622042002059,-0.08139483112416776
iterative_gpt-4.1-mini_n5_culture_us_1,equal_weight_demographic_similarity,0,True,offline_synthetic_control,0.2016326530612245,0.575921803342856,1.0,0.4997589893100107,1,0.44546706223671917,4,7,2.562448979591837,0.6999025796898136,0.7115256913379464,0.43259884250596325,0.6545185583647122,0.269554016630729
iterative_gpt-4.1-mini_n5_culture_us_1,degree_preserving_rewire,0,True,offline_synthetic_control,0.2016326530612245,0.29093689437497494,0.94,0.5230612244897955,4,0.18321067383500794,2,4,1.9028677150786308,-0.02201695941853425,0.08991972079544976,-0.02170204493567042,-0.02922379208093495,0.08229135682295767
iterative_gpt-4.1-mini_n5_culture_us_lang_english_0,uniform_edge_count,0,True,offline_synthetic_control,0.15510204081632653,0.1574025974025974,1.0,0.5335374149659846,1,0.27295013850415506,3,4,2.110204081632653,-0.059725729756785695,-0.046090543956353126,-0.05895156445305259,-0.055234474449899956,-0.03739312347418166
iterative_gpt-4.1-mini_n5_culture_us_lang_english_0,equal_weight_demographic_similarity,0,True,offline_synthetic_control,0.15510204081632653,0.5019594849594848,1.0,0.45673858114674676,1,0.4580470914127424,4,7,2.7910204081632655,0.7043184885290148,0.6988296108957417,0.5287315256954725,0.6696835883952448,0.47842686068598594
iterative_gpt-4.1-mini_n5_culture_us_lang_english_0,degree_preserving_rewire,0,True,offline_synthetic_control,0.15510204081632653,0.22663978505154975,0.8,0.38448979591836835,11,0.18952908587257616,2,4,1.8653846153846154,-0.046350713038323,0.030024886208663962,-0.03830665120987706,-0.09688504600376897,-0.026755717409159118
iterative_gpt-4.1-mini_n5_culture_us_lang_english_1,uniform_edge_count,0,True,offline_synthetic_control,0.2,0.20805938505938507,1.0,0.5809523809523801,1,0.2359100374843815,2,3,1.9142857142857144,-0.027444013822659978,-0.03141365270065556,-0.02554704456028985,-0.10386655172015652,0.040554451278886225
iterative_gpt-4.1-mini_n5_culture_us_lang_english_1,equal_weight_demographic_similarity,0,True,offline_synthetic_control,0.2,0.5734434440688311,1.0,0.49894266277939836,1,0.4486380674718867,4,7,2.5640816326530613,0.7056444156804734,0.7103246969481858,0.4355274625901961,0.6522619497251249,0.2811149290195112
iterative_gpt-4.1-mini_n5_culture_us_lang_english_1,degree_preserving_rewire,0,True,offline_synthetic_control,0.2,0.3110926136127375,0.9,0.49061224489796,6,0.18793002915451895,2,3,1.8525252525252525,0.009547686140205496,0.09809839891990557,-0.043228694841598095,0.020607468594045775,-0.024907760622598828
iterative_gpt-4.1-mini_n5_culture_us_lang_hindi_0,uniform_edge_count,0,True,offline_synthetic_control,0.156734693877551,0.15365800865800866,1.0,0.5350340136054409,1,0.2765706380208333,3,4,2.1044897959183673,0.09326713591419482,-0.05119884517452877,-0.09210046178812183,0.06855713137764412,-0.006109486048013883
iterative_gpt-4.1-mini_n5_culture_us_lang_hindi_0,equal_weight_demographic_similarity,0,True,offline_synthetic_control,0.156734693877551,0.5042035644094466,1.0,0.4587793974732777,1,0.4574517144097223,4,7,2.779591836734694,0.7073985042735041,0.689783335865736,0.5256071073662162,0.673224872539941,0.47450290993443983
iterative_gpt-4.1-mini_n5_culture_us_lang_hindi_0,degree_preserving_rewire,0,True,offline_synthetic_control,0.156734693877551,0.23948980809352335,0.84,0.4044217687074842,9,0.1910942925347222,3,4,2.0011614401858306,0.024971013666343557,,-0.07357269607294334,-0.0017492028154632785,-0.09289045990580355
iterative_gpt-4.1-mini_n5_culture_us_lang_hindi_1,uniform_edge_count,0,True,offline_synthetic_control,0.1983673469387755,0.2064896214896214,1.0,0.5795918367346935,1,0.2160070449965283,2,3,1.9191836734693877,-0.022339852238157314,0.012841854322557515,-0.009567804445159797,-0.08051570025804776,-0.030910203146273765
iterative_gpt-4.1-mini_n5_culture_us_lang_hindi_1,equal_weight_demographic_similarity,0,True,offline_synthetic_control,0.1983673469387755,0.5767899864153736,1.0,0.4968882410106906,1,0.45492726379786286,4,7,2.5763265306122447,0.7197083620515605,0.7090999204913013,0.43142641741020915,0.649299850634802,0.2909742455403217
iterative_gpt-4.1-mini_n5_culture_us_lang_hindi_1,degree_preserving_rewire,0,True,offline_synthetic_control,0.1983673469387755,0.30384849429895877,0.88,0.46326530612244887,7,0.17011295703568227,2,4,1.9207188160676534,-0.10478661451542803,,-0.011863187524489616,-0.03608494679923252,0.045767230108486476
iterative_gpt-4.1-mini_n5_culture_us_lang_japanese_0,uniform_edge_count,0,True,offline_synthetic_control,0.15591836734693879,0.1535454545454545,1.0,0.534489795918366,1,0.2639319097612456,3,4,2.1061224489795918,-0.00997182243069504,-0.006629867097316829,-0.03820544215381404,0.17114813291283879,-0.01228479472709124
iterative_gpt-4.1-mini_n5_culture_us_lang_japanese_0,equal_weight_demographic_similarity,0,True,offline_synthetic_control,0.15591836734693879,0.5024962814962813,1.0,0.45741885325559034,1,0.45688166442805844,4,7,2.7885714285714287,0.7057354925775977,0.6889333660712741,0.5315732420921762,0.6718115218115217,0.4761760764833806
iterative_gpt-4.1-mini_n5_culture_us_lang_japanese_0,degree_preserving_rewire,0,True,offline_synthetic_control,0.15591836734693879,0.25309272753390405,0.8,0.38061224489795986,11,0.16111126339738496,2,4,1.9064102564102565,-0.12221838490476762,0.12347073426965605,-0.002942099716293306,-0.02906474921277555,0.042473832311790714
iterative_gpt-4.1-mini_n5_culture_us_lang_japanese_1,uniform_edge_count,0,True,offline_synthetic_control,0.2057142857142857,0.21073803973803973,1.0,0.5862585034013594,1,0.22300957420005035,2,3,1.8938775510204082,-0.09808240192855582,0.056221719394240074,0.012811984463250874,-0.03346994535519124,-0.0358924502243792
iterative_gpt-4.1-mini_n5_culture_us_lang_japanese_1,equal_weight_demographic_similarity,0,True,offline_synthetic_control,0.2057142857142857,0.5728185699749168,1.0,0.5023440233236164,1,0.43695672713529854,4,7,2.5551020408163265,0.689861565448253,0.7155831897976582,0.43881531828859993,0.6458406670137253,0.23881630600206552
iterative_gpt-4.1-mini_n5_culture_us_lang_japanese_1,degree_preserving_rewire,0,True,offline_synthetic_control,0.2057142857142857,0.3217619736644505,0.9,0.4902721088435369,6,0.17344576719576715,2,4,1.8696969696969696,0.035551860534142554,0.16956337761984294,-0.015218154884623056,-0.052711365211365144,-0.03491380587846079
iterative_gpt-4.1-mini_n5_culture_us_lang_spanish_0,uniform_edge_count,0,True,offline_synthetic_control,0.16,0.15415007215007218,1.0,0.5384353741496577,1,0.2604513744273219,3,4,2.0906122448979594,0.048341993812513195,-0.04652536204623205,-0.11582209732229162,0.0793441953235767,0.003998305308564649
iterative_gpt-4.1-mini_n5_culture_us_lang_spanish_0,equal_weight_demographic_similarity,0,True,offline_synthetic_control,0.16,0.5128959667783196,1.0,0.4621807580174954,1,0.45663265306122447,4,7,2.7575510204081635,0.7133699633699632,0.6827136360777208,0.5113343710886801,0.6800802902177381,0.46617473152406397
iterative_gpt-4.1-mini_n5_culture_us_lang_spanish_0,degree_preserving_rewire,0,True,offline_synthetic_control,0.16,0.26542079540686364,0.8,0.38802721088435393,11,0.19519210745522697,2,4,1.8474358974358975,-0.022133589877206372,,-0.06214021721656192,-0.05320620015436075,0.04457512079813103
iterative_gpt-4.1-mini_n5_culture_us_lang_spanish_1,uniform_edge_count,0,True,offline_synthetic_control,0.20244897959183675,0.2086137196137196,1.0,0.5829931972789097,1,0.2215465660770031,2,3,1.906938775510204,-0.018795497185741104,-0.0637633198464,-0.026010027101695768,-0.011041476119244664,-0.08511804304145802
iterative_gpt-4.1-mini_n5_culture_us_lang_spanish_1,equal_weight_demographic_similarity,0,True,offline_synthetic_control,0.20244897959183675,0.5736678350888877,1.0,0.5003032069970856,1,0.4428085978147762,4,7,2.5608163265306123,0.7010884946688322,0.7121174856749297,0.43528504519216593,0.6477733862201128,0.26363123304856
iterative_gpt-4.1-mini_n5_culture_us_lang_spanish_1,degree_preserving_rewire,0,True,offline_synthetic_control,0.20244897959183675,0.2894293793581719,0.9,0.48312925170068094,6,0.18258975026014565,3,4,1.9191919191919191,-0.002173448894760413,0.2238316882817199,0.06869967709224131,0.0043178298211855315,-0.029719960280780364
iterative_gpt-4.1-nano_n5_culture_brazil_0,uniform_edge_count,0,True,offline_synthetic_control,0.1730612244897959,0.17019058719058716,1.0,0.5546258503401339,1,0.2529481132075472,3,4,2.0187755102040814,-0.019611182903465973,-0.10900475502110114,0.02218533771645159,-0.06803399966092813,-0.027304145240904968
iterative_gpt-4.1-nano_n5_culture_brazil_0,equal_weight_demographic_similarity,0,True,offline_synthetic_control,0.1730612244897959,0.5346727390256801,1.0,0.47786783284742645,1,0.44523184407262373,4,7,2.6522448979591835,0.7068827337493188,0.7076183367265828,0.4908976378303814,0.656256331081506,0.42077764867382383
iterative_gpt-4.1-nano_n5_culture_brazil_0,degree_preserving_rewire,0,True,offline_synthetic_control,0.1730612244897959,0.523532899810637,0.78,0.3831292517006807,12,0.12037201851192592,2,3,1.7719298245614035,-0.039404223227752666,0.06538076934906414,-0.015521610501165267,-0.023755143117771577,0.006102282957783235
iterative_gpt-4.1-nano_n5_culture_brazil_1,uniform_edge_count,0,True,offline_synthetic_control,0.2163265306122449,0.22009010270774973,1.0,0.5949659863945568,1,0.2202990388038448,2,3,1.8628571428571428,-0.005479064817586265,-0.02213672529929874,-0.03053405482268991,0.009323634532655618,-0.030618139034724934
iterative_gpt-4.1-nano_n5_culture_brazil_1,equal_weight_demographic_similarity,0,True,offline_synthetic_control,0.2163265306122449,0.5938323052936056,1.0,0.5136054421768708,1,0.4117621929512282,4,6,2.4693877551020407,0.6821902333324524,0.6906711492451119,0.44040045574336717,0.6634876631674489,0.1617855900889982
iterative_gpt-4.1-nano_n5_culture_brazil_1,degree_preserving_rewire,0,True,offline_synthetic_control,0.2163265306122449,0.6075580324936228,0.92,0.5131972789115662,5,0.1126949092203631,2,4,1.8695652173913044,-0.03640491169146534,0.12214287998906201,-0.08299505310468126,-0.10414566440207468,0.0031548622510358454
iterative_gpt-4.1-nano_n5_culture_india_0,uniform_edge_count,0,True,offline_synthetic_control,0.1730612244897959,0.1701905871905872,1.0,0.5546258503401347,1,0.2584104663581345,3,4,2.0187755102040814,0.06179738254401658,-0.06798560003711632,-0.029078347664560817,-0.02145424668789156,-0.10071906283486279
iterative_gpt-4.1-nano_n5_culture_india_0,equal_weight_demographic_similarity,0,True,offline_synthetic_control,0.1730612244897959,0.5346727390256801,1.0,0.47786783284742645,1,0.44523184407262373,4,7,2.6522448979591835,0.7068827337493188,0.7076183367265828,0.4908976378303814,0.656256331081506,0.42077764867382383
iterative_gpt-4.1-nano_n5_culture_india_0,degree_preserving_rewire,0,True,offline_synthetic_control,0.1730612244897959,0.579460848990339,0.84,0.43401360544217693,9,0.13102972588109646,2,3,1.7874564459930313,0.045596277353711336,0.08433085923274586,-0.10536315365001087,-0.03505648837769884,-0.0017359307409362823
iterative_gpt-4.1-nano_n5_culture_india_1,uniform_edge_count,0,True,offline_synthetic_control,0.21877551020408162,0.22247199858964561,1.0,0.5967346938775502,1,0.22506404544441966,2,3,1.8571428571428572,-0.06181318681318681,0.022725090834353097,0.00960222573125795,0.0420917195110744,-0.09211194875293836
iterative_gpt-4.1-nano_n5_culture_india_1,equal_weight_demographic_similarity,0,True,offline_synthetic_control,0.21877551020408162,0.5932389794587937,1.0,0.5148299319727889,1,0.4104268768099799,4,6,2.466938775510204,0.6781143933932413,0.6878484955199446,0.4404183384445417,0.6671004434162328,0.14404481067488656
iterative_gpt-4.1-nano_n5_culture_india_1,degree_preserving_rewire,0,True,offline_synthetic_control,0.21877551020408162,0.646996700864496,0.9,0.5040136054421773,6,0.113534473156605,2,4,1.8,-0.02877135812211784,0.1457213972184122,-0.09501327761090075,-0.06591441004268335,-0.02161028363964131
iterative_gpt-4.1-nano_n5_culture_us_0,uniform_edge_count,0,True,offline_synthetic_control,0.17469387755102042,0.17454623154623156,1.0,0.556258503401359,1,0.24803476286138523,2,4,2.012244897959184,0.06956075647495971,-0.03756157293097263,-0.0059045334419055885,0.0018081935557663562,-0.05653770170115602
iterative_gpt-4.1-nano_n5_culture_us_0,equal_weight_demographic_similarity,0,True,offline_synthetic_control,0.17469387755102042,0.535644655997597,1.0,0.4786841593780387,1,0.4433247445191719,4,7,2.650612244897959,0.7003192526128306,0.7090679518575852,0.487332188076605,0.6595619277372662,0.4151173219098555
iterative_gpt-4.1-nano_n5_culture_us_0,degree_preserving_rewire,0,True,offline_synthetic_control,0.17469387755102042,0.5815292859372562,0.82,0.4161904761904765,10,0.12362433400296965,2,3,1.7914634146341464,-0.048556571633494694,0.03161654664433909,-0.06309580917453068,-0.017841044821663654,-0.09393852625315895
iterative_gpt-4.1-nano_n5_culture_us_lang_english_0,uniform_edge_count,0,True,offline_synthetic_control,0.1763265306122449,0.17292451992452,1.0,0.5585034013605432,1,0.2501821844993141,2,3,2.0016326530612245,-0.10682317767982444,-0.1869484153422665,-0.012394532348012188,-0.10362071101201538,-0.09971789666498866
iterative_gpt-4.1-nano_n5_culture_us_lang_english_0,equal_weight_demographic_similarity,0,True,offline_synthetic_control,0.1763265306122449,0.5437841602841602,1.0,0.48024878522837894,1,0.44436942729766804,4,7,2.6440816326530614,0.7031845031845031,0.7104850826159043,0.4783230998926714,0.6621399287949078,0.4064833995210623
iterative_gpt-4.1-nano_n5_culture_us_lang_english_0,degree_preserving_rewire,0,True,offline_synthetic_control,0.1763265306122449,0.5838775256609811,0.82,0.4159183673469394,10,0.12262088477366256,2,3,1.798780487804878,-0.06652421652421657,0.03147732545556149,-0.10389191322414154,-0.019363808104728222,0.039271467987178385
iterative_gpt-4.1-nano_n5_culture_us_lang_english_1,uniform_edge_count,0,True,offline_synthetic_control,0.21387755102040817,0.21593869855634554,1.0,0.5931972789115629,1,0.2251034322009207,2,3,1.8685714285714285,0.0490216298049836,-0.019524636125657493,0.010370638848979982,-0.12691130898678066,0.04390229636324839
iterative_gpt-4.1-nano_n5_culture_us_lang_english_1,equal_weight_demographic_similarity,0,True,offline_synthetic_control,0.21387755102040817,0.570954014509742,1.0,0.5112789115646261,1,0.4146465823669949,4,6,2.483265306122449,0.678609709962169,0.7036530773167577,0.4380633579650012,0.6592111724562055,0.17983956716133218
iterative_gpt-4.1-nano_n5_culture_us_lang_english_1,degree_preserving_rewire,0,True,offline_synthetic_control,0.21387755102040817,0.6364145058732905,0.88,0.4851700680272108,7,0.1114664063865742,2,3,1.784355179704017,-0.00034904290150478134,0.07140227632554988,-0.09194673366350747,0.059533960344164166,-0.03168427963067312
iterative_gpt-4.1-nano_n5_culture_us_lang_hindi_0,uniform_edge_count,0,True,offline_synthetic_control,0.16653061224489796,0.1592770562770563,1.0,0.546394557823129,1,0.24425701653210305,3,4,2.055510204081633,-0.09324198405963492,-0.03129678456116092,0.012209000884985721,-0.0024272926494075427,-0.025369723565050236
iterative_gpt-4.1-nano_n5_culture_us_lang_hindi_0,equal_weight_demographic_similarity,0,True,offline_synthetic_control,0.16653061224489796,0.5243613118907234,1.0,0.4680174927113723,1,0.45832131872356785,4,7,2.7289795918367346,0.7148798356115428,0.6908869632710898,0.49851772367901404,0.6614578595757153,0.4470255733187286
iterative_gpt-4.1-nano_n5_culture_us_lang_hindi_0,degree_preserving_rewire,0,True,offline_synthetic_control,0.16653061224489796,0.6953718228490774,0.92,0.4941496598639457,5,0.15558919646289887,2,3,1.885024154589372,0.01768755935422609,0.13913391443533935,-0.10673152228537613,-0.011665029848050255,-0.09697949555945247
iterative_gpt-4.1-nano_n5_culture_us_lang_japanese_0,uniform_edge_count,0,True,offline_synthetic_control,0.16979591836734695,0.16639593739593736,1.0,0.5509523809523801,1,0.23966808431952663,3,4,2.0342857142857143,-0.013921834406415964,-0.11725594903342279,-0.019185416079003443,-0.05105668549604478,-0.06682695121302226
iterative_gpt-4.1-nano_n5_culture_us_lang_japanese_0,equal_weight_demographic_similarity,0,True,offline_synthetic_control,0.16979591836734695,0.5293610507139918,1.0,0.47241205053450164,1,0.44701137204142016,4,7,2.693877551020408,0.7008459588551121,0.6968672938778371,0.5001997772003661,0.658054048303011,0.43145668303076096
iterative_gpt-4.1-nano_n5_culture_us_lang_japanese_0,degree_preserving_rewire,0,True,offline_synthetic_control,0.16979591836734695,0.5908599376466624,0.84,0.4272108843537418,9,0.15410040680473372,2,3,1.8362369337979094,-0.08855713117490678,0.13094063712441484,-0.1281739729804246,-0.04653846153846153,-0.020245571879792534
iterative_gpt-4.1-nano_n5_culture_us_lang_japanese_1,uniform_edge_count,0,True,offline_synthetic_control,0.20489795918367346,0.21152802752802746,1.0,0.5857142857142852,1,0.23448834145489753,2,3,1.8955102040816327,-0.10223031984525505,-0.10067302058302398,-0.05637617022816266,0.009980949766855247,-0.06817441406923266
iterative_gpt-4.1-nano_n5_culture_us_lang_japanese_1,equal_weight_demographic_similarity,0,True,offline_synthetic_control,0.20489795918367346,0.5716913050829459,1.0,0.5019358600583101,1,0.4365248170663958,4,7,2.555918367346939,0.6886673035586339,0.7150082229688215,0.44300073375891835,0.6446992238464201,0.24515890579551636
iterative_gpt-4.1-nano_n5_culture_us_lang_japanese_1,degree_preserving_rewire,0,True,offline_synthetic_control,0.20489795918367346,0.5995888739723481,0.84,0.4519727891156465,9,0.10896652434088347,2,3,1.7247386759581882,-0.04788964068440047,0.10366304534891851,-0.08982108467295782,0.023764541376566382,-0.018607891329876853
iterative_gpt-4.1_n5_culture_brazil_0,uniform_edge_count,0,True,offline_synthetic_control,0.15428571428571428,0.15892640692640692,1.0,0.5325850340136044,1,0.27886957252036615,3,4,2.1142857142857143,-0.06320650675489387,-0.03051331339603184,0.023404285021271537,0.05587531757842813,0.0032697633925056827
iterative_gpt-4.1_n5_culture_brazil_0,equal_weight_demographic_similarity,0,True,offline_synthetic_control,0.15428571428571428,0.5006737706737706,1.0,0.4561943634596719,1,0.43547213123932693,4,7,2.79265306122449,0.7133699633699632,0.6980026986611994,0.5258049819436434,0.6675027870680044,0.48068602609427435
iterative_gpt-4.1_n5_culture_brazil_0,degree_preserving_rewire,0,True,offline_synthetic_control,0.15428571428571428,0.28808076426497486,0.8,0.37571428571428617,11,0.19369558522997674,3,4,1.95,0.07792022792022793,,-0.09057101397446257,-0.021997724373340702,0.05202467778664016
iterative_gpt-4.1_n5_culture_brazil_1,uniform_edge_count,0,True,offline_synthetic_control,0.18612244897959185,0.19157575757575757,1.0,0.5681632653061206,1,0.24358456448137888,2,3,1.963265306122449,-0.013155184841931816,-0.016532210377360274,-0.04115811929139753,-0.0736054880791723,-0.10156629297850077
iterative_gpt-4.1_n5_culture_brazil_1,equal_weight_demographic_similarity,0,True,offline_synthetic_control,0.18612244897959185,0.5543662156556891,1.0,0.4880447035957254,1,0.43447022160664817,4,7,2.609795918367347,0.7188034188034189,0.7129462528425089,0.45293008591482153,0.6528251147579739,0.36862297915742276
iterative_gpt-4.1_n5_culture_brazil_1,degree_preserving_rewire,0,True,offline_synthetic_control,0.18612244897959185,0.3349049065829252,0.92,0.4923129251700676,5,0.18555709449061253,3,4,1.9458937198067632,-0.00037530775235691816,,-0.04124556780220698,-0.053594116927719634,0.022404453806302217
iterative_gpt-4.1_n5_culture_india_0,uniform_edge_count,0,True,offline_synthetic_control,0.15428571428571428,0.15892640692640694,1.0,0.5325850340136044,1,0.27583214355701124,3,4,2.1142857142857143,0.0024966261808367154,0.0558793500426674,-0.0758101406897409,-0.16610063326782287,-0.12038880914469503
iterative_gpt-4.1_n5_culture_india_0,equal_weight_demographic_similarity,0,True,offline_synthetic_control,0.15428571428571428,0.5006737706737706,1.0,0.4561943634596719,1,0.43547213123932693,4,7,2.79265306122449,0.7133699633699632,0.6980026986611994,0.5258049819436434,0.6675027870680044,0.48068602609427435
iterative_gpt-4.1_n5_culture_india_0,degree_preserving_rewire,0,True,offline_synthetic_control,0.15428571428571428,0.20940226113755522,0.84,0.4091836734693882,9,0.20758097477674198,2,4,1.948896631823461,-0.03358413738160579,,-0.06345372110752454,-0.043289343631118596,-0.04575297865366987
iterative_gpt-4.1_n5_culture_india_1,uniform_edge_count,0,True,offline_synthetic_control,0.1893877551020408,0.19623310023310028,1.0,0.5717006802721072,1,0.24777980083234247,2,3,1.9485714285714286,-0.015216178521617881,0.05318344485659306,-0.023675523110091728,-0.027855941464930478,-0.015241775976970847
iterative_gpt-4.1_n5_culture_india_1,equal_weight_demographic_similarity,0,True,offline_synthetic_control,0.1893877551020408,0.55870282280499,1.0,0.4900855199222555,1,0.433273260998811,4,7,2.6040816326530614,0.7149878497236618,0.7168360889332945,0.44211624765704466,0.6583214183585931,0.3476816778658772
iterative_gpt-4.1_n5_culture_india_1,degree_preserving_rewire,0,True,offline_synthetic_control,0.1893877551020408,0.30510533515332283,0.94,0.5069387755102035,4,0.18468527051129613,3,4,1.9870490286771507,-0.07112338942726054,0.1443886209691156,-0.0021556259247261234,-0.08744197246652233,0.0021772691190826516
iterative_gpt-4.1_n5_culture_japan_0,uniform_edge_count,0,True,offline_synthetic_control,0.15510204081632653,0.1574025974025974,1.0,0.5335374149659863,1,0.274196675900277,3,4,2.110204081632653,-0.0017902517902518185,-0.06854960781972619,-0.01745860382989548,-0.09666666666666669,-0.07299007773683873
iterative_gpt-4.1_n5_culture_japan_0,equal_weight_demographic_similarity,0,True,offline_synthetic_control,0.15510204081632653,0.5019594849594848,1.0,0.45673858114674676,1,0.4580470914127424,4,7,2.7910204081632655,0.7043184885290148,0.6988296108957417,0.5287315256954725,0.6696835883952448,0.47842686068598594
iterative_gpt-4.1_n5_culture_japan_0,degree_preserving_rewire,0,True,offline_synthetic_control,0.15510204081632653,0.23312002376708263,0.82,0.39087074829932045,10,0.19691135734072024,3,5,1.973170731707317,-0.057505963029218767,0.17721299222029946,-0.04564132579543896,-0.014729950900163699,-0.0839755435881073
iterative_gpt-4.1_n5_culture_japan_1,uniform_edge_count,0,True,offline_synthetic_control,0.19346938775510203,0.2033746253746253,1.0,0.5756462585034001,1,0.24217985009524828,2,3,1.933061224489796,-0.048874095989480615,-0.0193932164393195,0.029948436271906218,-0.06537584672380907,-0.0686020717870171
iterative_gpt-4.1_n5_culture_japan_1,equal_weight_demographic_similarity,0,True,offline_synthetic_control,0.19346938775510203,0.5697076554336615,1.0,0.4932827988338199,1,0.43155477220530897,4,7,2.5893877551020408,0.7125567765567765,0.7040818887696327,0.4459294126952072,0.6572337638031069,0.32292849896720466
iterative_gpt-4.1_n5_culture_japan_1,degree_preserving_rewire,0,True,offline_synthetic_control,0.19346938775510203,0.32578778376765993,0.96,0.5250340136054403,3,0.19422635261443144,3,4,2.004432624113475,-0.012057670895803951,0.11642867849480926,-0.1296983881479719,0.011294691224268683,0.029014551579194435
iterative_gpt-4.1_n5_culture_us_0,uniform_edge_count,0,True,offline_synthetic_control,0.15510204081632653,0.15740259740259738,1.0,0.5335374149659854,1,0.28065096952908586,3,4,2.110204081632653,0.0509615384615385,-0.12470627427172251,-0.10529714378263642,0.029958137100994275,-0.12235883924099664
iterative_gpt-4.1_n5_culture_us_0,equal_weight_demographic_similarity,0,True,offline_synthetic_control,0.15510204081632653,0.5019594849594848,1.0,0.45673858114674676,1,0.4580470914127424,4,7,2.7910204081632655,0.7043184885290148,0.6988296108957417,0.5287315256954725,0.6696835883952448,0.47842686068598594
iterative_gpt-4.1_n5_culture_us_0,degree_preserving_rewire,0,True,offline_synthetic_control,0.15510204081632653,0.22144105894105898,0.84,0.40061224489796,9,0.19941828254847646,3,4,2.032520325203252,0.08453726679533133,,-0.11559023060150625,-0.12174513030848247,-0.05453177121471129
iterative_gpt-4.1_n5_culture_us_1,uniform_edge_count,0,True,offline_synthetic_control,0.19346938775510203,0.2033746253746254,1.0,0.5756462585034008,1,0.24068436326087342,2,3,1.933061224489796,-0.01592823747353561,0.06606288699730418,-0.06877587547896535,0.05323391267796122,0.03491813940413013
iterative_gpt-4.1_n5_culture_us_1,equal_weight_demographic_similarity,0,True,offline_synthetic_control,0.19346938775510203,0.5697076554336615,1.0,0.4932827988338199,1,0.43155477220530897,4,7,2.5893877551020408,0.7125567765567765,0.7040818887696327,0.4459294126952072,0.6572337638031069,0.32292849896720466
iterative_gpt-4.1_n5_culture_us_1,degree_preserving_rewire,0,True,offline_synthetic_control,0.19346938775510203,0.2964832642417783,0.9,0.48102040816326436,6,0.18172835549858463,2,4,1.91010101010101,-0.053893328893328936,0.09159984462764094,0.017215060488073836,-0.12030138776765462,-0.05271711164999424
iterative_gpt-4.1_n5_culture_us_lang_english_0,uniform_edge_count,0,True,offline_synthetic_control,0.15510204081632653,0.1574025974025974,1.0,0.533537414965985,1,0.2714819944598338,3,4,2.110204081632653,-0.023288532051104472,-0.08749136400703346,-0.10381758312933602,-0.023922993818281786,-0.1393223465138685
iterative_gpt-4.1_n5_culture_us_lang_english_0,equal_weight_demographic_similarity,0,True,offline_synthetic_control,0.15510204081632653,0.5019594849594848,1.0,0.45673858114674676,1,0.4580470914127424,4,7,2.7910204081632655,0.7043184885290148,0.6988296108957417,0.5287315256954725,0.6696835883952448,0.47842686068598594
iterative_gpt-4.1_n5_culture_us_lang_english_0,degree_preserving_rewire,0,True,offline_synthetic_control,0.15510204081632653,0.23896725496725493,0.78,0.37034013605442206,12,0.20740997229916897,2,3,1.8394062078272604,-0.02949498497443706,,-0.06864338979019222,0.11405438592003267,-0.014144677684239021
iterative_gpt-4.1_n5_culture_us_lang_english_1,uniform_edge_count,0,True,offline_synthetic_control,0.19346938775510203,0.2033746253746254,1.0,0.5756462585034008,1,0.24723601986861085,2,3,1.933061224489796,-0.14111076073022424,-0.043123788936522696,-0.020331766505740353,-0.08365678663843801,0.028652539255454024
iterative_gpt-4.1_n5_culture_us_lang_english_1,equal_weight_demographic_similarity,0,True,offline_synthetic_control,0.19346938775510203,0.5697076554336615,1.0,0.4932827988338199,1,0.43155477220530897,4,7,2.5893877551020408,0.7125567765567765,0.7040818887696327,0.4459294126952072,0.6572337638031069,0.32292849896720466
iterative_gpt-4.1_n5_culture_us_lang_english_1,degree_preserving_rewire,0,True,offline_synthetic_control,0.19346938775510203,0.32672023504531245,0.88,0.4691836734693873,7,0.19778703555341914,2,4,1.857293868921776,-0.0657914201183432,0.086005974291189,-0.016481547772893568,-0.015273132664437028,0.031140935591918804
iterative_gpt-4.1_n5_culture_us_lang_hindi_0,uniform_edge_count,0,True,offline_synthetic_control,0.15755102040816327,0.15367388167388168,1.0,0.5357142857142839,1,0.25875862439260117,3,4,2.1020408163265305,0.028310112638470865,0.0002964993655328891,-0.025829451901753647,-0.09259115833823849,-0.00388790676526642
iterative_gpt-4.1_n5_culture_us_lang_hindi_0,equal_weight_demographic_similarity,0,True,offline_synthetic_control,0.15755102040816327,0.5048268137091665,1.0,0.45918756073858386,1,0.45798544927380597,4,7,2.7787755102040816,0.709027227068464,0.6906226810377671,0.5198688408365828,0.6746126422597012,0.4728298878022129
iterative_gpt-4.1_n5_culture_us_lang_hindi_0,degree_preserving_rewire,0,True,offline_synthetic_control,0.15755102040816327,0.23845043845043848,0.9,0.4436054421768721,6,0.2066901124862412,3,4,2.114141414141414,-0.048845404108561946,0.0562639624881225,-0.05528414076071357,0.03792206143691295,-0.07871809691171465
iterative_gpt-4.1_n5_culture_us_lang_hindi_1,uniform_edge_count,0,True,offline_synthetic_control,0.1910204081632653,0.2012338772338772,1.0,0.5731972789115634,1,0.2511596902622544,2,3,1.9428571428571428,-0.043256241424654736,0.004810727566049347,-0.03082162867109105,0.05812809266756636,-0.09046679661335581
iterative_gpt-4.1_n5_culture_us_lang_hindi_1,equal_weight_demographic_similarity,0,True,offline_synthetic_control,0.1910204081632653,0.5656786802808473,1.0,0.49103790087463633,1,0.4360709328658047,4,7,2.6016326530612246,0.7173319198818455,0.7021009927951458,0.44633511799346,0.6613548242081405,0.3363426493591939
iterative_gpt-4.1_n5_culture_us_lang_hindi_1,degree_preserving_rewire,0,True,offline_synthetic_control,0.1910204081632653,0.2918621103698504,0.88,0.4632653061224488,7,0.17908539703411497,2,3,1.8953488372093024,-0.11339884726981497,,-0.15562173936285909,-0.1093527268887598,0.031213878007957628
iterative_gpt-4.1_n5_culture_us_lang_japanese_0,uniform_edge_count,0,True,offline_synthetic_control,0.156734693877551,0.15365800865800866,1.0,0.5350340136054413,1,0.26021321614583337,3,4,2.1044897959183673,-0.03501374110792768,-0.02220425719695007,-0.07162654361296132,0.11135183844268837,-0.033760673855598916
iterative_gpt-4.1_n5_culture_us_lang_japanese_0,equal_weight_demographic_similarity,0,True,offline_synthetic_control,0.156734693877551,0.5042035644094466,1.0,0.4587793974732777,1,0.4574517144097223,4,7,2.779591836734694,0.7073985042735041,0.689783335865736,0.5256071073662162,0.673224872539941,0.47450290993443983
iterative_gpt-4.1_n5_culture_us_lang_japanese_0,degree_preserving_rewire,0,True,offline_synthetic_control,0.156734693877551,0.30247410759175475,0.76,0.35074829931972906,13,0.17948404947916669,2,4,1.8819345661450924,0.10831023663416896,,-0.04410465955277692,-0.006692232498684128,0.014882501995344742
iterative_gpt-4.1_n5_culture_us_lang_japanese_1,uniform_edge_count,0,True,offline_synthetic_control,0.1926530612244898,0.2025908535908536,1.0,0.574693877551019,1,0.23431664751508186,2,3,1.937142857142857,-0.011132653330390048,-0.1507921508094981,-0.10998899760059612,0.07457968010942242,0.003927397981011972
iterative_gpt-4.1_n5_culture_us_lang_japanese_1,equal_weight_demographic_similarity,0,True,offline_synthetic_control,0.1926530612244898,0.5691029227050898,1.0,0.4928746355685138,1,0.4344746480896294,4,7,2.590204081632653,0.7198268756294581,0.7034283278528803,0.44452500422899455,0.6560708898944193,0.32678867427815433
iterative_gpt-4.1_n5_culture_us_lang_japanese_1,degree_preserving_rewire,0,True,offline_synthetic_control,0.1926530612244898,0.30209257495170816,0.86,0.45244897959183794,8,0.1625969548980178,2,4,1.841638981173865,-0.043632695561629506,,-0.09858885798702631,-0.11361959957850365,0.07122118386377496
iterative_gpt-4.1_n5_culture_us_lang_spanish_0,uniform_edge_count,0,True,offline_synthetic_control,0.15428571428571428,0.15892640692640692,1.0,0.5325850340136045,1,0.2575935724083872,3,4,2.1142857142857143,-0.017687825397372698,-0.04095834234925024,0.014536922371023747,-0.15628753240394755,-0.028283852913506033
iterative_gpt-4.1_n5_culture_us_lang_spanish_0,equal_weight_demographic_similarity,0,True,offline_synthetic_control,0.15428571428571428,0.5006737706737706,1.0,0.4561943634596719,1,0.43547213123932693,4,7,2.79265306122449,0.7133699633699632,0.6980026986611994,0.5258049819436434,0.6675027870680044,0.48068602609427435
iterative_gpt-4.1_n5_culture_us_lang_spanish_0,degree_preserving_rewire,0,True,offline_synthetic_control,0.15428571428571428,0.2697982540335482,0.84,0.40585034013605664,9,0.20090423000475907,2,3,1.9744483159117305,0.006672352826198991,0.1680317554308079,-0.0009261603445607919,0.0016531713900135026,0.002511022926248017
iterative_gpt-4.1_n5_culture_us_lang_spanish_1,uniform_edge_count,0,True,offline_synthetic_control,0.19591836734693877,0.20433033633033634,1.0,0.5775510204081614,1,0.22402777777777783,2,3,1.926530612244898,-0.018398024976972287,0.07426223926954646,0.07230274402142461,-0.0267632187103613,-0.04347704556413008
iterative_gpt-4.1_n5_culture_us_lang_spanish_1,equal_weight_demographic_similarity,0,True,offline_synthetic_control,0.19591836734693877,0.572587789231752,1.0,0.49511953352769744,1,0.43513888888888885,4,7,2.5820408163265305,0.7161841569736307,0.7060033578648852,0.4326039245379998,0.6613371907196254,0.30613049158762085
iterative_gpt-4.1_n5_culture_us_lang_spanish_1,degree_preserving_rewire,0,True,offline_synthetic_control,0.19591836734693877,0.297997079288101,0.84,0.4344217687074843,9,0.16313368055555555,2,4,1.8513356562137049,-0.015652790754005275,0.13956044868540304,-0.05859642070372313,0.005965099715099675,-0.009907356730038326
local_gpt-4.1-mini_n5_culture_brazil_0,uniform_edge_count,0,True,offline_synthetic_control,0.15591836734693879,0.15354545454545454,1.0,0.5344897959183659,1,0.27736355911296295,3,4,2.1061224489795918,-0.09095896423085362,-0.021453908068244085,-0.09620111071723977,0.02305678614579135,-0.03350332636398144
local_gpt-4.1-mini_n5_culture_brazil_0,equal_weight_demographic_similarity,0,True,offline_synthetic_control,0.15591836734693879,0.5024962814962813,1.0,0.45741885325559034,1,0.45688166442805844,4,7,2.7885714285714287,0.7057354925775977,0.6889333660712741,0.5315732420921762,0.6718115218115217,0.4761760764833806
local_gpt-4.1-mini_n5_culture_brazil_0,degree_preserving_rewire,0,True,offline_synthetic_control,0.15591836734693879,0.2567071980307274,1.0,0.5227755102040802,1,0.23508127518434255,3,5,2.193469387755102,-0.04962829268843812,0.09678910907099242,0.008926309887409743,-0.06021022730867296,-0.05502993125316673
local_gpt-4.1-mini_n5_culture_brazil_1,uniform_edge_count,0,True,offline_synthetic_control,0.19183673469387755,0.20186779886779882,1.0,0.5740136054421765,1,0.245740153915799,2,3,1.9395918367346938,-0.07443561872909701,-0.06411540955499304,-0.044881931645001726,0.028130959949141776,-0.028801736446000797
local_gpt-4.1-mini_n5_culture_brazil_1,equal_weight_demographic_similarity,0,True,offline_synthetic_control,0.19183673469387755,0.5679643945665617,1.0,0.49158211856171113,1,0.43709370755998195,4,7,2.6,0.718590687148175,0.702768063747238,0.44177567747601704,0.6631914183463443,0.33240067412930807
local_gpt-4.1-mini_n5_culture_brazil_1,degree_preserving_rewire,0,True,offline_synthetic_control,0.19183673469387755,0.2659375167316344,1.0,0.5702040816326513,1,0.21050248981439562,2,3,1.9624489795918367,0.033963082094281755,0.0948002466546328,-0.058360034389262724,-0.08471446586200687,0.016140218905041775
local_gpt-4.1-mini_n5_culture_india_0,uniform_edge_count,0,True,offline_synthetic_control,0.15591836734693879,0.15354545454545454,1.0,0.5344897959183652,1,0.25713385049751925,3,4,2.1061224489795918,-0.0923801117975875,-0.012776607838086276,-0.08200468837184538,0.04476108232584913,-0.01772241084989392
local_gpt-4.1-mini_n5_culture_india_0,equal_weight_demographic_similarity,0,True,offline_synthetic_control,0.15591836734693879,0.5024962814962813,1.0,0.45741885325559034,1,0.45688166442805844,4,7,2.7885714285714287,0.7057354925775977,0.6889333660712741,0.5315732420921762,0.6718115218115217,0.4761760764833806
local_gpt-4.1-mini_n5_culture_india_0,degree_preserving_rewire,0,True,offline_synthetic_control,0.15591836734693879,0.2369023296964473,1.0,0.5224489795918339,1,0.2553246895644308,3,4,2.190204081632653,-0.1228014745159804,0.09663864014681195,-0.017771833676823598,-0.028429255178542265,-0.11123086728761175
local_gpt-4.1-mini_n5_culture_india_1,uniform_edge_count,0,True,offline_synthetic_control,0.19673469387755102,0.20511810411810413,1.0,0.5783673469387732,1,0.24542449337993494,2,3,1.923265306122449,-0.08138747302199567,-0.01064682311628172,0.009279930861612431,-0.06433752733876752,0.027604232270141724
local_gpt-4.1-mini_n5_culture_india_1,equal_weight_demographic_similarity,0,True,offline_synthetic_control,0.19673469387755102,0.5726761558015427,1.0,0.49579980563654097,1,0.43235309309412717,4,7,2.5795918367346937,0.7173350547780718,0.7066311014996522,0.4340174520819682,0.6543662224974793,0.30275176664540715
local_gpt-4.1-mini_n5_culture_india_1,degree_preserving_rewire,0,True,offline_synthetic_control,0.19673469387755102,0.29016598107774577,1.0,0.5719727891156453,1,0.21835884368382089,2,3,1.9616326530612245,-0.0015423173317910058,0.1619693696876744,-0.0628120789411112,0.04445021578620788,0.01480551632176499
local_gpt-4.1-mini_n5_culture_japan_0,uniform_edge_count,0,True,offline_synthetic_control,0.15428571428571428,0.15892640692640694,1.0,0.5325850340136042,1,0.2707091066879426,3,4,2.1142857142857143,-0.018093465674110826,-0.0949042826375601,-0.030552233546862324,0.08661885893128893,-0.0627233645699897
local_gpt-4.1-mini_n5_culture_japan_0,equal_weight_demographic_similarity,0,True,offline_synthetic_control,0.15428571428571428,0.5006737706737706,1.0,0.4561943634596719,1,0.43547213123932693,4,7,2.79265306122449,0.7133699633699632,0.6980026986611994,0.5258049819436434,0.6675027870680044,0.48068602609427435
local_gpt-4.1-mini_n5_culture_japan_0,degree_preserving_rewire,0,True,offline_synthetic_control,0.15428571428571428,0.2160955972132443,1.0,0.525986394557821,1,0.25483609081492675,3,4,2.1616326530612247,-0.14647370884693403,0.060729475736783056,-0.08245855360161114,-0.08172430727874277,-0.15422985551271653
local_gpt-4.1-mini_n5_culture_japan_1,uniform_edge_count,0,True,offline_synthetic_control,0.19591836734693877,0.20433033633033634,1.0,0.577551020408162,1,0.23703993055555553,2,3,1.926530612244898,0.0225044057859747,-0.09077924297348675,-0.014710804233945888,-0.035552966992255686,-0.013693594095219946
local_gpt-4.1-mini_n5_culture_japan_1,equal_weight_demographic_similarity,0,True,offline_synthetic_control,0.19591836734693877,0.572587789231752,1.0,0.49511953352769744,1,0.43513888888888885,4,7,2.5820408163265305,0.7161841569736307,0.7060033578648852,0.4326039245379998,0.6613371907196254,0.30613049158762085
local_gpt-4.1-mini_n5_culture_japan_1,degree_preserving_rewire,0,True,offline_synthetic_control,0.19591836734693877,0.23334599359151784,1.0,0.5726530612244886,1,0.2179513888888889,2,4,1.956734693877551,-0.0023179945054944903,0.11229694357746182,-0.03405909869168715,-0.006489348880653223,-0.06070610782171345
local_gpt-4.1-mini_n5_culture_us_0,uniform_edge_count,0,True,offline_synthetic_control,0.15510204081632653,0.15740259740259743,1.0,0.5335374149659855,1,0.27728531855955674,3,4,2.110204081632653,0.0073549257759784326,-0.013625583966720135,-0.05416047161777714,-0.03339743589743589,0.022188040983808853
local_gpt-4.1-mini_n5_culture_us_0,equal_weight_demographic_similarity,0,True,offline_synthetic_control,0.15510204081632653,0.5019594849594848,1.0,0.45673858114674676,1,0.4580470914127424,4,7,2.7910204081632655,0.7043184885290148,0.6988296108957417,0.5287315256954725,0.6696835883952448,0.47842686068598594
local_gpt-4.1-mini_n5_culture_us_0,degree_preserving_rewire,0,True,offline_synthetic_control,0.15510204081632653,0.2498568425039014,1.0,0.5229251700680261,1,0.24277008310249307,3,4,2.189387755102041,-0.03378844798913772,0.16846521546570323,-0.01578178013388516,-0.013765182186234858,0.09200456104837573
local_gpt-4.1-mini_n5_culture_us_1,uniform_edge_count,0,True,offline_synthetic_control,0.19673469387755102,0.20511810411810405,1.0,0.5783673469387741,1,0.2314956698403953,2,3,1.923265306122449,-0.007367805085647404,-0.08440830940873535,-0.06446864695373439,0.001796178748927079,-0.10480575614324743
local_gpt-4.1-mini_n5_culture_us_1,equal_weight_demographic_similarity,0,True,offline_synthetic_control,0.19673469387755102,0.5726761558015427,1.0,0.49579980563654097,1,0.43235309309412717,4,7,2.5795918367346937,0.7173350547780718,0.7066311014996522,0.4340174520819682,0.6543662224974793,0.30275176664540715
local_gpt-4.1-mini_n5_culture_us_1,degree_preserving_rewire,0,True,offline_synthetic_control,0.19673469387755102,0.28828139181080353,1.0,0.5733333333333326,1,0.21147190991890635,2,3,1.9534693877551021,-0.050566978892666974,0.07605644834423286,-0.03909493666030511,-0.01407697790449032,0.03580197470982988
local_gpt-4.1-mini_n5_culture_us_lang_english_0,uniform_edge_count,0,True,offline_synthetic_control,0.15591836734693879,0.15354545454545457,1.0,0.5344897959183655,1,0.2759655711192127,3,4,2.1061224489795918,-0.05984064416928986,0.023416440402730748,-0.004337698479461357,0.08608538058799842,-0.07359122080518724
local_gpt-4.1-mini_n5_culture_us_lang_english_0,equal_weight_demographic_similarity,0,True,offline_synthetic_control,0.15591836734693879,0.5024962814962813,1.0,0.45741885325559034,1,0.45688166442805844,4,7,2.7885714285714287,0.7057354925775977,0.6889333660712741,0.5315732420921762,0.6718115218115217,0.4761760764833806
local_gpt-4.1-mini_n5_culture_us_lang_english_0,degree_preserving_rewire,0,True,offline_synthetic_control,0.15591836734693879,0.21315160329866217,1.0,0.5293197278911538,1,0.23742496093857074,3,4,2.1453061224489796,-0.10124234032710847,0.12980697834689417,0.014494236256393223,-0.008063427800269928,-0.027948539967183765
local_gpt-4.1-mini_n5_culture_us_lang_english_1,uniform_edge_count,0,True,offline_synthetic_control,0.19428571428571428,0.20294849594849587,1.0,0.5764625850340136,1,0.25564049149071394,2,3,1.929795918367347,0.006773708205309552,-0.03722021886493398,-0.05129510389052638,-0.043800317676423894,-0.027906039992865683
local_gpt-4.1-mini_n5_culture_us_lang_english_1,equal_weight_demographic_similarity,0,True,offline_synthetic_control,0.19428571428571428,0.5702002878442506,1.0,0.4938270165208947,1,0.43192571146105496,4,7,2.5877551020408163,0.7137260887260887,0.7047288480609635,0.44144186714482636,0.6583797844667411,0.31748108199764175
local_gpt-4.1-mini_n5_culture_us_lang_english_1,degree_preserving_rewire,0,True,offline_synthetic_control,0.19428571428571428,0.26272785487646166,1.0,0.5756462585034005,1,0.1930301532377657,2,3,1.9346938775510205,-0.0644862557004956,0.056637252980059574,-0.043341734825344376,-0.026412538147799564,0.03030345441650113
local_gpt-4.1-mini_n5_culture_us_lang_hindi_0,uniform_edge_count,0,True,offline_synthetic_control,0.156734693877551,0.15365800865800863,1.0,0.5350340136054403,1,0.2634819878472222,3,4,2.1044897959183673,-0.03609937071475534,-0.00852233788531315,-0.04089300601812399,-0.014104372600696823,0.10993190584230214
local_gpt-4.1-mini_n5_culture_us_lang_hindi_0,equal_weight_demographic_similarity,0,True,offline_synthetic_control,0.156734693877551,0.5042035644094466,1.0,0.4587793974732777,1,0.4574517144097223,4,7,2.779591836734694,0.7073985042735041,0.689783335865736,0.5256071073662162,0.673224872539941,0.47450290993443983
local_gpt-4.1-mini_n5_culture_us_lang_hindi_0,degree_preserving_rewire,0,True,offline_synthetic_control,0.156734693877551,0.23018885689473922,1.0,0.5234693877551002,1,0.23364257812500003,3,4,2.189387755102041,-0.05531044053520099,0.09510135903161579,0.019394338258415893,-0.002479235360407405,-0.015284057708734375
local_gpt-4.1-mini_n5_culture_us_lang_hindi_1,uniform_edge_count,0,True,offline_synthetic_control,0.19428571428571428,0.20294849594849595,1.0,0.5764625850340118,1,0.24869359508509284,2,3,1.929795918367347,0.04704012128142215,-0.06557695185366127,-0.0926433253489006,-0.10272822415679563,0.010246168864897154
local_gpt-4.1-mini_n5_culture_us_lang_hindi_1,equal_weight_demographic_similarity,0,True,offline_synthetic_control,0.19428571428571428,0.5702002878442506,1.0,0.4938270165208947,1,0.43192571146105496,4,7,2.5877551020408163,0.7137260887260887,0.7047288480609635,0.44144186714482636,0.6583797844667411,0.31748108199764175
local_gpt-4.1-mini_n5_culture_us_lang_hindi_1,degree_preserving_rewire,0,True,offline_synthetic_control,0.19428571428571428,0.2225844567481396,1.0,0.5697278911564608,1,0.20463773744792033,2,4,1.9714285714285715,0.13980704950408385,0.16604348610537278,-0.04923775548366754,-0.033491018785136384,-0.09291831858470982
local_gpt-4.1-mini_n5_culture_us_lang_japanese_0,uniform_edge_count,0,True,offline_synthetic_control,0.15591836734693879,0.15354545454545457,1.0,0.5344897959183639,1,0.2563389161481319,3,4,2.1061224489795918,-0.0383871376257163,-0.11535992917256463,-0.004069933861205228,-0.04962829268843812,-0.1762075879867479
local_gpt-4.1-mini_n5_culture_us_lang_japanese_0,equal_weight_demographic_similarity,0,True,offline_synthetic_control,0.15591836734693879,0.5024962814962813,1.0,0.45741885325559034,1,0.45688166442805844,4,7,2.7885714285714287,0.7057354925775977,0.6889333660712741,0.5315732420921762,0.6718115218115217,0.4761760764833806
local_gpt-4.1-mini_n5_culture_us_lang_japanese_0,degree_preserving_rewire,0,True,offline_synthetic_control,0.15591836734693879,0.2426471894118953,1.0,0.5274829931972775,1,0.23424522354102134,3,4,2.155918367346939,0.024468076109042527,0.07535209736068332,0.044662766394233014,-0.05205398169864061,-0.016452080864883353
local_gpt-4.1-mini_n5_culture_us_lang_japanese_1,uniform_edge_count,0,True,offline_synthetic_control,0.19510204081632654,0.20327172827172826,1.0,0.5768707482993187,1,0.23928152518338258,2,3,1.9289795918367347,0.08640125387902522,0.07125268999401245,0.026484663326853536,-0.022593792172739532,0.014943175641979575
local_gpt-4.1-mini_n5_culture_us_lang_japanese_1,equal_weight_demographic_similarity,0,True,offline_synthetic_control,0.19510204081632654,0.5702935279374907,1.0,0.4945753158406226,1,0.4341310551285867,4,7,2.583673469387755,0.7149659992580346,0.7053693052488639,0.43700027570995315,0.6595093156244236,0.3118137712035627
local_gpt-4.1-mini_n5_culture_us_lang_japanese_1,degree_preserving_rewire,0,True,offline_synthetic_control,0.19510204081632654,0.28543188232924416,1.0,0.5681632653061194,1,0.22444460005952271,2,4,1.986122448979592,0.010964415434962411,0.0850745733075838,-0.061588320854645454,0.03457414904783332,-0.07269981075831737
local_gpt-4.1-mini_n5_culture_us_lang_spanish_0,uniform_edge_count,0,True,offline_synthetic_control,0.16081632653061226,0.1561183261183261,1.0,0.5396598639455757,1,0.26434589914710505,3,4,2.0848979591836736,0.04350745872485007,-0.039517568297975494,-0.04742114457427322,0.0829706008277437,-0.04022986295747362
local_gpt-4.1-mini_n5_culture_us_lang_spanish_0,equal_weight_demographic_similarity,0,True,offline_synthetic_control,0.16081632653061226,0.5131438300261828,1.0,0.4627249757045703,1,0.45758715761807833,4,7,2.755918367346939,0.7149332149332148,0.6835538536043928,0.5126977453261574,0.6714824391294979,0.46673619884209533
local_gpt-4.1-mini_n5_culture_us_lang_spanish_0,degree_preserving_rewire,0,True,offline_synthetic_control,0.16081632653061226,0.2667029381007709,1.0,0.5281904761904732,1,0.21443479605246205,3,5,2.1714285714285713,-0.03722609759585592,0.023893069238813236,0.04300985903046084,-0.10155432196669312,0.013263176025131971
local_gpt-4.1-mini_n5_culture_us_lang_spanish_1,uniform_edge_count,0,True,offline_synthetic_control,0.19591836734693877,0.20433033633033632,1.0,0.5775510204081623,1,0.2384027777777778,2,3,1.926530612244898,0.023921984448300168,-0.03629214659215729,-0.09564056411114183,-0.001647129288953538,-0.1011810950790355
local_gpt-4.1-mini_n5_culture_us_lang_spanish_1,equal_weight_demographic_similarity,0,True,offline_synthetic_control,0.19591836734693877,0.572587789231752,1.0,0.49511953352769744,1,0.43513888888888885,4,7,2.5820408163265305,0.7161841569736307,0.7060033578648852,0.4326039245379998,0.6613371907196254,0.30613049158762085
local_gpt-4.1-mini_n5_culture_us_lang_spanish_1,degree_preserving_rewire,0,True,offline_synthetic_control,0.19591836734693877,0.2963519530677964,1.0,0.5741496598639447,1,0.21816840277777783,2,3,1.9469387755102041,-0.02716440422322772,0.08103671737338548,-0.029485490765985185,0.010218017949976677,0.044927751172713096
local_gpt-4.1-nano_n5_culture_brazil_0,uniform_edge_count,0,True,offline_synthetic_control,0.1730612244897959,0.17019058719058713,1.0,0.554625850340133,1,0.26628693485226057,3,4,2.0187755102040814,-0.12459992208670344,-0.022335423415846364,0.00720113551654766,-0.0032051282051282146,0.0723909738924601
local_gpt-4.1-nano_n5_culture_brazil_0,equal_weight_demographic_similarity,0,True,offline_synthetic_control,0.1730612244897959,0.5346727390256801,1.0,0.47786783284742645,1,0.44523184407262373,4,7,2.6522448979591835,0.7068827337493188,0.7076183367265828,0.4908976378303814,0.656256331081506,0.42077764867382383
local_gpt-4.1-nano_n5_culture_brazil_0,degree_preserving_rewire,0,True,offline_synthetic_control,0.1730612244897959,0.3452990675935891,1.0,0.5446258503401344,1,0.20689079743681027,2,4,2.08,-0.10272635860871156,0.05427169260758148,-0.020108581223927904,-0.08223362916429514,-0.062044045884089044
local_gpt-4.1-nano_n5_culture_india_0,uniform_edge_count,0,True,offline_synthetic_control,0.17714285714285713,0.17544977244977247,1.0,0.5593197278911545,1,0.2501858183439869,2,3,1.9983673469387755,0.03715661285754733,-0.006540075936546607,0.003351364151176369,0.02108662863138567,-0.07139584043120252
local_gpt-4.1-nano_n5_culture_india_0,equal_weight_demographic_similarity,0,True,offline_synthetic_control,0.17714285714285713,0.5451284826284826,1.0,0.4809290573372224,1,0.451081993671558,4,7,2.6416326530612246,0.7045787545787544,0.711181805676749,0.4732579187436603,0.6640818858560794,0.40292907104366293
local_gpt-4.1-nano_n5_culture_india_0,degree_preserving_rewire,0,True,offline_synthetic_control,0.17714285714285713,0.4257186215296314,1.0,0.5529931972789104,1,0.20583363418208073,2,4,2.042448979591837,0.00012417489052997388,0.12867327155266026,-0.050788406758130414,-0.06565273508708908,-0.059857547301331665
local_gpt-4.1-nano_n5_culture_india_1,uniform_edge_count,0,True,offline_synthetic_control,0.21306122448979592,0.21333596795361495,1.0,0.5927891156462576,1,0.22133409668090603,2,3,1.8693877551020408,0.03214953651000162,-0.03246690792711579,-0.021517990524948176,-0.052590414757715157,-0.01495454752060945
local_gpt-4.1-nano_n5_culture_india_1,equal_weight_demographic_similarity,0,True,offline_synthetic_control,0.21306122448979592,0.574954014509742,1.0,0.5072555879494658,1,0.4154959557258408,4,7,2.537142857142857,0.6774406452139676,0.7078098593796136,0.4338903158172755,0.657547970793004,0.18561001407632163
local_gpt-4.1-nano_n5_culture_india_1,degree_preserving_rewire,0,True,offline_synthetic_control,0.21306122448979592,0.43635693849342566,1.0,0.5831972789115651,1,0.17668560355837407,2,4,1.9273469387755102,-0.050073781416603166,0.07228103479434292,0.008278830024388801,0.009874663489121329,-0.0835806680086704
local_gpt-4.1-nano_n5_culture_japan_0,uniform_edge_count,0,True,offline_synthetic_control,0.17142857142857143,0.16393706293706295,1.0,0.5534013605442141,1,0.25121315192743765,3,4,2.0228571428571427,-0.06453752032172502,0.03103344835655359,-0.007740207239471772,-0.02330270878362966,-0.04030386314805518
local_gpt-4.1-nano_n5_culture_japan_0,equal_weight_demographic_similarity,0,True,offline_synthetic_control,0.17142857142857143,0.5311575875105286,1.0,0.4737045675413043,1,0.4475850340136055,4,7,2.6889795918367345,0.7039215669173265,0.706135107331673,0.4904453875910455,0.6621795317581033,0.42338215196698675
local_gpt-4.1-nano_n5_culture_japan_0,degree_preserving_rewire,0,True,offline_synthetic_control,0.17142857142857143,0.3546427482793751,1.0,0.5431972789115639,1,0.2068027210884354,3,4,2.088979591836735,-0.12561459039340772,0.08441976976965328,-0.021016980846280495,-0.1090603788777684,0.006692982752158097
local_gpt-4.1-nano_n5_culture_japan_1,uniform_edge_count,0,True,offline_synthetic_control,0.2089795918367347,0.21315362415362413,1.0,0.5893877551020392,1,0.21897125244140625,2,3,1.8816326530612244,0.09981051214916872,0.04589220226256195,-0.056531499408499185,-0.03397283300231484,0.01484095420363269
local_gpt-4.1-nano_n5_culture_japan_1,equal_weight_demographic_similarity,0,True,offline_synthetic_control,0.2089795918367347,0.5736973578537047,1.0,0.5052147716229356,1,0.4253387451171875,4,7,2.541224489795918,0.6712780485507759,0.7097283888608901,0.44742780797701937,0.6515593769853271,0.21558438749115022
local_gpt-4.1-nano_n5_culture_japan_1,degree_preserving_rewire,0,True,offline_synthetic_control,0.2089795918367347,0.3864705875855815,1.0,0.5730612244897961,1,0.17433929443359375,3,4,1.9844897959183674,0.026546701705937342,0.13230663792654765,-0.05514881252018832,-0.01747270686664628,-0.03318555330848453
local_gpt-4.1-nano_n5_culture_us_0,uniform_edge_count,0,True,offline_synthetic_control,0.1763265306122449,0.17292451992451993,1.0,0.5585034013605429,1,0.2597307956104253,2,3,2.0016326530612245,-0.03071276060773437,-0.015892038974510386,-0.07672197748643451,0.0253713947743798,0.06545270295193113
local_gpt-4.1-nano_n5_culture_us_0,equal_weight_demographic_similarity,0,True,offline_synthetic_control,0.1763265306122449,0.5437841602841602,1.0,0.48024878522837894,1,0.44436942729766804,4,7,2.6440816326530614,0.7031845031845031,0.7104850826159043,0.4783230998926714,0.6621399287949078,0.4064833995210623
local_gpt-4.1-nano_n5_culture_us_0,degree_preserving_rewire,0,True,offline_synthetic_control,0.1763265306122449,0.3676449818865677,1.0,0.5456054421768692,1,0.18384559327846364,3,5,2.097142857142857,-0.02111487786271287,0.016812837366910822,-0.03240746346380021,0.005085874950596259,-0.029516874415800247
local_gpt-4.1-nano_n5_culture_us_1,uniform_edge_count,0,True,offline_synthetic_control,0.20979591836734693,0.21488666888666888,1.0,0.5897959183673465,1,0.22512831382761284,2,3,1.8808163265306121,0.02547369490788929,0.01720469902381312,-0.02600027721597961,-0.04482621879012255,0.04798706236965069
local_gpt-4.1-nano_n5_culture_us_1,equal_weight_demographic_similarity,0,True,offline_synthetic_control,0.20979591836734693,0.5753064154627622,1.0,0.5056229348882415,1,0.41441959757149993,4,7,2.540408163265306,0.6725911914436505,0.7103006227986013,0.4433245261856379,0.653253096110239,0.2103723174725811
local_gpt-4.1-nano_n5_culture_us_1,degree_preserving_rewire,0,True,offline_synthetic_control,0.20979591836734693,0.40826452054847523,1.0,0.5725442176870745,1,0.18934427470514317,3,5,1.993469387755102,-0.02556672911184668,0.13890504068972354,-0.07956989247311831,-0.041665733587130986,-0.0881851498469715
local_gpt-4.1-nano_n5_culture_us_lang_english_0,uniform_edge_count,0,True,offline_synthetic_control,0.17387755102040817,0.17098423798423795,1.0,0.5554421768707463,1,0.2571028675968172,3,4,2.015510204081633,0.010924521487901746,-0.06349128198469221,-0.03586625559254776,0.021904257198374834,0.02367825535431074
local_gpt-4.1-nano_n5_culture_us_lang_english_0,equal_weight_demographic_similarity,0,True,offline_synthetic_control,0.17387755102040817,0.5343315246844658,1.0,0.4782759961127326,1,0.4427582710661465,4,7,2.6514285714285712,0.6988468321801654,0.7083472742497221,0.492270834004705,0.6582409685176485,0.4163813304693437
local_gpt-4.1-nano_n5_culture_us_lang_english_0,degree_preserving_rewire,0,True,offline_synthetic_control,0.17387755102040817,0.4149017048311167,1.0,0.5539455782312915,1,0.19724922303775708,2,4,2.0261224489795917,-0.0742797363102424,0.05013520019554496,-0.049550879186505185,0.021708893700595006,0.017902786054219764
local_gpt-4.1-nano_n5_culture_us_lang_hindi_0,uniform_edge_count,0,True,offline_synthetic_control,0.16979591836734695,0.1663959373959374,1.0,0.5509523809523781,1,0.24142474112426038,3,4,2.0342857142857143,-0.04057457525826006,0.04780122751441708,-0.02382577053843574,0.0073791676669956105,0.018449913644258572
local_gpt-4.1-nano_n5_culture_us_lang_hindi_0,equal_weight_demographic_similarity,0,True,offline_synthetic_control,0.16979591836734695,0.5293610507139918,1.0,0.47241205053450164,1,0.44701137204142016,4,7,2.693877551020408,0.7008459588551121,0.6968672938778371,0.5001997772003661,0.658054048303011,0.43145668303076096
local_gpt-4.1-nano_n5_culture_us_lang_hindi_0,degree_preserving_rewire,0,True,offline_synthetic_control,0.16979591836734695,0.3785133225219912,1.0,0.5433333333333311,1,0.21259014423076925,3,4,2.086530612244898,-0.04025524766711033,0.0346640922336927,-0.09272935463669821,-0.07647821050243035,-0.02705486708188486
local_gpt-4.1-nano_n5_culture_us_lang_japanese_0,uniform_edge_count,0,True,offline_synthetic_control,0.17551020408163265,0.17635309135309135,1.0,0.5572108843537388,1,0.26448891292590593,2,4,2.0081632653061225,-0.12182287396335971,-0.0006041193382625033,-0.10253603687394677,0.040284205406156674,0.034003107630519884
local_gpt-4.1-nano_n5_culture_us_lang_japanese_0,equal_weight_demographic_similarity,0,True,offline_synthetic_control,0.17551020408163265,0.5380264572029276,1.0,0.4792283770651136,1,0.4438615467820443,4,7,2.6489795918367345,0.7017649017649017,0.7097805091543737,0.48310399278141214,0.6608614079451831,0.4107862497225017
local_gpt-4.1-nano_n5_culture_us_lang_japanese_0,degree_preserving_rewire,0,True,offline_synthetic_control,0.17551020408163265,0.43068593694834084,1.0,0.5535374149659845,1,0.20364521362898869,3,4,2.0351020408163265,0.00905646133236556,-0.00742687666656118,-0.0740435478304956,-0.021640951208118285,-0.08997910314647094
local_gpt-4.1-nano_n5_culture_us_lang_japanese_1,uniform_edge_count,0,True,offline_synthetic_control,0.20408163265306123,0.2121346431346431,1.0,0.5851700680272094,1,0.22464,2,3,1.8971428571428572,-0.07371794871794873,-0.024963321329243025,-0.03173619396948864,-0.008683580642893901,0.055732413352120175
local_gpt-4.1-nano_n5_culture_us_lang_japanese_1,equal_weight_demographic_similarity,0,True,offline_synthetic_control,0.20408163265306123,0.5723377697294105,1.0,0.5015276967930041,1,0.43903200000000003,4,7,2.556734693877551,0.6954346265786944,0.7144277276127843,0.44048414716546147,0.6429087378379832,0.2514449814482925
local_gpt-4.1-nano_n5_culture_us_lang_japanese_1,degree_preserving_rewire,0,True,offline_synthetic_control,0.20408163265306123,0.4561821555047157,1.0,0.5674149659863942,1,0.17268000000000003,2,4,2.0081632653061225,-0.05720168698523895,0.07500830901935387,-0.06471279235520833,-0.041934172230782385,-0.06377377694470633
local_gpt-4.1-nano_n5_culture_us_lang_spanish_0,uniform_edge_count,0,True,offline_synthetic_control,0.17469387755102042,0.17454623154623156,1.0,0.55625850340136,1,0.24632063935714904,2,4,2.012244897959184,-0.011009211376858393,-0.029381208236866876,-0.002518068205600424,-0.0952149185168982,0.10555975004715865
local_gpt-4.1-nano_n5_culture_us_lang_spanish_0,equal_weight_demographic_similarity,0,True,offline_synthetic_control,0.17469387755102042,0.535644655997597,1.0,0.4786841593780387,1,0.4433247445191719,4,7,2.650612244897959,0.7003192526128306,0.7090679518575852,0.487332188076605,0.6595619277372662,0.4151173219098555
local_gpt-4.1-nano_n5_culture_us_lang_spanish_0,degree_preserving_rewire,0,True,offline_synthetic_control,0.17469387755102042,0.48077538931656577,1.0,0.5575510204081621,1,0.2203249192069176,2,4,2.0146938775510206,-0.02442300549726653,0.06920355867777002,-0.013949604441964386,-0.0968966599534434,0.054528090716652336
local_gpt-4.1_n5_culture_brazil_0,uniform_edge_count,0,True,offline_synthetic_control,0.156734693877551,0.1536580086580087,1.0,0.5350340136054396,1,0.2674289279513889,3,4,2.1044897959183673,-0.0016793242599694256,-0.06205656175513692,0.027848991152795675,-0.06459384080964632,-0.06851585816487175
local_gpt-4.1_n5_culture_brazil_0,equal_weight_demographic_similarity,0,True,offline_synthetic_control,0.156734693877551,0.5042035644094466,1.0,0.4587793974732777,1,0.4574517144097223,4,7,2.779591836734694,0.7073985042735041,0.689783335865736,0.5256071073662162,0.673224872539941,0.47450290993443983
local_gpt-4.1_n5_culture_brazil_0,degree_preserving_rewire,0,True,offline_synthetic_control,0.156734693877551,0.20943805214393454,1.0,0.5269251700680252,1,0.2423095703125,3,5,2.1697959183673468,-0.022988939165409717,0.058992419688689623,0.020517708600676962,-0.08908669850919092,-0.008446504680085697
local_gpt-4.1_n5_culture_brazil_1,uniform_edge_count,0,True,offline_synthetic_control,0.18693877551020407,0.1924988344988345,1.0,0.5692517006802701,1,0.2487938826490723,2,3,1.9583673469387755,-0.19406609212434456,0.03739870960948224,-0.0576615388072563,0.0639805444061129,-0.06029701353567622
local_gpt-4.1_n5_culture_brazil_1,equal_weight_demographic_similarity,0,True,offline_synthetic_control,0.18693877551020407,0.5558045200413622,1.0,0.48845286686103145,1,0.43486012852539047,4,7,2.608979591836735,0.7199971745426291,0.7135881409011218,0.44861566351002435,0.6540375403265226,0.36370706617648285
local_gpt-4.1_n5_culture_brazil_1,degree_preserving_rewire,0,True,offline_synthetic_control,0.18693877551020407,0.24715629355015556,1.0,0.5684353741496586,1,0.2336339886729849,2,3,1.963265306122449,-0.07237740644410402,0.021059146066453174,-0.030836044801426418,0.0072403615569083535,0.004863671907508857
local_gpt-4.1_n5_culture_india_0,uniform_edge_count,0,True,offline_synthetic_control,0.15346938775510205,0.15813419913419913,1.0,0.5311564625850331,1,0.27112098234495247,3,4,2.1216326530612246,-0.034451005048019984,-0.06907969076265143,-0.09077531207244978,-0.07619823393304058,-0.03478096262770009
local_gpt-4.1_n5_culture_india_0,equal_weight_demographic_similarity,0,True,offline_synthetic_control,0.15346938775510205,0.4953404373404372,1.0,0.45537803692905954,1,0.46055907650520594,4,7,2.796734693877551,0.7119596090184325,0.6955323429299741,0.5317903710659794,0.6660631414423123,0.47930450339295855
local_gpt-4.1_n5_culture_india_0,degree_preserving_rewire,0,True,offline_synthetic_control,0.15346938775510205,0.2167092188856895,1.0,0.5193333333333312,1,0.2366596876414667,3,5,2.2155102040816326,0.10479470591830142,0.04910959194044816,0.08721810303005158,-0.06826723549983318,-0.007279276679155717
local_gpt-4.1_n5_culture_india_1,uniform_edge_count,0,True,offline_synthetic_control,0.1853061224489796,0.19066511266511266,1.0,0.5670748299319722,1,0.25345921713986297,2,3,1.9681632653061225,0.0289934299864206,0.03239926586379871,-0.04900378713721554,0.07325356846131395,-0.09607599808130625
local_gpt-4.1_n5_culture_india_1,equal_weight_demographic_similarity,0,True,offline_synthetic_control,0.1853061224489796,0.5508068656489707,1.0,0.48763654033041925,1,0.43405655068019944,4,7,2.6106122448979594,0.7175895999425412,0.7122975723176673,0.45679456005451696,0.6515941079546582,0.3707537920383312
local_gpt-4.1_n5_culture_india_1,degree_preserving_rewire,0,True,offline_synthetic_control,0.1853061224489796,0.2853076998307178,1.0,0.5676190476190471,1,0.23462516252983756,2,3,1.9648979591836735,0.04218801000979218,0.12567635749952147,-0.022967506402117907,-0.053509264458169586,-0.023106978139525287
local_gpt-4.1_n5_culture_japan_0,uniform_edge_count,0,True,offline_synthetic_control,0.15428571428571428,0.15892640692640697,1.0,0.5325850340136044,1,0.26762968561910355,3,4,2.1142857142857143,0.03515147271623957,-0.03477844404925315,0.011973276796130333,-0.07450242191174834,-0.13181017777020057
local_gpt-4.1_n5_culture_japan_0,equal_weight_demographic_similarity,0,True,offline_synthetic_control,0.15428571428571428,0.5006737706737706,1.0,0.4561943634596719,1,0.43547213123932693,4,7,2.79265306122449,0.7133699633699632,0.6980026986611994,0.5258049819436434,0.6675027870680044,0.48068602609427435
local_gpt-4.1_n5_culture_japan_0,degree_preserving_rewire,0,True,offline_synthetic_control,0.15428571428571428,0.20608441884912465,1.0,0.5294557823129231,1,0.2498670249993001,3,4,2.1379591836734693,-0.02006009344008894,0.05271497185830859,-0.030325604149694173,-0.0206782464846981,-0.011024048187756064
local_gpt-4.1_n5_culture_japan_1,uniform_edge_count,0,True,offline_synthetic_control,0.1893877551020408,0.19623310023310014,1.0,0.5717006802721079,1,0.2367159631391201,2,3,1.9485714285714286,0.006935951078210496,0.02207325775766546,0.051051991390844945,0.006935951078210496,0.03016582701230414
local_gpt-4.1_n5_culture_japan_1,equal_weight_demographic_similarity,0,True,offline_synthetic_control,0.1893877551020408,0.55870282280499,1.0,0.4900855199222555,1,0.433273260998811,4,7,2.6040816326530614,0.7149878497236618,0.7168360889332945,0.44211624765704466,0.6583214183585931,0.3476816778658772
local_gpt-4.1_n5_culture_japan_1,degree_preserving_rewire,0,True,offline_synthetic_control,0.1893877551020408,0.26009924921999233,1.0,0.5718367346938761,1,0.21466260404280618,2,3,1.9477551020408164,0.007681552065952391,0.05871036570550263,0.0012724554306858399,-0.1196070234113712,0.005087522189682297
local_gpt-4.1_n5_culture_us_0,uniform_edge_count,0,True,offline_synthetic_control,0.15428571428571428,0.15892640692640694,1.0,0.532585034013602,1,0.24808935920047032,3,4,2.1142857142857143,0.024327095395643813,-0.02642746895125692,-0.025162687471653192,-0.019588250495305413,-0.17592220124438027
local_gpt-4.1_n5_culture_us_0,equal_weight_demographic_similarity,0,True,offline_synthetic_control,0.15428571428571428,0.5006737706737706,1.0,0.4561943634596719,1,0.43547213123932693,4,7,2.79265306122449,0.7133699633699632,0.6980026986611994,0.5258049819436434,0.6675027870680044,0.48068602609427435
local_gpt-4.1_n5_culture_us_0,degree_preserving_rewire,0,True,offline_synthetic_control,0.15428571428571428,0.2796628885390496,1.0,0.5258775510204065,1,0.2790375409423028,3,5,2.1689795918367345,-0.039044223566695485,0.016864688302049007,-0.028930871268578733,-0.08447063688999175,-0.006203884227815698
local_gpt-4.1_n5_culture_us_1,uniform_edge_count,0,True,offline_synthetic_control,0.18612244897959185,0.19157575757575757,1.0,0.5681632653061206,1,0.24943251769775315,2,3,1.963265306122449,-0.0016175136250688791,-0.0007716684572867914,-0.09493115202294578,0.01595472345607265,-0.04580019766685395
local_gpt-4.1_n5_culture_us_1,equal_weight_demographic_similarity,0,True,offline_synthetic_control,0.18612244897959185,0.5543662156556891,1.0,0.4880447035957254,1,0.43447022160664817,4,7,2.609795918367347,0.7188034188034189,0.7129462528425089,0.45293008591482153,0.6528251147579739,0.36862297915742276
local_gpt-4.1_n5_culture_us_1,degree_preserving_rewire,0,True,offline_synthetic_control,0.18612244897959185,0.28059857668990806,1.0,0.5646258503401346,1,0.2275123114804555,2,3,1.9844897959183674,0.07294167601513926,0.06938165389627739,0.02586803449773907,-0.002518315018315037,0.003964198010931265
local_gpt-4.1_n5_culture_us_lang_english_0,uniform_edge_count,0,True,offline_synthetic_control,0.15428571428571428,0.15892640692640692,1.0,0.5325850340136048,1,0.2856442988718121,3,4,2.1142857142857143,-0.007259451559969645,-0.14261931795945687,-0.019528767589200437,-0.07056886647050581,-0.055189862142993144
local_gpt-4.1_n5_culture_us_lang_english_0,equal_weight_demographic_similarity,0,True,offline_synthetic_control,0.15428571428571428,0.5006737706737706,1.0,0.4561943634596719,1,0.43547213123932693,4,7,2.79265306122449,0.7133699633699632,0.6980026986611994,0.5258049819436434,0.6675027870680044,0.48068602609427435
local_gpt-4.1_n5_culture_us_lang_english_0,degree_preserving_rewire,0,True,offline_synthetic_control,0.15428571428571428,0.25904991740285865,1.0,0.528163265306122,1,0.25893731978388057,3,4,2.146122448979592,0.06651434374206645,0.12469267250347928,0.011545501113481321,-0.15149136577708008,0.11422448548093986
local_gpt-4.1_n5_culture_us_lang_english_1,uniform_edge_count,0,True,offline_synthetic_control,0.1853061224489796,0.1906651126651127,1.0,0.5670748299319706,1,0.253905567738555,2,3,1.9681632653061225,-0.014862602664992711,0.0028989449767350853,-0.08909732533222559,0.07294312563370853,-0.07716039949370507
local_gpt-4.1_n5_culture_us_lang_english_1,equal_weight_demographic_similarity,0,True,offline_synthetic_control,0.1853061224489796,0.5508068656489707,1.0,0.48763654033041925,1,0.43405655068019944,4,7,2.6106122448979594,0.7175895999425412,0.7122975723176673,0.45679456005451696,0.6515941079546582,0.3707537920383312
local_gpt-4.1_n5_culture_us_lang_english_1,degree_preserving_rewire,0,True,offline_synthetic_control,0.1853061224489796,0.26922889133570244,1.0,0.562857142857141,1,0.22647441246676625,2,3,1.993469387755102,0.04218801000979218,0.1082672760548819,-0.09930412804746945,-0.115279804128725,-0.1462837719772841
local_gpt-4.1_n5_culture_us_lang_hindi_0,uniform_edge_count,0,True,offline_synthetic_control,0.15836734693877552,0.15481673881673882,1.0,0.5366666666666638,1,0.26944946327983843,3,4,2.0979591836734692,-0.0738848078356223,0.007367228643639378,-0.032229952913064866,-0.10487753881081366,0.021224249292395088
local_gpt-4.1_n5_culture_us_lang_hindi_0,equal_weight_demographic_similarity,0,True,offline_synthetic_control,0.15836734693877552,0.5042077660901189,1.0,0.45959572400389,1,0.4584838983951536,4,7,2.7779591836734694,0.7106227106227104,0.6914515995616983,0.514261737973041,0.6759755192490619,0.47183381374938527
local_gpt-4.1_n5_culture_us_lang_hindi_0,degree_preserving_rewire,0,True,offline_synthetic_control,0.15836734693877552,0.22624644309938435,1.0,0.5208979591836722,1,0.2474492507173982,3,5,2.217142857142857,-0.08931876699721836,0.09005939112134898,-0.06740714482649968,0.06599836333878893,0.0709997111452898
local_gpt-4.1_n5_culture_us_lang_hindi_1,uniform_edge_count,0,True,offline_synthetic_control,0.18693877551020407,0.19249883449883448,1.0,0.5692517006802714,1,0.25324650559676587,2,3,1.9583673469387755,0.06352921756355243,-0.0490128474713108,0.029362607124661516,-0.06182072157301675,-0.017341466079432516
local_gpt-4.1_n5_culture_us_lang_hindi_1,equal_weight_demographic_similarity,0,True,offline_synthetic_control,0.18693877551020407,0.5558045200413622,1.0,0.48845286686103145,1,0.43486012852539047,4,7,2.608979591836735,0.7199971745426291,0.7135881409011218,0.44861566351002435,0.6540375403265226,0.36370706617648285
local_gpt-4.1_n5_culture_us_lang_hindi_1,degree_preserving_rewire,0,True,offline_synthetic_control,0.18693877551020407,0.23226135440067316,1.0,0.5644897959183661,1,0.22910508952918518,2,3,1.9869387755102041,-0.017459566074950666,0.04543328446986629,-0.12582608488863536,-0.06164269584002023,0.015028674378221942
local_gpt-4.1_n5_culture_us_lang_japanese_0,uniform_edge_count,0,True,offline_synthetic_control,0.156734693877551,0.15365800865800863,1.0,0.5350340136054395,1,0.2608371310763889,3,4,2.1044897959183673,-0.0793262923003144,0.045177457172127136,-0.06594194336129823,-0.10593924191750283,-0.03471016357549073
local_gpt-4.1_n5_culture_us_lang_japanese_0,equal_weight_demographic_similarity,0,True,offline_synthetic_control,0.156734693877551,0.5042035644094466,1.0,0.4587793974732777,1,0.4574517144097223,4,7,2.779591836734694,0.7073985042735041,0.689783335865736,0.5256071073662162,0.673224872539941,0.47450290993443983
local_gpt-4.1_n5_culture_us_lang_japanese_0,degree_preserving_rewire,0,True,offline_synthetic_control,0.156734693877551,0.18216763628528337,1.0,0.5297278911564606,1,0.24022081163194445,2,4,2.1395918367346938,0.004002648368845535,0.06986072580855163,-0.03236659433448035,-0.07131270903010037,-0.058825280073206275
local_gpt-4.1_n5_culture_us_lang_japanese_1,uniform_edge_count,0,True,offline_synthetic_control,0.1893877551020408,0.1962331002331002,1.0,0.5717006802721072,1,0.24470496432818079,2,3,1.9485714285714286,-0.018881405245041668,-0.061110475184477694,-0.021489156734789055,0.03253371277537756,-0.06974993159300227
local_gpt-4.1_n5_culture_us_lang_japanese_1,equal_weight_demographic_similarity,0,True,offline_synthetic_control,0.1893877551020408,0.55870282280499,1.0,0.4900855199222555,1,0.433273260998811,4,7,2.6040816326530614,0.7149878497236618,0.7168360889332945,0.44211624765704466,0.6583214183585931,0.3476816778658772
local_gpt-4.1_n5_culture_us_lang_japanese_1,degree_preserving_rewire,0,True,offline_synthetic_control,0.1893877551020408,0.26685413984020795,1.0,0.5666666666666651,1,0.2293122027348395,2,3,1.9787755102040816,-0.03836938742599116,0.07890696706875183,-0.007902824805084118,-0.02772075143855135,-0.022738094714861046
local_gpt-4.1_n5_culture_us_lang_spanish_0,uniform_edge_count,0,True,offline_synthetic_control,0.15183673469387754,0.1591803751803752,1.0,0.5280272108843518,1,0.280075731298416,3,4,2.1395918367346938,0.030523048380191296,-0.0066544008907910715,-0.019908058457609623,-0.13185703975636293,-0.034349565024748764
local_gpt-4.1_n5_culture_us_lang_spanish_0,equal_weight_demographic_similarity,0,True,offline_synthetic_control,0.15183673469387754,0.49549134199134187,1.0,0.4542896015549102,1,0.46538617181177017,4,7,2.8,0.7304292157233335,0.6938464053644022,0.527453167708876,0.6623607959643039,0.4850536702962274
local_gpt-4.1_n5_culture_us_lang_spanish_0,degree_preserving_rewire,0,True,offline_synthetic_control,0.15183673469387754,0.2313595163006928,1.0,0.5238095238095216,1,0.2602468493467453,3,4,2.1689795918367345,-0.05888637506284559,0.015488998889162872,-0.03649729391304453,0.007582023711055954,-0.03164876666959585
local_gpt-4.1_n5_culture_us_lang_spanish_1,uniform_edge_count,0,True,offline_synthetic_control,0.1893877551020408,0.19623310023310023,1.0,0.5717006802721072,1,0.23721759809750298,2,3,1.9485714285714286,0.03290598290598289,-0.04829760946168256,0.005138343034556205,0.00630424269279602,-0.05525745054186248
local_gpt-4.1_n5_culture_us_lang_spanish_1,equal_weight_demographic_similarity,0,True,offline_synthetic_control,0.1893877551020408,0.55870282280499,1.0,0.4900855199222555,1,0.433273260998811,4,7,2.6040816326530614,0.7149878497236618,0.7168360889332945,0.44211624765704466,0.6583214183585931,0.3476816778658772
local_gpt-4.1_n5_culture_us_lang_spanish_1,degree_preserving_rewire,0,True,offline_synthetic_control,0.1893877551020408,0.2725666237786981,1.0,0.5680952380952364,1,0.20761184601664687,2,4,1.9706122448979593,-0.10167592797435468,0.12697359691581409,0.005743881515134969,-0.05178813730368559,0.013083835369149973
sequential_gpt-4.1-mini_n5_culture_brazil_0,uniform_edge_count,0,True,offline_synthetic_control,0.15183673469387754,0.1591803751803752,1.0,0.5280272108843509,1,0.27107180020811655,3,4,2.1395918367346938,-0.023214544400985127,-0.06879769367074537,0.03826957615131163,-0.033921713639077256,-0.0019295972186602936
sequential_gpt-4.1-mini_n5_culture_brazil_0,equal_weight_demographic_similarity,0,True,offline_synthetic_control,0.15183673469387754,0.49549134199134187,1.0,0.4542896015549102,1,0.46538617181177017,4,7,2.8,0.7304292157233335,0.6938464053644022,0.527453167708876,0.6623607959643039,0.4850536702962274
sequential_gpt-4.1-mini_n5_culture_brazil_0,degree_preserving_rewire,0,True,offline_synthetic_control,0.15183673469387754,0.2648287324990112,1.0,0.5200272108843536,1,0.24734073303272058,3,5,2.199183673469388,0.039883242357712116,0.0737900293783789,0.04205811343377348,0.006614839061647525,-0.07467546044233742
sequential_gpt-4.1-mini_n5_culture_brazil_1,uniform_edge_count,0,True,offline_synthetic_control,0.18775510204081633,0.19344977244977246,1.0,0.5704761904761892,1,0.24724952741020795,2,3,1.95265306122449,-0.09742132867132872,-0.028117414822818813,-0.04563490042948143,0.0680734302584395,0.017798668314980098
sequential_gpt-4.1-mini_n5_culture_brazil_1,equal_weight_demographic_similarity,0,True,offline_synthetic_control,0.18775510204081633,0.557807426491637,1.0,0.4888610301263375,1,0.435226843100189,4,7,2.6081632653061226,0.7211713605156228,0.7142233426257906,0.4448651403993923,0.6552318022161417,0.35834923029621696
sequential_gpt-4.1-mini_n5_culture_brazil_1,degree_preserving_rewire,0,True,offline_synthetic_control,0.18775510204081633,0.30327692465772965,1.0,0.5569659863945569,1,0.20238185255198488,3,5,2.042448979591837,-0.012556776556776499,0.12022727217049657,-0.010941904436622366,-0.14570774053532667,-0.01690075020218878
sequential_gpt-4.1-mini_n5_culture_india_0,uniform_edge_count,0,True,offline_synthetic_control,0.15510204081632653,0.15740259740259735,1.0,0.5335374149659861,1,0.27872576177285324,3,4,2.110204081632653,-0.1188525526760821,-0.05042303786450326,-0.03934284606899574,-0.10837025104040815,-0.032976471356439434
sequential_gpt-4.1-mini_n5_culture_india_0,equal_weight_demographic_similarity,0,True,offline_synthetic_control,0.15510204081632653,0.5019594849594848,1.0,0.45673858114674676,1,0.4580470914127424,4,7,2.7910204081632655,0.7043184885290148,0.6988296108957417,0.5287315256954725,0.6696835883952448,0.47842686068598594
sequential_gpt-4.1-mini_n5_culture_india_0,degree_preserving_rewire,0,True,offline_synthetic_control,0.15510204081632653,0.24289690048513582,1.0,0.523061224489795,1,0.2311080332409972,2,4,2.190204081632653,0.018596931440968092,0.13074854447707934,0.05451417430844172,0.051046003685755334,0.025979101636532633
sequential_gpt-4.1-mini_n5_culture_india_1,uniform_edge_count,0,True,offline_synthetic_control,0.1926530612244898,0.2025908535908536,1.0,0.5746938775510191,1,0.25526967825337543,2,3,1.937142857142857,0.048381482770623076,0.04109472837109748,0.02883255222387124,-0.08822251195132552,0.05225829010116865
sequential_gpt-4.1-mini_n5_culture_india_1,equal_weight_demographic_similarity,0,True,offline_synthetic_control,0.1926530612244898,0.5691029227050898,1.0,0.4928746355685138,1,0.4344746480896294,4,7,2.590204081632653,0.7198268756294581,0.7034283278528803,0.44452500422899455,0.6560708898944193,0.32678867427815433
sequential_gpt-4.1-mini_n5_culture_india_1,degree_preserving_rewire,0,True,offline_synthetic_control,0.1926530612244898,0.29776348316286405,1.0,0.5646258503401353,1,0.1940893421430623,2,4,1.9983673469387755,-0.012679943207995995,0.09305205229567072,-0.08220919698789167,-0.03262362637362634,0.061767441825979534
sequential_gpt-4.1-mini_n5_culture_japan_0,uniform_edge_count,0,True,offline_synthetic_control,0.15346938775510205,0.15813419913419915,1.0,0.5311564625850331,1,0.2715312358533273,3,4,2.1216326530612246,-0.013475449749959567,-0.09971407743459358,0.029446423451458287,-0.04429227922487237,-0.13144916904105916
sequential_gpt-4.1-mini_n5_culture_japan_0,equal_weight_demographic_similarity,0,True,offline_synthetic_control,0.15346938775510205,0.4953404373404372,1.0,0.45537803692905954,1,0.46055907650520594,4,7,2.796734693877551,0.7119596090184325,0.6955323429299741,0.5317903710659794,0.6660631414423123,0.47930450339295855
sequential_gpt-4.1-mini_n5_culture_japan_0,degree_preserving_rewire,0,True,offline_synthetic_control,0.15346938775510205,0.20699517097969114,1.0,0.5230884353741487,1,0.2530415346310547,3,5,2.186122448979592,0.12236721611721604,0.12037531745972964,-0.06484021154378365,0.04068248327759202,-0.06153985332370728
sequential_gpt-4.1-mini_n5_culture_japan_1,uniform_edge_count,0,True,offline_synthetic_control,0.19020408163265307,0.19913597513597509,1.0,0.5725170068027198,1,0.23590414264399784,2,3,1.9453061224489796,-0.07789227004448643,-0.021775035435197973,0.01138854740996759,0.0275295626359456,0.01685366141114164
sequential_gpt-4.1-mini_n5_culture_japan_1,equal_weight_demographic_similarity,0,True,offline_synthetic_control,0.19020408163265307,0.5642467788489459,1.0,0.4906297376093302,1,0.4336329643205805,4,7,2.602448979591837,0.7161693749653374,0.7092653036947844,0.4449173681052239,0.659480556344025,0.34200318938723806
sequential_gpt-4.1-mini_n5_culture_japan_1,degree_preserving_rewire,0,True,offline_synthetic_control,0.19020408163265307,0.2797658239593224,1.0,0.5644217687074832,1,0.2034758422516532,2,4,1.9942857142857142,-0.009937072961852846,0.1572802007356181,-0.10517565241084373,-0.08460553482839556,-0.06673608799111268
sequential_gpt-4.1-mini_n5_culture_us_0,uniform_edge_count,0,True,offline_synthetic_control,0.15510204081632653,0.1574025974025974,1.0,0.533537414965985,1,0.27746537396121884,3,4,2.110204081632653,-0.0031314214241043234,-0.047554306499382304,-0.04248282358181177,-0.07540963310194079,-0.0544837133082516
sequential_gpt-4.1-mini_n5_culture_us_0,equal_weight_demographic_similarity,0,True,offline_synthetic_control,0.15510204081632653,0.5019594849594848,1.0,0.45673858114674676,1,0.4580470914127424,4,7,2.7910204081632655,0.7043184885290148,0.6988296108957417,0.5287315256954725,0.6696835883952448,0.47842686068598594
sequential_gpt-4.1-mini_n5_culture_us_0,degree_preserving_rewire,0,True,offline_synthetic_control,0.15510204081632653,0.20645234005760327,1.0,0.5139999999999991,1,0.21862880886426597,3,6,2.275918367346939,-0.10287511230907459,0.02859768598868026,0.030709567646677913,-0.058250122932530686,-0.06304703321682095
sequential_gpt-4.1-mini_n5_culture_us_1,uniform_edge_count,0,True,offline_synthetic_control,0.19428571428571428,0.20294849594849595,1.0,0.5764625850340134,1,0.23461443400889767,2,3,1.929795918367347,0.006279850685445055,0.015039397190689849,-0.1224673805318967,-0.0436909581646424,0.007936368191861644
sequential_gpt-4.1-mini_n5_culture_us_1,equal_weight_demographic_similarity,0,True,offline_synthetic_control,0.19428571428571428,0.5702002878442506,1.0,0.4938270165208947,1,0.43192571146105496,4,7,2.5877551020408163,0.7137260887260887,0.7047288480609635,0.44144186714482636,0.6583797844667411,0.31748108199764175
sequential_gpt-4.1-mini_n5_culture_us_1,degree_preserving_rewire,0,True,offline_synthetic_control,0.19428571428571428,0.3224943493039468,1.0,0.5699999999999984,1,0.20403749735188192,2,4,1.9689795918367348,-0.04758964846715437,0.13152860180603637,-0.06076896311079169,0.011442421349336235,0.044388683003888436
sequential_gpt-4.1-mini_n5_culture_us_lang_english_0,uniform_edge_count,0,True,offline_synthetic_control,0.15510204081632653,0.1574025974025974,1.0,0.5335374149659848,1,0.2788919667590028,3,4,2.110204081632653,-0.1284832462811284,-0.08386702683185586,-0.07623201171588272,-0.034129784960901986,0.14057935206856548
sequential_gpt-4.1-mini_n5_culture_us_lang_english_0,equal_weight_demographic_similarity,0,True,offline_synthetic_control,0.15510204081632653,0.5019594849594848,1.0,0.45673858114674676,1,0.4580470914127424,4,7,2.7910204081632655,0.7043184885290148,0.6988296108957417,0.5287315256954725,0.6696835883952448,0.47842686068598594
sequential_gpt-4.1-mini_n5_culture_us_lang_english_0,degree_preserving_rewire,0,True,offline_synthetic_control,0.15510204081632653,0.23250426749033562,1.0,0.5280272108843512,1,0.23500000000000004,2,4,2.15265306122449,-0.07663170163170163,0.08923349155022559,-0.026130769058808748,0.02918428350609201,-0.12161611751645941
sequential_gpt-4.1-mini_n5_culture_us_lang_english_1,uniform_edge_count,0,True,offline_synthetic_control,0.18857142857142858,0.19512032412032412,1.0,0.5708843537414959,1,0.2506512246771987,2,3,1.9518367346938776,-0.07531473781473783,0.1155459007366147,-0.024564688698094965,0.025056439485718063,-0.005541742444657443
sequential_gpt-4.1-mini_n5_culture_us_lang_english_1,equal_weight_demographic_similarity,0,True,offline_synthetic_control,0.18857142857142858,0.5587663148684819,1.0,0.4894052478134121,1,0.4322164127358932,4,7,2.606530612244898,0.7137058793740821,0.7148519619491676,0.4463087852627559,0.6564083055646512,0.35314136147534836
sequential_gpt-4.1-mini_n5_culture_us_lang_english_1,degree_preserving_rewire,0,True,offline_synthetic_control,0.18857142857142858,0.29734922043900375,1.0,0.5602721088435372,1,0.21774329566537362,2,4,2.0187755102040814,0.08813477093639996,0.07133207250275501,-0.006237497552634072,-0.04778554778554783,-0.05825327853568187
sequential_gpt-4.1-mini_n5_culture_us_lang_hindi_0,uniform_edge_count,0,True,offline_synthetic_control,0.15918367346938775,0.15372150072150068,1.0,0.5378911564625832,1,0.2790664036817883,3,4,2.092244897959184,-0.037689941348477904,-0.06337040512554723,0.01171201020250666,0.0019395134779749898,0.003643393569016787
sequential_gpt-4.1-mini_n5_culture_us_lang_hindi_0,equal_weight_demographic_similarity,0,True,offline_synthetic_control,0.15918367346938775,0.5063750432573961,1.0,0.46034402332361785,1,0.4549901380670611,4,7,2.7746938775510204,0.7120104980929721,0.692270284523606,0.5084653048393322,0.6780524842002783,0.46871651280949855
sequential_gpt-4.1-mini_n5_culture_us_lang_hindi_0,degree_preserving_rewire,0,True,offline_synthetic_control,0.15918367346938775,0.2573977893451578,1.0,0.5323129251700651,1,0.2261275476660092,3,4,2.1314285714285712,0.034336125920284365,0.11570493632730476,-0.08316893173306407,-0.0787409108304631,-0.022990389687631792
sequential_gpt-4.1-mini_n5_culture_us_lang_hindi_1,uniform_edge_count,0,True,offline_synthetic_control,0.1893877551020408,0.19623310023310023,1.0,0.5717006802721081,1,0.23962358799048755,2,3,1.9485714285714286,-0.06210260420919049,-0.062099187501087394,-0.05139941759406365,0.018234336540906664,-0.012225599043908684
sequential_gpt-4.1-mini_n5_culture_us_lang_hindi_1,equal_weight_demographic_similarity,0,True,offline_synthetic_control,0.1893877551020408,0.55870282280499,1.0,0.4900855199222555,1,0.433273260998811,4,7,2.6040816326530614,0.7149878497236618,0.7168360889332945,0.44211624765704466,0.6583214183585931,0.3476816778658772
sequential_gpt-4.1-mini_n5_culture_us_lang_hindi_1,degree_preserving_rewire,0,True,offline_synthetic_control,0.1893877551020408,0.2714348475741664,1.0,0.5554421768707464,1,0.21734728002378123,2,4,2.0538775510204084,-0.1744545072413925,0.13348259880825877,-0.10550272054652936,0.026858302335138945,0.03605883116527817
sequential_gpt-4.1-mini_n5_culture_us_lang_japanese_0,uniform_edge_count,0,True,offline_synthetic_control,0.15346938775510205,0.15813419913419913,1.0,0.531156462585032,1,0.27801041195110915,3,4,2.1216326530612246,-0.044590184875510974,-0.040686225244973895,0.01285005317263382,0.019643982768487167,0.059926473327937255
sequential_gpt-4.1-mini_n5_culture_us_lang_japanese_0,equal_weight_demographic_similarity,0,True,offline_synthetic_control,0.15346938775510205,0.4953404373404372,1.0,0.45537803692905954,1,0.46055907650520594,4,7,2.796734693877551,0.7119596090184325,0.6955323429299741,0.5317903710659794,0.6660631414423123,0.47930450339295855
sequential_gpt-4.1-mini_n5_culture_us_lang_japanese_0,degree_preserving_rewire,0,True,offline_synthetic_control,0.15346938775510205,0.241825533943181,1.0,0.5264625850340127,1,0.23665968764146672,2,4,2.156734693877551,-0.04440617642864832,0.09587347157206262,0.008572998447648486,-0.09426565497994072,-0.11570993473463177
sequential_gpt-4.1-mini_n5_culture_us_lang_japanese_1,uniform_edge_count,0,True,offline_synthetic_control,0.1926530612244898,0.20259085359085358,1.0,0.5746938775510191,1,0.23964916690606144,2,3,1.937142857142857,0.05428561756362577,-0.07727961942656063,-0.04448999745449558,-0.06139538193480101,-0.05306840726275854
sequential_gpt-4.1-mini_n5_culture_us_lang_japanese_1,equal_weight_demographic_similarity,0,True,offline_synthetic_control,0.1926530612244898,0.5691029227050898,1.0,0.4928746355685138,1,0.4344746480896294,4,7,2.590204081632653,0.7198268756294581,0.7034283278528803,0.44452500422899455,0.6560708898944193,0.32678867427815433
sequential_gpt-4.1-mini_n5_culture_us_lang_japanese_1,degree_preserving_rewire,0,True,offline_synthetic_control,0.1926530612244898,0.28343577990636803,1.0,0.5683673469387744,1,0.22186512496409075,2,4,1.9755102040816326,0.047409188034188005,0.11263273870768292,-0.0523725984319982,-0.09929174062377535,-0.07333316109104175
sequential_gpt-4.1-mini_n5_culture_us_lang_spanish_0,uniform_edge_count,0,True,offline_synthetic_control,0.16081632653061226,0.15611832611832607,1.0,0.5396598639455752,1,0.25549485943982064,3,4,2.0848979591836736,0.033612494191722464,-0.05547227827468525,-0.004350772479690859,-0.01707286113226706,0.05626186145167717
sequential_gpt-4.1-mini_n5_culture_us_lang_spanish_0,equal_weight_demographic_similarity,0,True,offline_synthetic_control,0.16081632653061226,0.5131438300261828,1.0,0.4627249757045703,1,0.45758715761807833,4,7,2.755918367346939,0.7149332149332148,0.6835538536043928,0.5126977453261574,0.6714824391294979,0.46673619884209533
sequential_gpt-4.1-mini_n5_culture_us_lang_spanish_0,degree_preserving_rewire,0,True,offline_synthetic_control,0.16081632653061226,0.24022815419874244,1.0,0.5247210884353732,1,0.2327166378932722,3,5,2.196734693877551,0.0021724163596442414,0.11889376197012295,-0.03132481759286775,-0.11014577638943121,-0.04931678262703001
sequential_gpt-4.1-mini_n5_culture_us_lang_spanish_1,uniform_edge_count,0,True,offline_synthetic_control,0.19591836734693877,0.20433033633033632,1.0,0.5775510204081622,1,0.2371875,2,3,1.926530612244898,0.07348603570267127,-0.0028477246502909,0.005892934287657085,0.031256901845954366,-0.04075163480513892
sequential_gpt-4.1-mini_n5_culture_us_lang_spanish_1,equal_weight_demographic_similarity,0,True,offline_synthetic_control,0.19591836734693877,0.572587789231752,1.0,0.49511953352769744,1,0.43513888888888885,4,7,2.5820408163265305,0.7161841569736307,0.7060033578648852,0.4326039245379998,0.6613371907196254,0.30613049158762085
sequential_gpt-4.1-mini_n5_culture_us_lang_spanish_1,degree_preserving_rewire,0,True,offline_synthetic_control,0.19591836734693877,0.26421671122135515,1.0,0.5708843537414953,1,0.21316840277777777,2,4,1.9681632653061225,-0.07917085538719926,0.18359890391033024,-0.049468230086121466,-0.04845967704406898,0.010412939633139265
sequential_gpt-4.1-nano_n5_culture_brazil_0,uniform_edge_count,0,True,offline_synthetic_control,0.1689795918367347,0.16248629148629146,1.0,0.5501360544217658,1,0.24415972368083266,3,4,2.0375510204081633,-0.05579877973972966,0.007359330020905264,0.11451032634547581,0.08985713599115658,0.13365304938754083
sequential_gpt-4.1-nano_n5_culture_brazil_0,equal_weight_demographic_similarity,0,True,offline_synthetic_control,0.1689795918367347,0.5321099684629095,1.0,0.4699222546161343,1,0.4508273238581997,4,7,2.7216326530612247,0.7090969150341816,0.6961038548616776,0.4973718616338452,0.6567374745199014,0.4359240278248016
sequential_gpt-4.1-nano_n5_culture_brazil_0,degree_preserving_rewire,0,True,offline_synthetic_control,0.1689795918367347,0.4589726149532853,1.0,0.5426530612244892,1,0.21256038647342995,2,4,2.0848979591836736,-0.02063341473821817,0.11256581063536603,-0.06239705271053672,0.02200033643332608,-0.03942487464094907
sequential_gpt-4.1-nano_n5_culture_brazil_1,uniform_edge_count,0,True,offline_synthetic_control,0.21061224489795918,0.21658138919903616,1.0,0.59034013605442,1,0.2147782585181179,2,3,1.8791836734693879,0.04497695537759947,-0.03374855610613503,0.10710290206291198,-0.02653548002385217,-0.009527597785251541
sequential_gpt-4.1-nano_n5_culture_brazil_1,equal_weight_demographic_similarity,0,True,offline_synthetic_control,0.21061224489795918,0.5702821456149629,1.0,0.5060310981535475,1,0.41471365903491375,4,7,2.5395918367346937,0.6738302981974631,0.706070379717469,0.4456608142362117,0.6543485793485794,0.20390008105911078
sequential_gpt-4.1-nano_n5_culture_brazil_1,degree_preserving_rewire,0,True,offline_synthetic_control,0.21061224489795918,0.36319118510202103,1.0,0.5653741496598625,1,0.16406766420287244,3,4,2.0375510204081633,-0.01424755021727811,0.09865637527152572,-0.022456942592555915,-0.05161442918688246,-0.12344216059090476
sequential_gpt-4.1-nano_n5_culture_india_0,uniform_edge_count,0,True,offline_synthetic_control,0.17061224489795918,0.16536563436563437,1.0,0.551768707482991,1,0.25773219477576065,3,4,2.0310204081632652,0.030395043552938344,-0.06439488839013868,0.0049186938424049045,0.012771572834163048,0.014765860571735826
sequential_gpt-4.1-nano_n5_culture_india_0,equal_weight_demographic_similarity,0,True,offline_synthetic_control,0.17061224489795918,0.5291575875105285,1.0,0.47316034985422956,1,0.44448387170623394,4,7,2.690612244897959,0.7023984787142682,0.6976218814271427,0.4949187645582333,0.6601400978466876,0.42775873902698214
sequential_gpt-4.1-nano_n5_culture_india_0,degree_preserving_rewire,0,True,offline_synthetic_control,0.17061224489795918,0.3952936579535987,1.0,0.5350884353741496,1,0.1958174034477233,3,5,2.1485714285714286,-0.02893540746431092,-0.044781310688483386,-0.054036401573773735,-0.10205905205905205,-0.02638477278994419
sequential_gpt-4.1-nano_n5_culture_india_1,uniform_edge_count,0,True,offline_synthetic_control,0.21061224489795918,0.21658138919903627,1.0,0.590340136054421,1,0.2217790397211706,2,3,1.8791836734693879,-0.05616855821773855,0.08745744113808998,0.024032691314564373,-0.05603855793329479,-0.060667576812395194
sequential_gpt-4.1-nano_n5_culture_india_1,equal_weight_demographic_similarity,0,True,offline_synthetic_control,0.21061224489795918,0.5702821456149629,1.0,0.5060310981535475,1,0.41471365903491375,4,7,2.5395918367346937,0.6738302981974631,0.706070379717469,0.4456608142362117,0.6543485793485794,0.20390008105911078
sequential_gpt-4.1-nano_n5_culture_india_1,degree_preserving_rewire,0,True,offline_synthetic_control,0.21061224489795918,0.4938217871291559,1.0,0.5748979591836726,1,0.18734601285980412,2,4,1.973877551020408,0.02271468459536355,0.07137636404128615,0.0007722461882764195,-0.07170044877976411,-0.04567274028455772
sequential_gpt-4.1-nano_n5_culture_japan_0,uniform_edge_count,0,True,offline_synthetic_control,0.16816326530612244,0.1619148629148629,1.0,0.5491836734693865,1,0.25652747667075126,3,4,2.0416326530612245,-0.023105473529651678,-0.08101040653569677,-0.09155799292421687,-0.10084621407491368,0.07423315495660823
sequential_gpt-4.1-nano_n5_culture_japan_0,equal_weight_demographic_similarity,0,True,offline_synthetic_control,0.16816326530612244,0.5308057563351679,1.0,0.4695140913508282,1,0.45467291921953057,4,7,2.7224489795918365,0.7174280120727629,0.6953314077155341,0.4960199686278755,0.6553986800822245,0.44044200498616437
sequential_gpt-4.1-nano_n5_culture_japan_0,degree_preserving_rewire,0,True,offline_synthetic_control,0.16816326530612244,0.48357399172321763,1.0,0.5472108843537404,1,0.17245970402488453,2,4,2.0538775510204084,-0.0011764140977624238,0.031920070525897674,-0.006845484264839129,-0.09970281953040576,-0.09721396371506395
sequential_gpt-4.1-nano_n5_culture_japan_1,uniform_edge_count,0,True,offline_synthetic_control,0.2089795918367347,0.21315362415362413,1.0,0.58938775510204,1,0.2243804931640625,2,3,1.8816326530612244,-0.010235064582890682,-0.014960150549186976,-0.10649787222806234,-0.08097159813878363,0.03367696431454211
sequential_gpt-4.1-nano_n5_culture_japan_1,equal_weight_demographic_similarity,0,True,offline_synthetic_control,0.2089795918367347,0.5736973578537047,1.0,0.5052147716229356,1,0.4253387451171875,4,7,2.541224489795918,0.6712780485507759,0.7097283888608901,0.44742780797701937,0.6515593769853271,0.21558438749115022
sequential_gpt-4.1-nano_n5_culture_japan_1,degree_preserving_rewire,0,True,offline_synthetic_control,0.2089795918367347,0.4588889352193701,1.0,0.5609523809523793,1,0.16121673583984375,3,6,2.086530612244898,-0.010678879468142721,0.07892158528119425,-0.07683190538822483,-0.04145656760719529,-0.006563275175804388
sequential_gpt-4.1-nano_n5_culture_us_0,uniform_edge_count,0,True,offline_synthetic_control,0.17061224489795918,0.16536563436563437,1.0,0.5517687074829912,1,0.25859069160504566,3,4,2.0310204081632652,0.010658527916410171,-0.08134850382840884,-0.03594681523133916,0.05953320184089415,-0.049762016624236405
sequential_gpt-4.1-nano_n5_culture_us_0,equal_weight_demographic_similarity,0,True,offline_synthetic_control,0.17061224489795918,0.5291575875105285,1.0,0.47316034985422956,1,0.44448387170623394,4,7,2.690612244897959,0.7023984787142682,0.6976218814271427,0.4949187645582333,0.6601400978466876,0.42775873902698214
sequential_gpt-4.1-nano_n5_culture_us_0,degree_preserving_rewire,0,True,offline_synthetic_control,0.17061224489795918,0.45738846962403296,1.0,0.5328163265306122,1,0.20281129095029876,3,5,2.1583673469387756,-0.037854251012145776,0.010505448556234073,-0.003953844005517779,-0.13399155577693966,-0.0010700680543808542
sequential_gpt-4.1-nano_n5_culture_us_1,uniform_edge_count,0,True,offline_synthetic_control,0.2057142857142857,0.21073803973803976,1.0,0.5862585034013601,1,0.235158415217939,2,3,1.8938775510204082,0.03264890294317554,0.0349035406820011,-0.035778689679950536,-0.06525835275835276,-0.004372444815128828
sequential_gpt-4.1-nano_n5_culture_us_1,equal_weight_demographic_similarity,0,True,offline_synthetic_control,0.2057142857142857,0.5728185699749168,1.0,0.5023440233236164,1,0.43695672713529854,4,7,2.5551020408163265,0.689861565448253,0.7155831897976582,0.43881531828859993,0.6458406670137253,0.23881630600206552
sequential_gpt-4.1-nano_n5_culture_us_1,degree_preserving_rewire,0,True,offline_synthetic_control,0.2057142857142857,0.4850978327456184,1.0,0.5669387755102037,1,0.15696649029982357,2,4,2.0146938775510206,0.0005016722408027474,0.057177798655694195,-0.0215169176909612,-0.013125840798831764,-0.04033554272253483
sequential_gpt-4.1-nano_n5_culture_us_lang_english_0,uniform_edge_count,0,True,offline_synthetic_control,0.17061224489795918,0.16536563436563434,1.0,0.551768707482991,1,0.25736590279526567,3,4,2.0310204081632652,-0.01772747901066478,-0.05177629519618859,-0.028579154539433237,-0.09319798605512886,0.10190713055040342
sequential_gpt-4.1-nano_n5_culture_us_lang_english_0,equal_weight_demographic_similarity,0,True,offline_synthetic_control,0.17061224489795918,0.5291575875105285,1.0,0.47316034985422956,1,0.44448387170623394,4,7,2.690612244897959,0.7023984787142682,0.6976218814271427,0.4949187645582333,0.6601400978466876,0.42775873902698214
sequential_gpt-4.1-nano_n5_culture_us_lang_english_0,degree_preserving_rewire,0,True,offline_synthetic_control,0.17061224489795918,0.37686179661824043,1.0,0.5424489795918354,1,0.20233053272589918,2,4,2.0930612244897957,-0.10400564347932767,0.07456653054125309,-0.057413635845058486,-0.04482581089585802,-0.05398982629126906
sequential_gpt-4.1-nano_n5_culture_us_lang_japanese_0,uniform_edge_count,0,True,offline_synthetic_control,0.17795918367346938,0.17919336219336224,1.0,0.5605442176870727,1,0.25150450298796395,2,3,1.9926530612244897,0.008113231797442319,-0.11433515303302427,-0.03941616195116339,-0.05704452077533618,-0.015399100153587482
sequential_gpt-4.1-nano_n5_culture_us_lang_japanese_0,equal_weight_demographic_similarity,0,True,offline_synthetic_control,0.17795918367346938,0.5491357139592433,1.0,0.48133722060252854,1,0.45162444238700444,4,7,2.6408163265306124,0.7059483289571784,0.7118708088144822,0.46918754267429463,0.6653399503722084,0.4016718478094206
sequential_gpt-4.1-nano_n5_culture_us_lang_japanese_0,degree_preserving_rewire,0,True,offline_synthetic_control,0.17795918367346938,0.41529983362336303,1.0,0.5590476190476181,1,0.20438094436495247,2,4,2.003265306122449,0.13620280978580585,-0.037763917395861754,-0.09102656127366703,-0.015403621535697049,-0.07253949126029599
sequential_gpt-4.1-nano_n5_culture_us_lang_spanish_1,uniform_edge_count,0,True,offline_synthetic_control,0.20489795918367346,0.21152802752802752,1.0,0.5857142857142847,1,0.22011555372136946,2,3,1.8955102040816327,0.03208933840154367,0.004331591986691995,0.03562639709104802,-0.0383329099991533,-0.09724172099255358
sequential_gpt-4.1-nano_n5_culture_us_lang_spanish_1,equal_weight_demographic_similarity,0,True,offline_synthetic_control,0.20489795918367346,0.5716913050829459,1.0,0.5019358600583101,1,0.4365248170663958,4,7,2.555918367346939,0.6886673035586339,0.7150082229688215,0.44300073375891835,0.6446992238464201,0.24515890579551636
sequential_gpt-4.1-nano_n5_culture_us_lang_spanish_1,degree_preserving_rewire,0,True,offline_synthetic_control,0.20489795918367346,0.44156476321966176,1.0,0.5751020408163268,1,0.1951556324502786,2,3,1.9591836734693877,-0.13295096716149346,0.013487081886163599,-0.10781838657553965,-0.05877510649916705,-0.10234208672069463
sequential_gpt-4.1_n5_culture_brazil_0,uniform_edge_count,0,True,offline_synthetic_control,0.15428571428571428,0.15892640692640694,1.0,0.5325850340136032,1,0.26222670138014054,3,4,2.1142857142857143,0.02185001378549768,-0.05249792992881537,-0.011136656482278622,-0.1036207540126913,-0.12812056180452866
sequential_gpt-4.1_n5_culture_brazil_0,equal_weight_demographic_similarity,0,True,offline_synthetic_control,0.15428571428571428,0.5006737706737706,1.0,0.4561943634596719,1,0.43547213123932693,4,7,2.79265306122449,0.7133699633699632,0.6980026986611994,0.5258049819436434,0.6675027870680044,0.48068602609427435
sequential_gpt-4.1_n5_culture_brazil_0,degree_preserving_rewire,0,True,offline_synthetic_control,0.15428571428571428,0.19579878343191037,1.0,0.5312925170068006,1,0.22062652221382376,3,4,2.125714285714286,0.11352036070345933,0.055618913250060964,0.022818635198409223,-0.09263867740923484,-0.017155177640462663
sequential_gpt-4.1_n5_culture_brazil_1,uniform_edge_count,0,True,offline_synthetic_control,0.18857142857142858,0.19512032412032407,1.0,0.5708843537414955,1,0.2530780907404284,2,3,1.9518367346938776,-0.10472041307281581,0.023752590280963687,-0.04118109450985225,0.06334841628959274,0.009272747351407162
sequential_gpt-4.1_n5_culture_brazil_1,equal_weight_demographic_similarity,0,True,offline_synthetic_control,0.18857142857142858,0.5587663148684819,1.0,0.4894052478134121,1,0.4322164127358932,4,7,2.606530612244898,0.7137058793740821,0.7148519619491676,0.4463087852627559,0.6564083055646512,0.35314136147534836
sequential_gpt-4.1_n5_culture_brazil_1,degree_preserving_rewire,0,True,offline_synthetic_control,0.18857142857142858,0.2680209530452497,1.0,0.5688435374149654,1,0.217687074829932,2,3,1.9640816326530612,-0.1065323565323566,-0.004830037191350139,-0.014554567049398101,-0.08357330360928394,-0.03954760452223444
sequential_gpt-4.1_n5_culture_india_0,uniform_edge_count,0,True,offline_synthetic_control,0.15428571428571428,0.15892640692640694,1.0,0.5325850340136039,1,0.2811651409535007,3,4,2.1142857142857143,-0.021997724373340702,-0.11694863125046699,0.029752386203999087,-0.15548070534595337,-0.038655190079620885
sequential_gpt-4.1_n5_culture_india_0,equal_weight_demographic_similarity,0,True,offline_synthetic_control,0.15428571428571428,0.5006737706737706,1.0,0.4561943634596719,1,0.43547213123932693,4,7,2.79265306122449,0.7133699633699632,0.6980026986611994,0.5258049819436434,0.6675027870680044,0.48068602609427435
sequential_gpt-4.1_n5_culture_india_0,degree_preserving_rewire,0,True,offline_synthetic_control,0.15428571428571428,0.22127255424314252,1.0,0.5222448979591824,1,0.24719352761680802,3,6,2.24,-0.07134377967711297,0.0823825506841283,-0.06436170325288386,0.03395061728395056,-0.004205146108299772
sequential_gpt-4.1_n5_culture_india_1,uniform_edge_count,0,True,offline_synthetic_control,0.18775510204081633,0.1934497724497724,1.0,0.5704761904761909,1,0.25040642722117207,2,3,1.95265306122449,-0.16768146635403272,-0.08656823933586826,0.03124528429476847,0.01518807880934131,0.07393374293884591
sequential_gpt-4.1_n5_culture_india_1,equal_weight_demographic_similarity,0,True,offline_synthetic_control,0.18775510204081633,0.557807426491637,1.0,0.4888610301263375,1,0.435226843100189,4,7,2.6081632653061226,0.7211713605156228,0.7142233426257906,0.4448651403993923,0.6552318022161417,0.35834923029621696
sequential_gpt-4.1_n5_culture_india_1,degree_preserving_rewire,0,True,offline_synthetic_control,0.18775510204081633,0.26944316269124446,1.0,0.5682312925170058,1,0.22539697542533083,2,4,1.966530612244898,0.08112607144170991,-0.009971971475898986,0.03419274351953172,0.03428093645484954,-0.02424392806796881
sequential_gpt-4.1_n5_culture_japan_0,uniform_edge_count,0,True,offline_synthetic_control,0.15428571428571428,0.15892640692640694,1.0,0.5325850340136037,1,0.27028918563310095,3,4,2.1142857142857143,0.0139460105781349,-0.0514952654049665,0.0059776090921808,-0.0814541918755402,-0.023718259432162832
sequential_gpt-4.1_n5_culture_japan_0,equal_weight_demographic_similarity,0,True,offline_synthetic_control,0.15428571428571428,0.5006737706737706,1.0,0.4561943634596719,1,0.43547213123932693,4,7,2.79265306122449,0.7133699633699632,0.6980026986611994,0.5258049819436434,0.6675027870680044,0.48068602609427435
sequential_gpt-4.1_n5_culture_japan_0,degree_preserving_rewire,0,True,offline_synthetic_control,0.15428571428571428,0.2219811789517672,1.0,0.5202993197278888,1,0.24688558550992412,3,5,2.2057142857142855,-0.0360063254429452,0.07697865679318296,-0.06317350524910048,0.05518247184913845,0.03311705570100932
sequential_gpt-4.1_n5_culture_japan_1,uniform_edge_count,0,True,offline_synthetic_control,0.18693877551020407,0.1924988344988345,1.0,0.5692517006802711,1,0.24981407677199138,2,3,1.9583673469387755,0.05177104448949106,-0.07147786757980708,0.01369113566486363,0.04648485364734856,0.056604209156522145
sequential_gpt-4.1_n5_culture_japan_1,equal_weight_demographic_similarity,0,True,offline_synthetic_control,0.18693877551020407,0.5558045200413622,1.0,0.48845286686103145,1,0.43486012852539047,4,7,2.608979591836735,0.7199971745426291,0.7135881409011218,0.44861566351002435,0.6540375403265226,0.36370706617648285
sequential_gpt-4.1_n5_culture_japan_1,degree_preserving_rewire,0,True,offline_synthetic_control,0.18693877551020407,0.28751836725366137,1.0,0.5682993197278899,1,0.22799908468564675,2,3,1.9640816326530612,0.04408551798393345,0.09300781549163842,0.006367686161945732,-0.05426631030975129,-0.07639921315777828
sequential_gpt-4.1_n5_culture_us_0,uniform_edge_count,0,True,offline_synthetic_control,0.15591836734693879,0.1535454545454545,1.0,0.5344897959183645,1,0.2722650146651681,3,4,2.1061224489795918,0.045447257267987824,-0.0018200463541484663,-0.017206511574430865,-0.11260599024974438,-0.12085155991599465
sequential_gpt-4.1_n5_culture_us_0,equal_weight_demographic_similarity,0,True,offline_synthetic_control,0.15591836734693879,0.5024962814962813,1.0,0.45741885325559034,1,0.45688166442805844,4,7,2.7885714285714287,0.7057354925775977,0.6889333660712741,0.5315732420921762,0.6718115218115217,0.4761760764833806
sequential_gpt-4.1_n5_culture_us_0,degree_preserving_rewire,0,True,offline_synthetic_control,0.15591836734693879,0.2467640268228504,1.0,0.5261768707482964,1,0.2534607055727639,3,5,2.16734693877551,0.15390908362795916,0.15964221241199825,-0.07859165982734562,-0.06322237340336886,-0.0001910177461319572
sequential_gpt-4.1_n5_culture_us_1,uniform_edge_count,0,True,offline_synthetic_control,0.1853061224489796,0.19066511266511266,1.0,0.5670748299319724,1,0.24053445632556422,2,3,1.9681632653061225,-0.016416540852631025,-0.04162608019432093,-0.009547955550760621,0.02809553834144002,0.06389601076574884
sequential_gpt-4.1_n5_culture_us_1,equal_weight_demographic_similarity,0,True,offline_synthetic_control,0.1853061224489796,0.5508068656489707,1.0,0.48763654033041925,1,0.43405655068019944,4,7,2.6106122448979594,0.7175895999425412,0.7122975723176673,0.45679456005451696,0.6515941079546582,0.3707537920383312
sequential_gpt-4.1_n5_culture_us_1,degree_preserving_rewire,0,True,offline_synthetic_control,0.1853061224489796,0.2838070325525569,1.0,0.5673469387755087,1,0.2299967008868792,2,3,1.966530612244898,-0.15446194225721785,0.035834548712038575,-0.03709515744258965,-0.0723525163044633,-0.027545713897610218
sequential_gpt-4.1_n5_culture_us_lang_english_0,uniform_edge_count,0,True,offline_synthetic_control,0.15755102040816327,0.15367388167388163,1.0,0.5357142857142851,1,0.26301377218180355,3,4,2.1020408163265305,-0.0007439369141497287,0.00962167475685918,0.0018450949898826674,-0.007676645634760816,0.02794307009834185
sequential_gpt-4.1_n5_culture_us_lang_english_0,equal_weight_demographic_similarity,0,True,offline_synthetic_control,0.15755102040816327,0.5048268137091665,1.0,0.45918756073858386,1,0.45798544927380597,4,7,2.7787755102040816,0.709027227068464,0.6906226810377671,0.5198688408365828,0.6746126422597012,0.4728298878022129
sequential_gpt-4.1_n5_culture_us_lang_english_0,degree_preserving_rewire,0,True,offline_synthetic_control,0.15755102040816327,0.23844732391791212,1.0,0.5311564625850325,1,0.24188568820639478,3,4,2.1363265306122448,-0.13597366522140603,0.14638102408942866,-0.025842595102557153,0.08380291387810179,0.06952469540521992
sequential_gpt-4.1_n5_culture_us_lang_english_1,uniform_edge_count,0,True,offline_synthetic_control,0.1763265306122449,0.17292451992452,1.0,0.5585034013605434,1,0.25111454046639237,2,3,2.0016326530612245,-0.04550696512419001,0.059452186207285616,-0.03237168037012579,0.04411653152729747,-0.04231215046835243
sequential_gpt-4.1_n5_culture_us_lang_english_1,equal_weight_demographic_similarity,0,True,offline_synthetic_control,0.1763265306122449,0.5437841602841602,1.0,0.48024878522837894,1,0.44436942729766804,4,7,2.6440816326530614,0.7031845031845031,0.7104850826159043,0.4783230998926714,0.6621399287949078,0.4064833995210623
sequential_gpt-4.1_n5_culture_us_lang_english_1,degree_preserving_rewire,0,True,offline_synthetic_control,0.1763265306122449,0.23654385696713054,1.0,0.5491836734693873,1,0.2241726680384088,3,4,2.0677551020408163,-0.02002297422465489,0.04016487962084654,-0.06644362050382785,0.05939199689199692,-0.03772020283924088
sequential_gpt-4.1_n5_culture_us_lang_hindi_0,uniform_edge_count,0,True,offline_synthetic_control,0.15510204081632653,0.15740259740259738,1.0,0.5335374149659854,1,0.2641689750692521,3,4,2.110204081632653,0.029678613150512068,0.0021760345956198437,-0.056328695943144776,-0.139653232405892,-0.04215541616421718
sequential_gpt-4.1_n5_culture_us_lang_hindi_0,equal_weight_demographic_similarity,0,True,offline_synthetic_control,0.15510204081632653,0.5019594849594848,1.0,0.45673858114674676,1,0.4580470914127424,4,7,2.7910204081632655,0.7043184885290148,0.6988296108957417,0.5287315256954725,0.6696835883952448,0.47842686068598594
sequential_gpt-4.1_n5_culture_us_lang_hindi_0,degree_preserving_rewire,0,True,offline_synthetic_control,0.15510204081632653,0.22179846623964258,1.0,0.5263945578231274,1,0.25322714681440445,3,4,2.163265306122449,0.04392913133482883,-0.0003828527235016782,-0.11195062663194857,0.01643122193259343,-0.05859307051689226
sequential_gpt-4.1_n5_culture_us_lang_hindi_1,uniform_edge_count,0,True,offline_synthetic_control,0.1853061224489796,0.19066511266511266,1.0,0.5670748299319709,1,0.23491626074637584,2,3,1.9681632653061225,-0.01646334575849994,-0.0274615516795947,-0.006553742373814743,-0.03349344978165944,-0.10086435109711124
sequential_gpt-4.1_n5_culture_us_lang_hindi_1,equal_weight_demographic_similarity,0,True,offline_synthetic_control,0.1853061224489796,0.5508068656489707,1.0,0.48763654033041925,1,0.43405655068019944,4,7,2.6106122448979594,0.7175895999425412,0.7122975723176673,0.45679456005451696,0.6515941079546582,0.3707537920383312
sequential_gpt-4.1_n5_culture_us_lang_hindi_1,degree_preserving_rewire,0,True,offline_synthetic_control,0.1853061224489796,0.2735787925823597,1.0,0.5589931972789096,1,0.22831803450484192,3,5,2.0342857142857143,-0.05312582606397046,0.1430809477941374,0.0053678951591664675,0.03731049971925887,-0.03274129308172469
sequential_gpt-4.1_n5_culture_us_lang_japanese_0,uniform_edge_count,0,True,offline_synthetic_control,0.15183673469387754,0.1591803751803752,1.0,0.5280272108843543,1,0.2821858018268008,3,4,2.1395918367346938,0.08422026366188802,-0.011253386347526557,-0.016749159600380967,-0.12008185644233364,-0.0829357233931543
sequential_gpt-4.1_n5_culture_us_lang_japanese_0,equal_weight_demographic_similarity,0,True,offline_synthetic_control,0.15183673469387754,0.49549134199134187,1.0,0.4542896015549102,1,0.46538617181177017,4,7,2.8,0.7304292157233335,0.6938464053644022,0.527453167708876,0.6623607959643039,0.4850536702962274
sequential_gpt-4.1_n5_culture_us_lang_japanese_0,degree_preserving_rewire,0,True,offline_synthetic_control,0.15183673469387754,0.18498836457659987,1.0,0.5208843537414946,1,0.22489594172736735,3,4,2.19265306122449,0.008865562346827366,0.050684238372929284,-0.058768622038828655,-0.02636662062891576,-0.02445627224526876
sequential_gpt-4.1_n5_culture_us_lang_japanese_1,uniform_edge_count,0,True,offline_synthetic_control,0.18693877551020407,0.19249883449883448,1.0,0.5692517006802713,1,0.231822429015465,2,3,1.9583673469387755,-0.03251041887405527,0.014259749549059739,-0.0269983669487392,0.0463276649566126,0.08766460022162868
sequential_gpt-4.1_n5_culture_us_lang_japanese_1,equal_weight_demographic_similarity,0,True,offline_synthetic_control,0.18693877551020407,0.5558045200413622,1.0,0.48845286686103145,1,0.43486012852539047,4,7,2.608979591836735,0.7199971745426291,0.7135881409011218,0.44861566351002435,0.6540375403265226,0.36370706617648285
sequential_gpt-4.1_n5_culture_us_lang_japanese_1,degree_preserving_rewire,0,True,offline_synthetic_control,0.18693877551020407,0.2739364230540702,1.0,0.5644897959183662,1,0.23819149139032436,2,4,1.9877551020408164,0.025216979469556866,0.1349210454218356,-0.057139602636136724,-0.02263628152234945,-0.044389181386978095
sequential_gpt-4.1_n5_culture_us_lang_spanish_0,uniform_edge_count,0,True,offline_synthetic_control,0.15510204081632653,0.15740259740259743,1.0,0.5335374149659848,1,0.26759002770083107,3,4,2.110204081632653,-0.016505063563887125,-0.12049102615720574,-0.060875891999606996,-0.11817934170253676,-0.024446046909903534
sequential_gpt-4.1_n5_culture_us_lang_spanish_0,equal_weight_demographic_similarity,0,True,offline_synthetic_control,0.15510204081632653,0.5019594849594848,1.0,0.45673858114674676,1,0.4580470914127424,4,7,2.7910204081632655,0.7043184885290148,0.6988296108957417,0.5287315256954725,0.6696835883952448,0.47842686068598594
sequential_gpt-4.1_n5_culture_us_lang_spanish_0,degree_preserving_rewire,0,True,offline_synthetic_control,0.15510204081632653,0.2480529699059111,1.0,0.528979591836733,1,0.25562326869806096,3,4,2.146938775510204,-0.0876056463861342,0.05842960770686216,0.007941274607941272,0.06983087834151658,-0.22447207529909263
sequential_gpt-4.1_n5_culture_us_lang_spanish_1,uniform_edge_count,0,True,offline_synthetic_control,0.1893877551020408,0.19623310023310023,1.0,0.571700680272108,1,0.2547841111771701,2,3,1.9485714285714286,-0.03667741714128869,-0.07685096469864333,-0.06078797542789043,0.04124361762514879,-0.023694872228295517
sequential_gpt-4.1_n5_culture_us_lang_spanish_1,equal_weight_demographic_similarity,0,True,offline_synthetic_control,0.1893877551020408,0.55870282280499,1.0,0.4900855199222555,1,0.433273260998811,4,7,2.6040816326530614,0.7149878497236618,0.7168360889332945,0.44211624765704466,0.6583214183585931,0.3476816778658772
sequential_gpt-4.1_n5_culture_us_lang_spanish_1,degree_preserving_rewire,0,True,offline_synthetic_control,0.1893877551020408,0.27008872173578063,1.0,0.5688435374149649,1,0.2243701694411415,2,3,1.9657142857142857,0.043929110105580614,-0.001902392006949468,0.03249323505460623,-0.02772075143855135,-0.07086531789482944
