seed,duration,num_tries,num_input_toks,num_output_toks
0,4.470705270767212,1,528,130
1,7.1389007568359375,1,528,326
