seed,duration,num_tries,num_input_toks,num_output_toks
0,5.555311918258667,1,528,192
1,4.615333318710327,1,528,174
