seed,duration,num_tries,num_input_toks,num_output_toks
0,6.291395664215088,2,528,54
1,2.2443790435791016,1,528,47
