seed,duration,num_tries,num_input_toks,num_output_toks
0,42.04829406738281,50,37338,224
1,36.06399750709534,50,37338,276
