seed,duration,num_tries,num_input_toks,num_output_toks
0,68.92343807220459,75,28000,157
1,53.44961357116699,67,28000,214
