seed,duration,num_tries,num_input_toks,num_output_toks
0,38.78231883049011,50,30438,224
1,41.89875841140747,50,30438,276
