seed,duration,num_tries,num_input_toks,num_output_toks
0,210.78838276863098,338,203515,472
1,212.61885023117065,348,205912,483
