seed,duration,num_tries,num_input_toks,num_output_toks
0,200.06675791740417,330,201697,458
1,224.81437993049622,344,205276,469
