seed,duration,num_tries,num_input_toks,num_output_toks
0,60.01948618888855,68,26750,199
1,44.805915117263794,60,26750,175
