seed,duration,num_tries,num_input_toks,num_output_toks
0,35.18893909454346,50,26750,224
1,37.41930937767029,50,26750,276
