seed,duration,num_tries,num_input_toks,num_output_toks
0,38.39496731758118,50,26750,169
1,41.687761068344116,50,26750,176
