seed,duration,num_tries,num_input_toks,num_output_toks
0,36.21036219596863,50,28000,224
1,36.16468596458435,50,28000,276
