seed,duration,num_tries,num_input_toks,num_output_toks
0,3.414414405822754,1,543,45
1,1.7937002182006836,1,543,40
