seed,duration,num_tries,num_input_toks,num_output_toks
0,190.8433220386505,346,134438,425
1,207.8096890449524,340,134614,535
