seed,duration,num_tries,num_input_toks,num_output_toks
0,227.81127166748047,335,202838,509
1,244.6492736339569,347,205638,581
