seed,duration,num_tries,num_input_toks,num_output_toks
0,4.308938980102539,1,412,168
1,3.9719109535217285,1,412,244
