seed,duration,num_tries,num_input_toks,num_output_toks
0,40.929699420928955,50,23300,224
1,41.92472720146179,50,23300,276
