seed,duration,num_tries,num_input_toks,num_output_toks
0,217.8311803340912,338,203508,457
1,218.2532753944397,345,205434,501
