seed,duration,num_tries,num_input_toks,num_output_toks
0,193.902184009552,332,133764,381
1,204.31241750717163,345,135278,400
