seed,duration,num_tries,num_input_toks,num_output_toks
0,37.17759442329407,50,26750,174
1,37.57311463356018,50,26750,196
