seed,duration,num_tries,num_input_toks,num_output_toks
0,211.00800037384033,327,201015,501
1,226.19604897499084,348,205857,582
