seed,duration,num_tries,num_input_toks,num_output_toks
0,57.031490087509155,66,26750,186
1,41.76618194580078,59,26750,127
