seed,duration,num_tries,num_input_toks,num_output_toks
0,210.47756505012512,334,202643,470
1,227.88921284675598,342,204788,481
