seed,duration,num_tries,num_input_toks,num_output_toks
0,59.33145070075989,69,26750,186
1,45.86997175216675,61,26750,187
