seed,duration,num_tries,num_input_toks,num_output_toks
0,209.05856847763062,356,203206,459
1,188.9885470867157,348,203894,445
