seed,duration,num_tries,num_input_toks,num_output_toks
0,37.362207889556885,50,23300,125
1,33.92713236808777,50,23300,123
