seed,duration,num_tries,num_input_toks,num_output_toks
0,93.05219006538391,86,37338,145
1,53.960206747055054,63,37338,232
