seed,duration,num_tries,num_input_toks,num_output_toks
0,5.542648792266846,1,528,90
1,3.374185800552368,1,528,59
