seed,duration,num_tries,num_input_toks,num_output_toks
0,34.52731943130493,53,23300,101
1,32.45774030685425,50,23300,215
