seed,duration,num_tries,num_input_toks,num_output_toks
0,35.3305926322937,50,33988,160
1,35.272987365722656,50,33988,203
