seed,duration,num_tries,num_input_toks,num_output_toks
0,5.0236382484436035,1,528,99
1,3.294200897216797,1,528,69
