seed,duration,num_tries,num_input_toks,num_output_toks
0,54.95210266113281,67,33988,168
1,64.06493186950684,63,33988,125
