seed,duration,num_tries,num_input_toks,num_output_toks
0,32.68337798118591,50,30438,147
1,31.739331245422363,52,30438,104
