seed,duration,num_tries,num_input_toks,num_output_toks
0,2.906198740005493,1,412,27
1,4.5595622062683105,2,412,96
