seed,duration,num_tries,num_input_toks,num_output_toks
0,36.46017146110535,50,26750,224
1,42.23893737792969,50,26750,276
