seed,duration,num_tries,num_input_toks,num_output_toks
0,41.26287579536438,50,26750,224
1,40.53606104850769,50,26750,276
