seed,duration,num_tries,num_input_toks,num_output_toks
0,3.6823534965515137,1,543,50
1,2.671215295791626,1,543,59
