seed,duration,num_tries,num_input_toks,num_output_toks
0,195.6617271900177,331,209294,340
1,207.54068899154663,344,212696,361
