seed,duration,num_tries,num_input_toks,num_output_toks
0,7.86675763130188,1,553,280
1,4.359493970870972,2,553,47
