seed,duration,num_tries,num_input_toks,num_output_toks
0,3.6462576389312744,1,528,79
1,2.819638252258301,1,528,94
