seed,duration,num_tries,num_input_toks,num_output_toks
0,15.933965921401978,1,553,329
1,5.134709119796753,1,553,282
