seed,duration,num_tries,num_input_toks,num_output_toks
0,43.60564303398132,50,26750,224
1,43.07860350608826,50,26750,276
