seed,duration,num_tries,num_input_toks,num_output_toks
0,36.93601441383362,52,30438,136
1,42.35340976715088,57,30438,84
