seed,duration,num_tries,num_input_toks,num_output_toks
0,40.600327014923096,50,30438,195
1,45.06444978713989,50,30438,261
