seed,duration,num_tries,num_input_toks,num_output_toks
0,213.29469299316406,370,213994,405
1,204.60326385498047,356,214613,449
