seed,duration,num_tries,num_input_toks,num_output_toks
0,209.97376561164856,357,203395,470
1,198.96334099769592,353,204638,452
