seed,duration,num_tries,num_input_toks,num_output_toks
0,4.242403268814087,1,543,66
1,4.253690958023071,1,543,108
