seed,duration,num_tries,num_input_toks,num_output_toks
0,36.08595943450928,50,26750,203
1,37.162877798080444,50,26750,159
