seed,duration,num_tries,num_input_toks,num_output_toks
0,32.65013384819031,52,30438,114
1,40.6108820438385,57,30438,96
