seed,duration,num_tries,num_input_toks,num_output_toks
0,36.65371251106262,50,33988,224
1,41.63961863517761,50,33988,276
