seed,duration,num_tries,num_input_toks,num_output_toks
0,34.32813787460327,50,20950,94
1,33.40535640716553,50,20950,112
