seed,duration,num_tries,num_input_toks,num_output_toks
0,222.96473097801208,327,133330,501
1,226.6503963470459,342,134902,577
