seed,duration,num_tries,num_input_toks,num_output_toks
0,14.45641541481018,1,528,406
1,6.203179597854614,1,528,364
