seed,duration,num_tries,num_input_toks,num_output_toks
0,251.63681411743164,343,213715,517
1,224.312073469162,345,213961,578
