seed,duration,num_tries,num_input_toks,num_output_toks
0,8.423705101013184,1,553,189
1,3.042238235473633,1,553,67
