seed,duration,num_tries,num_input_toks,num_output_toks
0,37.14387321472168,50,20950,224
1,38.453686475753784,50,20950,276
