seed,duration,num_tries,num_input_toks,num_output_toks
0,4.025144815444946,1,412,44
1,6.958368301391602,1,412,137
