seed,duration,num_tries,num_input_toks,num_output_toks
0,3.599414348602295,1,528,130
1,2.064988851547241,1,528,45
