seed,duration,num_tries,num_input_toks,num_output_toks
0,213.98428583145142,333,202368,507
1,232.69114685058594,348,205810,582
