seed,duration,num_tries,num_input_toks,num_output_toks
0,70.27946496009827,73,35238,156
1,60.1653847694397,67,35238,190
