seed,duration,num_tries,num_input_toks,num_output_toks
0,230.2775776386261,336,211904,452
1,221.7222661972046,342,213495,422
