seed,duration,num_tries,num_input_toks,num_output_toks
0,35.20020079612732,53,30438,150
1,49.4766149520874,57,30438,116
