seed,duration,num_tries,num_input_toks,num_output_toks
0,197.32307982444763,358,203919,486
1,190.4719111919403,347,203325,447
