seed,duration,num_tries,num_input_toks,num_output_toks
0,41.63510274887085,50,30438,224
1,40.34351181983948,50,30438,276
