seed,duration,num_tries,num_input_toks,num_output_toks
0,4.199423313140869,1,528,176
1,2.3533074855804443,1,528,96
